{"type":"FeatureCollection","features":[{"type":"Feature","properties":{"layerId":"ecology","kind":"ecology","id":"ecology-niger-delta","name":"Niger Delta","featureKind":"point","landformType":"delta","sizeTier":"major","type":"Coastal sedimentary lowland","summary":"Africa's largest wetland delta where the Niger meets the Atlantic; Nigeria's petroleum heartland.","description":"The delta covers ~70,000 km² of mangrove, freshwater swamp, and barrier islands. It holds the bulk of Nigeria's oil and gas, a dense creek network, and highly politicised environmental and federal-revenue issues.","elevationNote":"Mostly near sea level; tidal mangrove","statesCrossed":"[\"Delta\",\"Bayelsa\",\"Rivers\",\"Akwa Ibom\",\"Cross River\",\"Edo\",\"Ondo\",\"Abia\",\"Imo\"]","character":"Mangrove, oilfields, riverine settlements, barrier islands.","economy":"Oil and gas, fisheries, boat transport, refining.","agriculture":"Hydromorphic gleysols, peat, and alluvial deposits on a landscape of seasonally flooded flats, backswamps, and levees. Oil-palm agroforest dominates the better-drained levee ridges; fisheries are economically vital.","crops":"[\"Oil palm (Elaeis guineensis) — the delta is the heart of Nigeria's smallholder oil-palm belt; red palm oil and kernel extraction\",\"Rubber (Hevea brasiliensis) — plantation and smallholder rubber on drier ridges (Edo, Delta)\",\"Plantain and banana (Musa spp.) — staple carbohydrate on levee soils\",\"Cassava — garri, lafun, and fufu processing across the delta hinterland\",\"Yam — white and yellow yam in the drier northern delta fringe\",\"Rice — both lowland swamp rice and fadama irrigation (Rivers, Delta State paddies)\",\"Cocoyam (Colocasia & Xanthosoma) — shade-tolerant tuber under palm canopy\",\"Fluted pumpkin (Telfairia occidentalis) — ugu leaf vegetable widely intercropped\",\"Vegetables: amaranth, okra, peppers, garden egg — backyard and creek bank gardens\",\"Coconut palm — barrier beaches and island fringes of the delta mouth\",\"Mangrove (Rhizophora, Avicennia) — fuelwood, poles, and fisheries habitat\",\"Fish, shrimp, and crab artisanal fisheries — the delta is Nigeria's richest inland/coastal fishery\"]","planting":"[\"Plant cassava and yam on levee ridges (higher drained ground) away from deep backswamps\",\"Oil palms are usually retained on family farms — propagate by seedling and suckers at 9×9 m spacing\",\"Use mounds and raised beds for vegetables in perennially waterlogged backswamp soils\",\"Construct small fish ponds (earthen ponds) in abandoned rice fields for tilapia and catfish\",\"Avoid draining mangrove wetlands — nursery habitat for fish stocks and shoreline protection\"]","highlights":"[\"World-class petroleum province\",\"Largest African delta\",\"Mangrove biodiversity\"]","wikiUrl":"https://en.wikipedia.org/wiki/Niger_Delta","domain":"ecology","isLabelAnchor":false},"geometry":{"type":"Point","coordinates":[5.510721677801318,4.34817979973276]}},{"type":"Feature","properties":{"layerId":"ecology","kind":"ecology","id":"ecology-niger-delta","name":"Niger Delta","featureKind":"point","landformType":"delta","sizeTier":"major","type":"Coastal sedimentary lowland","summary":"Africa's largest wetland delta where the Niger meets the Atlantic; Nigeria's petroleum heartland.","description":"The delta covers ~70,000 km² of mangrove, freshwater swamp, and barrier islands. It holds the bulk of Nigeria's oil and gas, a dense creek network, and highly politicised environmental and federal-revenue issues.","elevationNote":"Mostly near sea level; tidal mangrove","statesCrossed":"[\"Delta\",\"Bayelsa\",\"Rivers\",\"Akwa Ibom\",\"Cross River\",\"Edo\",\"Ondo\",\"Abia\",\"Imo\"]","character":"Mangrove, oilfields, riverine settlements, barrier islands.","economy":"Oil and gas, fisheries, boat transport, refining.","agriculture":"Hydromorphic gleysols, peat, and alluvial deposits on a landscape of seasonally flooded flats, backswamps, and levees. Oil-palm agroforest dominates the better-drained levee ridges; fisheries are economically vital.","crops":"[\"Oil palm (Elaeis guineensis) — the delta is the heart of Nigeria's smallholder oil-palm belt; red palm oil and kernel extraction\",\"Rubber (Hevea brasiliensis) — plantation and smallholder rubber on drier ridges (Edo, Delta)\",\"Plantain and banana (Musa spp.) — staple carbohydrate on levee soils\",\"Cassava — garri, lafun, and fufu processing across the delta hinterland\",\"Yam — white and yellow yam in the drier northern delta fringe\",\"Rice — both lowland swamp rice and fadama irrigation (Rivers, Delta State paddies)\",\"Cocoyam (Colocasia & Xanthosoma) — shade-tolerant tuber under palm canopy\",\"Fluted pumpkin (Telfairia occidentalis) — ugu leaf vegetable widely intercropped\",\"Vegetables: amaranth, okra, peppers, garden egg — backyard and creek bank gardens\",\"Coconut palm — barrier beaches and island fringes of the delta mouth\",\"Mangrove (Rhizophora, Avicennia) — fuelwood, poles, and fisheries habitat\",\"Fish, shrimp, and crab artisanal fisheries — the delta is Nigeria's richest inland/coastal fishery\"]","planting":"[\"Plant cassava and yam on levee ridges (higher drained ground) away from deep backswamps\",\"Oil palms are usually retained on family farms — propagate by seedling and suckers at 9×9 m spacing\",\"Use mounds and raised beds for vegetables in perennially waterlogged backswamp soils\",\"Construct small fish ponds (earthen ponds) in abandoned rice fields for tilapia and catfish\",\"Avoid draining mangrove wetlands — nursery habitat for fish stocks and shoreline protection\"]","highlights":"[\"World-class petroleum province\",\"Largest African delta\",\"Mangrove biodiversity\"]","wikiUrl":"https://en.wikipedia.org/wiki/Niger_Delta","domain":"ecology","isLabelAnchor":false},"geometry":{"type":"Point","coordinates":[6.8925699389512864,4.390053332815654]}},{"type":"Feature","properties":{"layerId":"ecology","kind":"ecology","id":"ecology-niger-delta","name":"Niger Delta","featureKind":"point","landformType":"delta","sizeTier":"major","type":"Coastal sedimentary lowland","summary":"Africa's largest wetland delta where the Niger meets the Atlantic; Nigeria's petroleum heartland.","description":"The delta covers ~70,000 km² of mangrove, freshwater swamp, and barrier islands. It holds the bulk of Nigeria's oil and gas, a dense creek network, and highly politicised environmental and federal-revenue issues.","elevationNote":"Mostly near sea level; tidal mangrove","statesCrossed":"[\"Delta\",\"Bayelsa\",\"Rivers\",\"Akwa Ibom\",\"Cross River\",\"Edo\",\"Ondo\",\"Abia\",\"Imo\"]","character":"Mangrove, oilfields, riverine settlements, barrier islands.","economy":"Oil and gas, fisheries, boat transport, refining.","agriculture":"Hydromorphic gleysols, peat, and alluvial deposits on a landscape of seasonally flooded flats, backswamps, and levees. Oil-palm agroforest dominates the better-drained levee ridges; fisheries are economically vital.","crops":"[\"Oil palm (Elaeis guineensis) — the delta is the heart of Nigeria's smallholder oil-palm belt; red palm oil and kernel extraction\",\"Rubber (Hevea brasiliensis) — plantation and smallholder rubber on drier ridges (Edo, Delta)\",\"Plantain and banana (Musa spp.) — staple carbohydrate on levee soils\",\"Cassava — garri, lafun, and fufu processing across the delta hinterland\",\"Yam — white and yellow yam in the drier northern delta fringe\",\"Rice — both lowland swamp rice and fadama irrigation (Rivers, Delta State paddies)\",\"Cocoyam (Colocasia & Xanthosoma) — shade-tolerant tuber under palm canopy\",\"Fluted pumpkin (Telfairia occidentalis) — ugu leaf vegetable widely intercropped\",\"Vegetables: amaranth, okra, peppers, garden egg — backyard and creek bank gardens\",\"Coconut palm — barrier beaches and island fringes of the delta mouth\",\"Mangrove (Rhizophora, Avicennia) — fuelwood, poles, and fisheries habitat\",\"Fish, shrimp, and crab artisanal fisheries — the delta is Nigeria's richest inland/coastal fishery\"]","planting":"[\"Plant cassava and yam on levee ridges (higher drained ground) away from deep backswamps\",\"Oil palms are usually retained on family farms — propagate by seedling and suckers at 9×9 m spacing\",\"Use mounds and raised beds for vegetables in perennially waterlogged backswamp soils\",\"Construct small fish ponds (earthen ponds) in abandoned rice fields for tilapia and catfish\",\"Avoid draining mangrove wetlands — nursery habitat for fish stocks and shoreline protection\"]","highlights":"[\"World-class petroleum province\",\"Largest African delta\",\"Mangrove biodiversity\"]","wikiUrl":"https://en.wikipedia.org/wiki/Niger_Delta","domain":"ecology","isLabelAnchor":false},"geometry":{"type":"Point","coordinates":[7.096553107987867,5.552221065321279]}},{"type":"Feature","properties":{"layerId":"ecology","kind":"ecology","id":"ecology-niger-delta","name":"Niger Delta","featureKind":"point","landformType":"delta","sizeTier":"major","type":"Coastal sedimentary lowland","summary":"Africa's largest wetland delta where the Niger meets the Atlantic; Nigeria's petroleum heartland.","description":"The delta covers ~70,000 km² of mangrove, freshwater swamp, and barrier islands. It holds the bulk of Nigeria's oil and gas, a dense creek network, and highly politicised environmental and federal-revenue issues.","elevationNote":"Mostly near sea level; tidal mangrove","statesCrossed":"[\"Delta\",\"Bayelsa\",\"Rivers\",\"Akwa Ibom\",\"Cross River\",\"Edo\",\"Ondo\",\"Abia\",\"Imo\"]","character":"Mangrove, oilfields, riverine settlements, barrier islands.","economy":"Oil and gas, fisheries, boat transport, refining.","agriculture":"Hydromorphic gleysols, peat, and alluvial deposits on a landscape of seasonally flooded flats, backswamps, and levees. Oil-palm agroforest dominates the better-drained levee ridges; fisheries are economically vital.","crops":"[\"Oil palm (Elaeis guineensis) — the delta is the heart of Nigeria's smallholder oil-palm belt; red palm oil and kernel extraction\",\"Rubber (Hevea brasiliensis) — plantation and smallholder rubber on drier ridges (Edo, Delta)\",\"Plantain and banana (Musa spp.) — staple carbohydrate on levee soils\",\"Cassava — garri, lafun, and fufu processing across the delta hinterland\",\"Yam — white and yellow yam in the drier northern delta fringe\",\"Rice — both lowland swamp rice and fadama irrigation (Rivers, Delta State paddies)\",\"Cocoyam (Colocasia & Xanthosoma) — shade-tolerant tuber under palm canopy\",\"Fluted pumpkin (Telfairia occidentalis) — ugu leaf vegetable widely intercropped\",\"Vegetables: amaranth, okra, peppers, garden egg — backyard and creek bank gardens\",\"Coconut palm — barrier beaches and island fringes of the delta mouth\",\"Mangrove (Rhizophora, Avicennia) — fuelwood, poles, and fisheries habitat\",\"Fish, shrimp, and crab artisanal fisheries — the delta is Nigeria's richest inland/coastal fishery\"]","planting":"[\"Plant cassava and yam on levee ridges (higher drained ground) away from deep backswamps\",\"Oil palms are usually retained on family farms — propagate by seedling and suckers at 9×9 m spacing\",\"Use mounds and raised beds for vegetables in perennially waterlogged backswamp soils\",\"Construct small fish ponds (earthen ponds) in abandoned rice fields for tilapia and catfish\",\"Avoid draining mangrove wetlands — nursery habitat for fish stocks and shoreline protection\"]","highlights":"[\"World-class petroleum province\",\"Largest African delta\",\"Mangrove biodiversity\"]","wikiUrl":"https://en.wikipedia.org/wiki/Niger_Delta","domain":"ecology","isLabelAnchor":true},"geometry":{"type":"Point","coordinates":[5.730530400167617,5.576083642816517]}},{"type":"Feature","properties":{"layerId":"ecology","kind":"ecology","id":"ecology-niger-delta","name":"Niger Delta","featureKind":"point","landformType":"delta","sizeTier":"major","type":"Coastal sedimentary lowland","summary":"Africa's largest wetland delta where the Niger meets the Atlantic; Nigeria's petroleum heartland.","description":"The delta covers ~70,000 km² of mangrove, freshwater swamp, and barrier islands. It holds the bulk of Nigeria's oil and gas, a dense creek network, and highly politicised environmental and federal-revenue issues.","elevationNote":"Mostly near sea level; tidal mangrove","statesCrossed":"[\"Delta\",\"Bayelsa\",\"Rivers\",\"Akwa Ibom\",\"Cross River\",\"Edo\",\"Ondo\",\"Abia\",\"Imo\"]","character":"Mangrove, oilfields, riverine settlements, barrier islands.","economy":"Oil and gas, fisheries, boat transport, refining.","agriculture":"Hydromorphic gleysols, peat, and alluvial deposits on a landscape of seasonally flooded flats, backswamps, and levees. Oil-palm agroforest dominates the better-drained levee ridges; fisheries are economically vital.","crops":"[\"Oil palm (Elaeis guineensis) — the delta is the heart of Nigeria's smallholder oil-palm belt; red palm oil and kernel extraction\",\"Rubber (Hevea brasiliensis) — plantation and smallholder rubber on drier ridges (Edo, Delta)\",\"Plantain and banana (Musa spp.) — staple carbohydrate on levee soils\",\"Cassava — garri, lafun, and fufu processing across the delta hinterland\",\"Yam — white and yellow yam in the drier northern delta fringe\",\"Rice — both lowland swamp rice and fadama irrigation (Rivers, Delta State paddies)\",\"Cocoyam (Colocasia & Xanthosoma) — shade-tolerant tuber under palm canopy\",\"Fluted pumpkin (Telfairia occidentalis) — ugu leaf vegetable widely intercropped\",\"Vegetables: amaranth, okra, peppers, garden egg — backyard and creek bank gardens\",\"Coconut palm — barrier beaches and island fringes of the delta mouth\",\"Mangrove (Rhizophora, Avicennia) — fuelwood, poles, and fisheries habitat\",\"Fish, shrimp, and crab artisanal fisheries — the delta is Nigeria's richest inland/coastal fishery\"]","planting":"[\"Plant cassava and yam on levee ridges (higher drained ground) away from deep backswamps\",\"Oil palms are usually retained on family farms — propagate by seedling and suckers at 9×9 m spacing\",\"Use mounds and raised beds for vegetables in perennially waterlogged backswamp soils\",\"Construct small fish ponds (earthen ponds) in abandoned rice fields for tilapia and catfish\",\"Avoid draining mangrove wetlands — nursery habitat for fish stocks and shoreline protection\"]","highlights":"[\"World-class petroleum province\",\"Largest African delta\",\"Mangrove biodiversity\"]","wikiUrl":"https://en.wikipedia.org/wiki/Niger_Delta","domain":"ecology","isLabelAnchor":false},"geometry":{"type":"Point","coordinates":[4.8615951371795925,5.039921677799026]}},{"type":"Feature","properties":{"layerId":"ecology","kind":"ecology","id":"ecology-niger-delta","name":"Niger Delta","featureKind":"point","landformType":"delta","sizeTier":"major","type":"Coastal sedimentary lowland","summary":"Africa's largest wetland delta where the Niger meets the Atlantic; Nigeria's petroleum heartland.","description":"The delta covers ~70,000 km² of mangrove, freshwater swamp, and barrier islands. It holds the bulk of Nigeria's oil and gas, a dense creek network, and highly politicised environmental and federal-revenue issues.","elevationNote":"Mostly near sea level; tidal mangrove","statesCrossed":"[\"Delta\",\"Bayelsa\",\"Rivers\",\"Akwa Ibom\",\"Cross River\",\"Edo\",\"Ondo\",\"Abia\",\"Imo\"]","character":"Mangrove, oilfields, riverine settlements, barrier islands.","economy":"Oil and gas, fisheries, boat transport, refining.","agriculture":"Hydromorphic gleysols, peat, and alluvial deposits on a landscape of seasonally flooded flats, backswamps, and levees. Oil-palm agroforest dominates the better-drained levee ridges; fisheries are economically vital.","crops":"[\"Oil palm (Elaeis guineensis) — the delta is the heart of Nigeria's smallholder oil-palm belt; red palm oil and kernel extraction\",\"Rubber (Hevea brasiliensis) — plantation and smallholder rubber on drier ridges (Edo, Delta)\",\"Plantain and banana (Musa spp.) — staple carbohydrate on levee soils\",\"Cassava — garri, lafun, and fufu processing across the delta hinterland\",\"Yam — white and yellow yam in the drier northern delta fringe\",\"Rice — both lowland swamp rice and fadama irrigation (Rivers, Delta State paddies)\",\"Cocoyam (Colocasia & Xanthosoma) — shade-tolerant tuber under palm canopy\",\"Fluted pumpkin (Telfairia occidentalis) — ugu leaf vegetable widely intercropped\",\"Vegetables: amaranth, okra, peppers, garden egg — backyard and creek bank gardens\",\"Coconut palm — barrier beaches and island fringes of the delta mouth\",\"Mangrove (Rhizophora, Avicennia) — fuelwood, poles, and fisheries habitat\",\"Fish, shrimp, and crab artisanal fisheries — the delta is Nigeria's richest inland/coastal fishery\"]","planting":"[\"Plant cassava and yam on levee ridges (higher drained ground) away from deep backswamps\",\"Oil palms are usually retained on family farms — propagate by seedling and suckers at 9×9 m spacing\",\"Use mounds and raised beds for vegetables in perennially waterlogged backswamp soils\",\"Construct small fish ponds (earthen ponds) in abandoned rice fields for tilapia and catfish\",\"Avoid draining mangrove wetlands — nursery habitat for fish stocks and shoreline protection\"]","highlights":"[\"World-class petroleum province\",\"Largest African delta\",\"Mangrove biodiversity\"]","wikiUrl":"https://en.wikipedia.org/wiki/Niger_Delta","domain":"ecology","isLabelAnchor":false},"geometry":{"type":"Point","coordinates":[5.458427507431329,4.44]}},{"type":"Feature","properties":{"layerId":"ecology","kind":"ecology","id":"ecology-niger-delta","name":"Niger Delta","featureKind":"point","landformType":"delta","sizeTier":"major","type":"Coastal sedimentary lowland","summary":"Africa's largest wetland delta where the Niger meets the Atlantic; Nigeria's petroleum heartland.","description":"The delta covers ~70,000 km² of mangrove, freshwater swamp, and barrier islands. It holds the bulk of Nigeria's oil and gas, a dense creek network, and highly politicised environmental and federal-revenue issues.","elevationNote":"Mostly near sea level; tidal mangrove","statesCrossed":"[\"Delta\",\"Bayelsa\",\"Rivers\",\"Akwa Ibom\",\"Cross River\",\"Edo\",\"Ondo\",\"Abia\",\"Imo\"]","character":"Mangrove, oilfields, riverine settlements, barrier islands.","economy":"Oil and gas, fisheries, boat transport, refining.","agriculture":"Hydromorphic gleysols, peat, and alluvial deposits on a landscape of seasonally flooded flats, backswamps, and levees. Oil-palm agroforest dominates the better-drained levee ridges; fisheries are economically vital.","crops":"[\"Oil palm (Elaeis guineensis) — the delta is the heart of Nigeria's smallholder oil-palm belt; red palm oil and kernel extraction\",\"Rubber (Hevea brasiliensis) — plantation and smallholder rubber on drier ridges (Edo, Delta)\",\"Plantain and banana (Musa spp.) — staple carbohydrate on levee soils\",\"Cassava — garri, lafun, and fufu processing across the delta hinterland\",\"Yam — white and yellow yam in the drier northern delta fringe\",\"Rice — both lowland swamp rice and fadama irrigation (Rivers, Delta State paddies)\",\"Cocoyam (Colocasia & Xanthosoma) — shade-tolerant tuber under palm canopy\",\"Fluted pumpkin (Telfairia occidentalis) — ugu leaf vegetable widely intercropped\",\"Vegetables: amaranth, okra, peppers, garden egg — backyard and creek bank gardens\",\"Coconut palm — barrier beaches and island fringes of the delta mouth\",\"Mangrove (Rhizophora, Avicennia) — fuelwood, poles, and fisheries habitat\",\"Fish, shrimp, and crab artisanal fisheries — the delta is Nigeria's richest inland/coastal fishery\"]","planting":"[\"Plant cassava and yam on levee ridges (higher drained ground) away from deep backswamps\",\"Oil palms are usually retained on family farms — propagate by seedling and suckers at 9×9 m spacing\",\"Use mounds and raised beds for vegetables in perennially waterlogged backswamp soils\",\"Construct small fish ponds (earthen ponds) in abandoned rice fields for tilapia and catfish\",\"Avoid draining mangrove wetlands — nursery habitat for fish stocks and shoreline protection\"]","highlights":"[\"World-class petroleum province\",\"Largest African delta\",\"Mangrove biodiversity\"]","wikiUrl":"https://en.wikipedia.org/wiki/Niger_Delta","domain":"ecology","isLabelAnchor":false},"geometry":{"type":"Point","coordinates":[5.458427507431329,5.48]}},{"type":"Feature","properties":{"layerId":"ecology","kind":"ecology","id":"ecology-niger-delta","name":"Niger Delta","featureKind":"point","landformType":"delta","sizeTier":"major","type":"Coastal sedimentary lowland","summary":"Africa's largest wetland delta where the Niger meets the Atlantic; Nigeria's petroleum heartland.","description":"The delta covers ~70,000 km² of mangrove, freshwater swamp, and barrier islands. It holds the bulk of Nigeria's oil and gas, a dense creek network, and highly politicised environmental and federal-revenue issues.","elevationNote":"Mostly near sea level; tidal mangrove","statesCrossed":"[\"Delta\",\"Bayelsa\",\"Rivers\",\"Akwa Ibom\",\"Cross River\",\"Edo\",\"Ondo\",\"Abia\",\"Imo\"]","character":"Mangrove, oilfields, riverine settlements, barrier islands.","economy":"Oil and gas, fisheries, boat transport, refining.","agriculture":"Hydromorphic gleysols, peat, and alluvial deposits on a landscape of seasonally flooded flats, backswamps, and levees. Oil-palm agroforest dominates the better-drained levee ridges; fisheries are economically vital.","crops":"[\"Oil palm (Elaeis guineensis) — the delta is the heart of Nigeria's smallholder oil-palm belt; red palm oil and kernel extraction\",\"Rubber (Hevea brasiliensis) — plantation and smallholder rubber on drier ridges (Edo, Delta)\",\"Plantain and banana (Musa spp.) — staple carbohydrate on levee soils\",\"Cassava — garri, lafun, and fufu processing across the delta hinterland\",\"Yam — white and yellow yam in the drier northern delta fringe\",\"Rice — both lowland swamp rice and fadama irrigation (Rivers, Delta State paddies)\",\"Cocoyam (Colocasia & Xanthosoma) — shade-tolerant tuber under palm canopy\",\"Fluted pumpkin (Telfairia occidentalis) — ugu leaf vegetable widely intercropped\",\"Vegetables: amaranth, okra, peppers, garden egg — backyard and creek bank gardens\",\"Coconut palm — barrier beaches and island fringes of the delta mouth\",\"Mangrove (Rhizophora, Avicennia) — fuelwood, poles, and fisheries habitat\",\"Fish, shrimp, and crab artisanal fisheries — the delta is Nigeria's richest inland/coastal fishery\"]","planting":"[\"Plant cassava and yam on levee ridges (higher drained ground) away from deep backswamps\",\"Oil palms are usually retained on family farms — propagate by seedling and suckers at 9×9 m spacing\",\"Use mounds and raised beds for vegetables in perennially waterlogged backswamp soils\",\"Construct small fish ponds (earthen ponds) in abandoned rice fields for tilapia and catfish\",\"Avoid draining mangrove wetlands — nursery habitat for fish stocks and shoreline protection\"]","highlights":"[\"World-class petroleum province\",\"Largest African delta\",\"Mangrove biodiversity\"]","wikiUrl":"https://en.wikipedia.org/wiki/Niger_Delta","domain":"ecology","isLabelAnchor":false},"geometry":{"type":"Point","coordinates":[6.5015724925686715,4.44]}},{"type":"Feature","properties":{"layerId":"ecology","kind":"ecology","id":"ecology-niger-delta","name":"Niger Delta","featureKind":"point","landformType":"delta","sizeTier":"major","type":"Coastal sedimentary lowland","summary":"Africa's largest wetland delta where the Niger meets the Atlantic; Nigeria's petroleum heartland.","description":"The delta covers ~70,000 km² of mangrove, freshwater swamp, and barrier islands. It holds the bulk of Nigeria's oil and gas, a dense creek network, and highly politicised environmental and federal-revenue issues.","elevationNote":"Mostly near sea level; tidal mangrove","statesCrossed":"[\"Delta\",\"Bayelsa\",\"Rivers\",\"Akwa Ibom\",\"Cross River\",\"Edo\",\"Ondo\",\"Abia\",\"Imo\"]","character":"Mangrove, oilfields, riverine settlements, barrier islands.","economy":"Oil and gas, fisheries, boat transport, refining.","agriculture":"Hydromorphic gleysols, peat, and alluvial deposits on a landscape of seasonally flooded flats, backswamps, and levees. Oil-palm agroforest dominates the better-drained levee ridges; fisheries are economically vital.","crops":"[\"Oil palm (Elaeis guineensis) — the delta is the heart of Nigeria's smallholder oil-palm belt; red palm oil and kernel extraction\",\"Rubber (Hevea brasiliensis) — plantation and smallholder rubber on drier ridges (Edo, Delta)\",\"Plantain and banana (Musa spp.) — staple carbohydrate on levee soils\",\"Cassava — garri, lafun, and fufu processing across the delta hinterland\",\"Yam — white and yellow yam in the drier northern delta fringe\",\"Rice — both lowland swamp rice and fadama irrigation (Rivers, Delta State paddies)\",\"Cocoyam (Colocasia & Xanthosoma) — shade-tolerant tuber under palm canopy\",\"Fluted pumpkin (Telfairia occidentalis) — ugu leaf vegetable widely intercropped\",\"Vegetables: amaranth, okra, peppers, garden egg — backyard and creek bank gardens\",\"Coconut palm — barrier beaches and island fringes of the delta mouth\",\"Mangrove (Rhizophora, Avicennia) — fuelwood, poles, and fisheries habitat\",\"Fish, shrimp, and crab artisanal fisheries — the delta is Nigeria's richest inland/coastal fishery\"]","planting":"[\"Plant cassava and yam on levee ridges (higher drained ground) away from deep backswamps\",\"Oil palms are usually retained on family farms — propagate by seedling and suckers at 9×9 m spacing\",\"Use mounds and raised beds for vegetables in perennially waterlogged backswamp soils\",\"Construct small fish ponds (earthen ponds) in abandoned rice fields for tilapia and catfish\",\"Avoid draining mangrove wetlands — nursery habitat for fish stocks and shoreline protection\"]","highlights":"[\"World-class petroleum province\",\"Largest African delta\",\"Mangrove biodiversity\"]","wikiUrl":"https://en.wikipedia.org/wiki/Niger_Delta","domain":"ecology","isLabelAnchor":false},"geometry":{"type":"Point","coordinates":[6.5015724925686715,5.48]}},{"type":"Feature","properties":{"layerId":"ecology","kind":"ecology","id":"ecology-sokoto-basin","name":"Sokoto Basin","featureKind":"point","landformType":"basin","sizeTier":"major","type":"Sedimentary basin / plains","summary":"Semi-arid sedimentary basin of the northwest drained by the Sokoto–Rima system.","description":"Cretaceous–Tertiary sediments underlie millet, sorghum, and irrigated fadama. The basin is drought-prone and depends on dams and groundwater. It is the core landscape of the Caliphate northwest.","elevationNote":"About 200–400 m","statesCrossed":"[\"Sokoto\",\"Kebbi\",\"Zamfara\",\"Niger\",\"Katsina\"]","character":"Sahel–Sudan plains, seasonal rivers, irrigation schemes.","economy":"Grain, livestock, onions (dry-season irrigation), limited oil exploration historically.","highlights":"[\"Sokoto–Rima irrigation\",\"Sahel fringe\",\"Caliphate heartland plains\"]","wikiUrl":"https://en.wikipedia.org/wiki/Sokoto_State","domain":"ecology","isLabelAnchor":false},"geometry":{"type":"Point","coordinates":[4.864071047572981,11.84933118033632]}},{"type":"Feature","properties":{"layerId":"ecology","kind":"ecology","id":"ecology-sokoto-basin","name":"Sokoto Basin","featureKind":"point","landformType":"basin","sizeTier":"major","type":"Sedimentary basin / plains","summary":"Semi-arid sedimentary basin of the northwest drained by the Sokoto–Rima system.","description":"Cretaceous–Tertiary sediments underlie millet, sorghum, and irrigated fadama. The basin is drought-prone and depends on dams and groundwater. It is the core landscape of the Caliphate northwest.","elevationNote":"About 200–400 m","statesCrossed":"[\"Sokoto\",\"Kebbi\",\"Zamfara\",\"Niger\",\"Katsina\"]","character":"Sahel–Sudan plains, seasonal rivers, irrigation schemes.","economy":"Grain, livestock, onions (dry-season irrigation), limited oil exploration historically.","highlights":"[\"Sokoto–Rima irrigation\",\"Sahel fringe\",\"Caliphate heartland plains\"]","wikiUrl":"https://en.wikipedia.org/wiki/Sokoto_State","domain":"ecology","isLabelAnchor":false},"geometry":{"type":"Point","coordinates":[6.016663253824724,11.87384314866499]}},{"type":"Feature","properties":{"layerId":"ecology","kind":"ecology","id":"ecology-sokoto-basin","name":"Sokoto Basin","featureKind":"point","landformType":"basin","sizeTier":"major","type":"Sedimentary basin / plains","summary":"Semi-arid sedimentary basin of the northwest drained by the Sokoto–Rima system.","description":"Cretaceous–Tertiary sediments underlie millet, sorghum, and irrigated fadama. The basin is drought-prone and depends on dams and groundwater. It is the core landscape of the Caliphate northwest.","elevationNote":"About 200–400 m","statesCrossed":"[\"Sokoto\",\"Kebbi\",\"Zamfara\",\"Niger\",\"Katsina\"]","character":"Sahel–Sudan plains, seasonal rivers, irrigation schemes.","economy":"Grain, livestock, onions (dry-season irrigation), limited oil exploration historically.","highlights":"[\"Sokoto–Rima irrigation\",\"Sahel fringe\",\"Caliphate heartland plains\"]","wikiUrl":"https://en.wikipedia.org/wiki/Sokoto_State","domain":"ecology","isLabelAnchor":false},"geometry":{"type":"Point","coordinates":[6.589754528479955,12.455673158607539]}},{"type":"Feature","properties":{"layerId":"ecology","kind":"ecology","id":"ecology-sokoto-basin","name":"Sokoto Basin","featureKind":"point","landformType":"basin","sizeTier":"major","type":"Sedimentary basin / plains","summary":"Semi-arid sedimentary basin of the northwest drained by the Sokoto–Rima system.","description":"Cretaceous–Tertiary sediments underlie millet, sorghum, and irrigated fadama. The basin is drought-prone and depends on dams and groundwater. It is the core landscape of the Caliphate northwest.","elevationNote":"About 200–400 m","statesCrossed":"[\"Sokoto\",\"Kebbi\",\"Zamfara\",\"Niger\",\"Katsina\"]","character":"Sahel–Sudan plains, seasonal rivers, irrigation schemes.","economy":"Grain, livestock, onions (dry-season irrigation), limited oil exploration historically.","highlights":"[\"Sokoto–Rima irrigation\",\"Sahel fringe\",\"Caliphate heartland plains\"]","wikiUrl":"https://en.wikipedia.org/wiki/Sokoto_State","domain":"ecology","isLabelAnchor":false},"geometry":{"type":"Point","coordinates":[6.593232580658573,13.55853465103965]}},{"type":"Feature","properties":{"layerId":"ecology","kind":"ecology","id":"ecology-sokoto-basin","name":"Sokoto Basin","featureKind":"point","landformType":"basin","sizeTier":"major","type":"Sedimentary basin / plains","summary":"Semi-arid sedimentary basin of the northwest drained by the Sokoto–Rima system.","description":"Cretaceous–Tertiary sediments underlie millet, sorghum, and irrigated fadama. The basin is drought-prone and depends on dams and groundwater. It is the core landscape of the Caliphate northwest.","elevationNote":"About 200–400 m","statesCrossed":"[\"Sokoto\",\"Kebbi\",\"Zamfara\",\"Niger\",\"Katsina\"]","character":"Sahel–Sudan plains, seasonal rivers, irrigation schemes.","economy":"Grain, livestock, onions (dry-season irrigation), limited oil exploration historically.","highlights":"[\"Sokoto–Rima irrigation\",\"Sahel fringe\",\"Caliphate heartland plains\"]","wikiUrl":"https://en.wikipedia.org/wiki/Sokoto_State","domain":"ecology","isLabelAnchor":false},"geometry":{"type":"Point","coordinates":[5.470685266617712,13.577086296370775]}},{"type":"Feature","properties":{"layerId":"ecology","kind":"ecology","id":"ecology-sokoto-basin","name":"Sokoto Basin","featureKind":"point","landformType":"basin","sizeTier":"major","type":"Sedimentary basin / plains","summary":"Semi-arid sedimentary basin of the northwest drained by the Sokoto–Rima system.","description":"Cretaceous–Tertiary sediments underlie millet, sorghum, and irrigated fadama. The basin is drought-prone and depends on dams and groundwater. It is the core landscape of the Caliphate northwest.","elevationNote":"About 200–400 m","statesCrossed":"[\"Sokoto\",\"Kebbi\",\"Zamfara\",\"Niger\",\"Katsina\"]","character":"Sahel–Sudan plains, seasonal rivers, irrigation schemes.","economy":"Grain, livestock, onions (dry-season irrigation), limited oil exploration historically.","highlights":"[\"Sokoto–Rima irrigation\",\"Sahel fringe\",\"Caliphate heartland plains\"]","wikiUrl":"https://en.wikipedia.org/wiki/Sokoto_State","domain":"ecology","isLabelAnchor":false},"geometry":{"type":"Point","coordinates":[4.345461137134259,13.505566730359202]}},{"type":"Feature","properties":{"layerId":"ecology","kind":"ecology","id":"ecology-sokoto-basin","name":"Sokoto Basin","featureKind":"point","landformType":"basin","sizeTier":"major","type":"Sedimentary basin / plains","summary":"Semi-arid sedimentary basin of the northwest drained by the Sokoto–Rima system.","description":"Cretaceous–Tertiary sediments underlie millet, sorghum, and irrigated fadama. The basin is drought-prone and depends on dams and groundwater. It is the core landscape of the Caliphate northwest.","elevationNote":"About 200–400 m","statesCrossed":"[\"Sokoto\",\"Kebbi\",\"Zamfara\",\"Niger\",\"Katsina\"]","character":"Sahel–Sudan plains, seasonal rivers, irrigation schemes.","economy":"Grain, livestock, onions (dry-season irrigation), limited oil exploration historically.","highlights":"[\"Sokoto–Rima irrigation\",\"Sahel fringe\",\"Caliphate heartland plains\"]","wikiUrl":"https://en.wikipedia.org/wiki/Sokoto_State","domain":"ecology","isLabelAnchor":false},"geometry":{"type":"Point","coordinates":[4.311123629490294,12.400133897923514]}},{"type":"Feature","properties":{"layerId":"ecology","kind":"ecology","id":"ecology-sokoto-basin","name":"Sokoto Basin","featureKind":"point","landformType":"basin","sizeTier":"major","type":"Sedimentary basin / plains","summary":"Semi-arid sedimentary basin of the northwest drained by the Sokoto–Rima system.","description":"Cretaceous–Tertiary sediments underlie millet, sorghum, and irrigated fadama. The basin is drought-prone and depends on dams and groundwater. It is the core landscape of the Caliphate northwest.","elevationNote":"About 200–400 m","statesCrossed":"[\"Sokoto\",\"Kebbi\",\"Zamfara\",\"Niger\",\"Katsina\"]","character":"Sahel–Sudan plains, seasonal rivers, irrigation schemes.","economy":"Grain, livestock, onions (dry-season irrigation), limited oil exploration historically.","highlights":"[\"Sokoto–Rima irrigation\",\"Sahel fringe\",\"Caliphate heartland plains\"]","wikiUrl":"https://en.wikipedia.org/wiki/Sokoto_State","domain":"ecology","isLabelAnchor":false},"geometry":{"type":"Point","coordinates":[4.910703043744867,12.1775]}},{"type":"Feature","properties":{"layerId":"ecology","kind":"ecology","id":"ecology-sokoto-basin","name":"Sokoto Basin","featureKind":"point","landformType":"basin","sizeTier":"major","type":"Sedimentary basin / plains","summary":"Semi-arid sedimentary basin of the northwest drained by the Sokoto–Rima system.","description":"Cretaceous–Tertiary sediments underlie millet, sorghum, and irrigated fadama. The basin is drought-prone and depends on dams and groundwater. It is the core landscape of the Caliphate northwest.","elevationNote":"About 200–400 m","statesCrossed":"[\"Sokoto\",\"Kebbi\",\"Zamfara\",\"Niger\",\"Katsina\"]","character":"Sahel–Sudan plains, seasonal rivers, irrigation schemes.","economy":"Grain, livestock, onions (dry-season irrigation), limited oil exploration historically.","highlights":"[\"Sokoto–Rima irrigation\",\"Sahel fringe\",\"Caliphate heartland plains\"]","wikiUrl":"https://en.wikipedia.org/wiki/Sokoto_State","domain":"ecology","isLabelAnchor":true},"geometry":{"type":"Point","coordinates":[4.910703043744867,13.2425]}},{"type":"Feature","properties":{"layerId":"ecology","kind":"ecology","id":"ecology-sokoto-basin","name":"Sokoto Basin","featureKind":"point","landformType":"basin","sizeTier":"major","type":"Sedimentary basin / plains","summary":"Semi-arid sedimentary basin of the northwest drained by the Sokoto–Rima system.","description":"Cretaceous–Tertiary sediments underlie millet, sorghum, and irrigated fadama. The basin is drought-prone and depends on dams and groundwater. It is the core landscape of the Caliphate northwest.","elevationNote":"About 200–400 m","statesCrossed":"[\"Sokoto\",\"Kebbi\",\"Zamfara\",\"Niger\",\"Katsina\"]","character":"Sahel–Sudan plains, seasonal rivers, irrigation schemes.","economy":"Grain, livestock, onions (dry-season irrigation), limited oil exploration historically.","highlights":"[\"Sokoto–Rima irrigation\",\"Sahel fringe\",\"Caliphate heartland plains\"]","wikiUrl":"https://en.wikipedia.org/wiki/Sokoto_State","domain":"ecology","isLabelAnchor":false},"geometry":{"type":"Point","coordinates":[5.999296956255134,12.1775]}},{"type":"Feature","properties":{"layerId":"ecology","kind":"ecology","id":"ecology-sokoto-basin","name":"Sokoto Basin","featureKind":"point","landformType":"basin","sizeTier":"major","type":"Sedimentary basin / plains","summary":"Semi-arid sedimentary basin of the northwest drained by the Sokoto–Rima system.","description":"Cretaceous–Tertiary sediments underlie millet, sorghum, and irrigated fadama. The basin is drought-prone and depends on dams and groundwater. It is the core landscape of the Caliphate northwest.","elevationNote":"About 200–400 m","statesCrossed":"[\"Sokoto\",\"Kebbi\",\"Zamfara\",\"Niger\",\"Katsina\"]","character":"Sahel–Sudan plains, seasonal rivers, irrigation schemes.","economy":"Grain, livestock, onions (dry-season irrigation), limited oil exploration historically.","highlights":"[\"Sokoto–Rima irrigation\",\"Sahel fringe\",\"Caliphate heartland plains\"]","wikiUrl":"https://en.wikipedia.org/wiki/Sokoto_State","domain":"ecology","isLabelAnchor":false},"geometry":{"type":"Point","coordinates":[5.999296956255134,13.2425]}},{"type":"Feature","properties":{"layerId":"ecology","kind":"ecology","id":"ecology-guinea-savanna","name":"Guinea Savanna","featureKind":"point","landformType":"savanna","sizeTier":"major","type":"Vegetation / landscape belt","summary":"Wooded savanna belt between southern rainforest and northern Sudan/Sahel savanna.","description":"Guinea savanna (southern and northern Guinea) is Nigeria's broad middle belt: shea, yam, sorghum, and cattle routes. Rainfall is typically 900–1,500 mm. It includes much of Kwara, Niger, Kogi, Benue, Nasarawa, and parts of Kaduna and FCT.","elevationNote":"Mostly 200–600 m plains and inselbergs","statesCrossed":"[\"Kwara\",\"Niger\",\"Kogi\",\"Benue\",\"Nassarawa\",\"Plateau\",\"Kaduna\",\"Federal Capital Territory\"]","character":"Parkland trees, seasonal burn, mixed farming.","economy":"Yam, shea, grains, livestock corridors, Abuja hinterland.","agriculture":"Deep ferric luvisols support root crops and cereals. Shea parklands are retained on farm fields across the belt. Short fallow rotations are common.","crops":"[\"Yam (Dioscorea rotundata) — white guinea yam is the staple tuber crop\",\"Cassava (Manihot esculenta) — processed into garri, fufu, and flour\",\"Guinea corn / Sorghum (Sorghum bicolor) — guinea-corn for ogi, pap, and tuwo\",\"Millet (Pennisetum glaucum) — early-maturing dry-season staple\",\"Maize (Zea mays) — grown as second crop in yam/cassava rotations\",\"Rice (Oryza sativa & O. glaberrima) — lowland fadama and upland varieties\",\"Shea nut (Vitellaria paradoxa) — shea butter extraction, parkland agroforestry\",\"Groundnut / Peanut (Arachis hypogaea) — oilseed and snack crop\",\"Soybean (Glycine max) — expanding for oil and poultry feed\",\"Cowpea (Vigna unguiculata) — beans and leaves as vegetable\",\"Sesame (Sesamum indicum) — northern guinea fringe for oilseeds\",\"Mango, citrus, and cashew — scattered commercial orchards\"]","planting":"[\"Plant yam mounds (heaps) with stakes from November–December; seed yam setts planted February–April\",\"Sorghum and millet sown at first rains (April–May); late maize July–August\",\"Cassava stem cuttings planted March–May, harvested 9–18 months later\",\"Shea trees retained as permanent parkland — do not clear mature shea on new farms\",\"Use minimum tillage and tied ridges to reduce runoff on sloping ground\"]","highlights":"[\"Middle Belt landscape\",\"Shea belt\",\"Yam belt overlap\"]","wikiUrl":"https://en.wikipedia.org/wiki/Guinean_savanna","domain":"ecology","isLabelAnchor":false},"geometry":{"type":"Point","coordinates":[4.1160378624763245,7.363694251106447]}},{"type":"Feature","properties":{"layerId":"ecology","kind":"ecology","id":"ecology-guinea-savanna","name":"Guinea Savanna","featureKind":"point","landformType":"savanna","sizeTier":"major","type":"Vegetation / landscape belt","summary":"Wooded savanna belt between southern rainforest and northern Sudan/Sahel savanna.","description":"Guinea savanna (southern and northern Guinea) is Nigeria's broad middle belt: shea, yam, sorghum, and cattle routes. Rainfall is typically 900–1,500 mm. It includes much of Kwara, Niger, Kogi, Benue, Nasarawa, and parts of Kaduna and FCT.","elevationNote":"Mostly 200–600 m plains and inselbergs","statesCrossed":"[\"Kwara\",\"Niger\",\"Kogi\",\"Benue\",\"Nassarawa\",\"Plateau\",\"Kaduna\",\"Federal Capital Territory\"]","character":"Parkland trees, seasonal burn, mixed farming.","economy":"Yam, shea, grains, livestock corridors, Abuja hinterland.","agriculture":"Deep ferric luvisols support root crops and cereals. Shea parklands are retained on farm fields across the belt. Short fallow rotations are common.","crops":"[\"Yam (Dioscorea rotundata) — white guinea yam is the staple tuber crop\",\"Cassava (Manihot esculenta) — processed into garri, fufu, and flour\",\"Guinea corn / Sorghum (Sorghum bicolor) — guinea-corn for ogi, pap, and tuwo\",\"Millet (Pennisetum glaucum) — early-maturing dry-season staple\",\"Maize (Zea mays) — grown as second crop in yam/cassava rotations\",\"Rice (Oryza sativa & O. glaberrima) — lowland fadama and upland varieties\",\"Shea nut (Vitellaria paradoxa) — shea butter extraction, parkland agroforestry\",\"Groundnut / Peanut (Arachis hypogaea) — oilseed and snack crop\",\"Soybean (Glycine max) — expanding for oil and poultry feed\",\"Cowpea (Vigna unguiculata) — beans and leaves as vegetable\",\"Sesame (Sesamum indicum) — northern guinea fringe for oilseeds\",\"Mango, citrus, and cashew — scattered commercial orchards\"]","planting":"[\"Plant yam mounds (heaps) with stakes from November–December; seed yam setts planted February–April\",\"Sorghum and millet sown at first rains (April–May); late maize July–August\",\"Cassava stem cuttings planted March–May, harvested 9–18 months later\",\"Shea trees retained as permanent parkland — do not clear mature shea on new farms\",\"Use minimum tillage and tied ridges to reduce runoff on sloping ground\"]","highlights":"[\"Middle Belt landscape\",\"Shea belt\",\"Yam belt overlap\"]","wikiUrl":"https://en.wikipedia.org/wiki/Guinean_savanna","domain":"ecology","isLabelAnchor":false},"geometry":{"type":"Point","coordinates":[5.780236235596446,7.352082087366942]}},{"type":"Feature","properties":{"layerId":"ecology","kind":"ecology","id":"ecology-guinea-savanna","name":"Guinea Savanna","featureKind":"point","landformType":"savanna","sizeTier":"major","type":"Vegetation / landscape belt","summary":"Wooded savanna belt between southern rainforest and northern Sudan/Sahel savanna.","description":"Guinea savanna (southern and northern Guinea) is Nigeria's broad middle belt: shea, yam, sorghum, and cattle routes. Rainfall is typically 900–1,500 mm. It includes much of Kwara, Niger, Kogi, Benue, Nasarawa, and parts of Kaduna and FCT.","elevationNote":"Mostly 200–600 m plains and inselbergs","statesCrossed":"[\"Kwara\",\"Niger\",\"Kogi\",\"Benue\",\"Nassarawa\",\"Plateau\",\"Kaduna\",\"Federal Capital Territory\"]","character":"Parkland trees, seasonal burn, mixed farming.","economy":"Yam, shea, grains, livestock corridors, Abuja hinterland.","agriculture":"Deep ferric luvisols support root crops and cereals. Shea parklands are retained on farm fields across the belt. Short fallow rotations are common.","crops":"[\"Yam (Dioscorea rotundata) — white guinea yam is the staple tuber crop\",\"Cassava (Manihot esculenta) — processed into garri, fufu, and flour\",\"Guinea corn / Sorghum (Sorghum bicolor) — guinea-corn for ogi, pap, and tuwo\",\"Millet (Pennisetum glaucum) — early-maturing dry-season staple\",\"Maize (Zea mays) — grown as second crop in yam/cassava rotations\",\"Rice (Oryza sativa & O. glaberrima) — lowland fadama and upland varieties\",\"Shea nut (Vitellaria paradoxa) — shea butter extraction, parkland agroforestry\",\"Groundnut / Peanut (Arachis hypogaea) — oilseed and snack crop\",\"Soybean (Glycine max) — expanding for oil and poultry feed\",\"Cowpea (Vigna unguiculata) — beans and leaves as vegetable\",\"Sesame (Sesamum indicum) — northern guinea fringe for oilseeds\",\"Mango, citrus, and cashew — scattered commercial orchards\"]","planting":"[\"Plant yam mounds (heaps) with stakes from November–December; seed yam setts planted February–April\",\"Sorghum and millet sown at first rains (April–May); late maize July–August\",\"Cassava stem cuttings planted March–May, harvested 9–18 months later\",\"Shea trees retained as permanent parkland — do not clear mature shea on new farms\",\"Use minimum tillage and tied ridges to reduce runoff on sloping ground\"]","highlights":"[\"Middle Belt landscape\",\"Shea belt\",\"Yam belt overlap\"]","wikiUrl":"https://en.wikipedia.org/wiki/Guinean_savanna","domain":"ecology","isLabelAnchor":false},"geometry":{"type":"Point","coordinates":[7.437825536886155,7.40161246582169]}},{"type":"Feature","properties":{"layerId":"ecology","kind":"ecology","id":"ecology-guinea-savanna","name":"Guinea Savanna","featureKind":"point","landformType":"savanna","sizeTier":"major","type":"Vegetation / landscape belt","summary":"Wooded savanna belt between southern rainforest and northern Sudan/Sahel savanna.","description":"Guinea savanna (southern and northern Guinea) is Nigeria's broad middle belt: shea, yam, sorghum, and cattle routes. Rainfall is typically 900–1,500 mm. It includes much of Kwara, Niger, Kogi, Benue, Nasarawa, and parts of Kaduna and FCT.","elevationNote":"Mostly 200–600 m plains and inselbergs","statesCrossed":"[\"Kwara\",\"Niger\",\"Kogi\",\"Benue\",\"Nassarawa\",\"Plateau\",\"Kaduna\",\"Federal Capital Territory\"]","character":"Parkland trees, seasonal burn, mixed farming.","economy":"Yam, shea, grains, livestock corridors, Abuja hinterland.","agriculture":"Deep ferric luvisols support root crops and cereals. Shea parklands are retained on farm fields across the belt. Short fallow rotations are common.","crops":"[\"Yam (Dioscorea rotundata) — white guinea yam is the staple tuber crop\",\"Cassava (Manihot esculenta) — processed into garri, fufu, and flour\",\"Guinea corn / Sorghum (Sorghum bicolor) — guinea-corn for ogi, pap, and tuwo\",\"Millet (Pennisetum glaucum) — early-maturing dry-season staple\",\"Maize (Zea mays) — grown as second crop in yam/cassava rotations\",\"Rice (Oryza sativa & O. glaberrima) — lowland fadama and upland varieties\",\"Shea nut (Vitellaria paradoxa) — shea butter extraction, parkland agroforestry\",\"Groundnut / Peanut (Arachis hypogaea) — oilseed and snack crop\",\"Soybean (Glycine max) — expanding for oil and poultry feed\",\"Cowpea (Vigna unguiculata) — beans and leaves as vegetable\",\"Sesame (Sesamum indicum) — northern guinea fringe for oilseeds\",\"Mango, citrus, and cashew — scattered commercial orchards\"]","planting":"[\"Plant yam mounds (heaps) with stakes from November–December; seed yam setts planted February–April\",\"Sorghum and millet sown at first rains (April–May); late maize July–August\",\"Cassava stem cuttings planted March–May, harvested 9–18 months later\",\"Shea trees retained as permanent parkland — do not clear mature shea on new farms\",\"Use minimum tillage and tied ridges to reduce runoff on sloping ground\"]","highlights":"[\"Middle Belt landscape\",\"Shea belt\",\"Yam belt overlap\"]","wikiUrl":"https://en.wikipedia.org/wiki/Guinean_savanna","domain":"ecology","isLabelAnchor":false},"geometry":{"type":"Point","coordinates":[8.091427774060199,8.406470545182339]}},{"type":"Feature","properties":{"layerId":"ecology","kind":"ecology","id":"ecology-guinea-savanna","name":"Guinea Savanna","featureKind":"point","landformType":"savanna","sizeTier":"major","type":"Vegetation / landscape belt","summary":"Wooded savanna belt between southern rainforest and northern Sudan/Sahel savanna.","description":"Guinea savanna (southern and northern Guinea) is Nigeria's broad middle belt: shea, yam, sorghum, and cattle routes. Rainfall is typically 900–1,500 mm. It includes much of Kwara, Niger, Kogi, Benue, Nasarawa, and parts of Kaduna and FCT.","elevationNote":"Mostly 200–600 m plains and inselbergs","statesCrossed":"[\"Kwara\",\"Niger\",\"Kogi\",\"Benue\",\"Nassarawa\",\"Plateau\",\"Kaduna\",\"Federal Capital Territory\"]","character":"Parkland trees, seasonal burn, mixed farming.","economy":"Yam, shea, grains, livestock corridors, Abuja hinterland.","agriculture":"Deep ferric luvisols support root crops and cereals. Shea parklands are retained on farm fields across the belt. Short fallow rotations are common.","crops":"[\"Yam (Dioscorea rotundata) — white guinea yam is the staple tuber crop\",\"Cassava (Manihot esculenta) — processed into garri, fufu, and flour\",\"Guinea corn / Sorghum (Sorghum bicolor) — guinea-corn for ogi, pap, and tuwo\",\"Millet (Pennisetum glaucum) — early-maturing dry-season staple\",\"Maize (Zea mays) — grown as second crop in yam/cassava rotations\",\"Rice (Oryza sativa & O. glaberrima) — lowland fadama and upland varieties\",\"Shea nut (Vitellaria paradoxa) — shea butter extraction, parkland agroforestry\",\"Groundnut / Peanut (Arachis hypogaea) — oilseed and snack crop\",\"Soybean (Glycine max) — expanding for oil and poultry feed\",\"Cowpea (Vigna unguiculata) — beans and leaves as vegetable\",\"Sesame (Sesamum indicum) — northern guinea fringe for oilseeds\",\"Mango, citrus, and cashew — scattered commercial orchards\"]","planting":"[\"Plant yam mounds (heaps) with stakes from November–December; seed yam setts planted February–April\",\"Sorghum and millet sown at first rains (April–May); late maize July–August\",\"Cassava stem cuttings planted March–May, harvested 9–18 months later\",\"Shea trees retained as permanent parkland — do not clear mature shea on new farms\",\"Use minimum tillage and tied ridges to reduce runoff on sloping ground\"]","highlights":"[\"Middle Belt landscape\",\"Shea belt\",\"Yam belt overlap\"]","wikiUrl":"https://en.wikipedia.org/wiki/Guinean_savanna","domain":"ecology","isLabelAnchor":false},"geometry":{"type":"Point","coordinates":[8.099284539092714,10.038751688019973]}},{"type":"Feature","properties":{"layerId":"ecology","kind":"ecology","id":"ecology-guinea-savanna","name":"Guinea Savanna","featureKind":"point","landformType":"savanna","sizeTier":"major","type":"Vegetation / landscape belt","summary":"Wooded savanna belt between southern rainforest and northern Sudan/Sahel savanna.","description":"Guinea savanna (southern and northern Guinea) is Nigeria's broad middle belt: shea, yam, sorghum, and cattle routes. Rainfall is typically 900–1,500 mm. It includes much of Kwara, Niger, Kogi, Benue, Nasarawa, and parts of Kaduna and FCT.","elevationNote":"Mostly 200–600 m plains and inselbergs","statesCrossed":"[\"Kwara\",\"Niger\",\"Kogi\",\"Benue\",\"Nassarawa\",\"Plateau\",\"Kaduna\",\"Federal Capital Territory\"]","character":"Parkland trees, seasonal burn, mixed farming.","economy":"Yam, shea, grains, livestock corridors, Abuja hinterland.","agriculture":"Deep ferric luvisols support root crops and cereals. Shea parklands are retained on farm fields across the belt. Short fallow rotations are common.","crops":"[\"Yam (Dioscorea rotundata) — white guinea yam is the staple tuber crop\",\"Cassava (Manihot esculenta) — processed into garri, fufu, and flour\",\"Guinea corn / Sorghum (Sorghum bicolor) — guinea-corn for ogi, pap, and tuwo\",\"Millet (Pennisetum glaucum) — early-maturing dry-season staple\",\"Maize (Zea mays) — grown as second crop in yam/cassava rotations\",\"Rice (Oryza sativa & O. glaberrima) — lowland fadama and upland varieties\",\"Shea nut (Vitellaria paradoxa) — shea butter extraction, parkland agroforestry\",\"Groundnut / Peanut (Arachis hypogaea) — oilseed and snack crop\",\"Soybean (Glycine max) — expanding for oil and poultry feed\",\"Cowpea (Vigna unguiculata) — beans and leaves as vegetable\",\"Sesame (Sesamum indicum) — northern guinea fringe for oilseeds\",\"Mango, citrus, and cashew — scattered commercial orchards\"]","planting":"[\"Plant yam mounds (heaps) with stakes from November–December; seed yam setts planted February–April\",\"Sorghum and millet sown at first rains (April–May); late maize July–August\",\"Cassava stem cuttings planted March–May, harvested 9–18 months later\",\"Shea trees retained as permanent parkland — do not clear mature shea on new farms\",\"Use minimum tillage and tied ridges to reduce runoff on sloping ground\"]","highlights":"[\"Middle Belt landscape\",\"Shea belt\",\"Yam belt overlap\"]","wikiUrl":"https://en.wikipedia.org/wiki/Guinean_savanna","domain":"ecology","isLabelAnchor":false},"geometry":{"type":"Point","coordinates":[6.4788975149928705,10.078501009855659]}},{"type":"Feature","properties":{"layerId":"ecology","kind":"ecology","id":"ecology-guinea-savanna","name":"Guinea Savanna","featureKind":"point","landformType":"savanna","sizeTier":"major","type":"Vegetation / landscape belt","summary":"Wooded savanna belt between southern rainforest and northern Sudan/Sahel savanna.","description":"Guinea savanna (southern and northern Guinea) is Nigeria's broad middle belt: shea, yam, sorghum, and cattle routes. Rainfall is typically 900–1,500 mm. It includes much of Kwara, Niger, Kogi, Benue, Nasarawa, and parts of Kaduna and FCT.","elevationNote":"Mostly 200–600 m plains and inselbergs","statesCrossed":"[\"Kwara\",\"Niger\",\"Kogi\",\"Benue\",\"Nassarawa\",\"Plateau\",\"Kaduna\",\"Federal Capital Territory\"]","character":"Parkland trees, seasonal burn, mixed farming.","economy":"Yam, shea, grains, livestock corridors, Abuja hinterland.","agriculture":"Deep ferric luvisols support root crops and cereals. Shea parklands are retained on farm fields across the belt. Short fallow rotations are common.","crops":"[\"Yam (Dioscorea rotundata) — white guinea yam is the staple tuber crop\",\"Cassava (Manihot esculenta) — processed into garri, fufu, and flour\",\"Guinea corn / Sorghum (Sorghum bicolor) — guinea-corn for ogi, pap, and tuwo\",\"Millet (Pennisetum glaucum) — early-maturing dry-season staple\",\"Maize (Zea mays) — grown as second crop in yam/cassava rotations\",\"Rice (Oryza sativa & O. glaberrima) — lowland fadama and upland varieties\",\"Shea nut (Vitellaria paradoxa) — shea butter extraction, parkland agroforestry\",\"Groundnut / Peanut (Arachis hypogaea) — oilseed and snack crop\",\"Soybean (Glycine max) — expanding for oil and poultry feed\",\"Cowpea (Vigna unguiculata) — beans and leaves as vegetable\",\"Sesame (Sesamum indicum) — northern guinea fringe for oilseeds\",\"Mango, citrus, and cashew — scattered commercial orchards\"]","planting":"[\"Plant yam mounds (heaps) with stakes from November–December; seed yam setts planted February–April\",\"Sorghum and millet sown at first rains (April–May); late maize July–August\",\"Cassava stem cuttings planted March–May, harvested 9–18 months later\",\"Shea trees retained as permanent parkland — do not clear mature shea on new farms\",\"Use minimum tillage and tied ridges to reduce runoff on sloping ground\"]","highlights":"[\"Middle Belt landscape\",\"Shea belt\",\"Yam belt overlap\"]","wikiUrl":"https://en.wikipedia.org/wiki/Guinean_savanna","domain":"ecology","isLabelAnchor":false},"geometry":{"type":"Point","coordinates":[4.78218688715697,10.056662305035621]}},{"type":"Feature","properties":{"layerId":"ecology","kind":"ecology","id":"ecology-guinea-savanna","name":"Guinea Savanna","featureKind":"point","landformType":"savanna","sizeTier":"major","type":"Vegetation / landscape belt","summary":"Wooded savanna belt between southern rainforest and northern Sudan/Sahel savanna.","description":"Guinea savanna (southern and northern Guinea) is Nigeria's broad middle belt: shea, yam, sorghum, and cattle routes. Rainfall is typically 900–1,500 mm. It includes much of Kwara, Niger, Kogi, Benue, Nasarawa, and parts of Kaduna and FCT.","elevationNote":"Mostly 200–600 m plains and inselbergs","statesCrossed":"[\"Kwara\",\"Niger\",\"Kogi\",\"Benue\",\"Nassarawa\",\"Plateau\",\"Kaduna\",\"Federal Capital Territory\"]","character":"Parkland trees, seasonal burn, mixed farming.","economy":"Yam, shea, grains, livestock corridors, Abuja hinterland.","agriculture":"Deep ferric luvisols support root crops and cereals. Shea parklands are retained on farm fields across the belt. Short fallow rotations are common.","crops":"[\"Yam (Dioscorea rotundata) — white guinea yam is the staple tuber crop\",\"Cassava (Manihot esculenta) — processed into garri, fufu, and flour\",\"Guinea corn / Sorghum (Sorghum bicolor) — guinea-corn for ogi, pap, and tuwo\",\"Millet (Pennisetum glaucum) — early-maturing dry-season staple\",\"Maize (Zea mays) — grown as second crop in yam/cassava rotations\",\"Rice (Oryza sativa & O. glaberrima) — lowland fadama and upland varieties\",\"Shea nut (Vitellaria paradoxa) — shea butter extraction, parkland agroforestry\",\"Groundnut / Peanut (Arachis hypogaea) — oilseed and snack crop\",\"Soybean (Glycine max) — expanding for oil and poultry feed\",\"Cowpea (Vigna unguiculata) — beans and leaves as vegetable\",\"Sesame (Sesamum indicum) — northern guinea fringe for oilseeds\",\"Mango, citrus, and cashew — scattered commercial orchards\"]","planting":"[\"Plant yam mounds (heaps) with stakes from November–December; seed yam setts planted February–April\",\"Sorghum and millet sown at first rains (April–May); late maize July–August\",\"Cassava stem cuttings planted March–May, harvested 9–18 months later\",\"Shea trees retained as permanent parkland — do not clear mature shea on new farms\",\"Use minimum tillage and tied ridges to reduce runoff on sloping ground\"]","highlights":"[\"Middle Belt landscape\",\"Shea belt\",\"Yam belt overlap\"]","wikiUrl":"https://en.wikipedia.org/wiki/Guinean_savanna","domain":"ecology","isLabelAnchor":false},"geometry":{"type":"Point","coordinates":[3.3353836459780997,9.813716420775057]}},{"type":"Feature","properties":{"layerId":"ecology","kind":"ecology","id":"ecology-guinea-savanna","name":"Guinea Savanna","featureKind":"point","landformType":"savanna","sizeTier":"major","type":"Vegetation / landscape belt","summary":"Wooded savanna belt between southern rainforest and northern Sudan/Sahel savanna.","description":"Guinea savanna (southern and northern Guinea) is Nigeria's broad middle belt: shea, yam, sorghum, and cattle routes. Rainfall is typically 900–1,500 mm. It includes much of Kwara, Niger, Kogi, Benue, Nasarawa, and parts of Kaduna and FCT.","elevationNote":"Mostly 200–600 m plains and inselbergs","statesCrossed":"[\"Kwara\",\"Niger\",\"Kogi\",\"Benue\",\"Nassarawa\",\"Plateau\",\"Kaduna\",\"Federal Capital Territory\"]","character":"Parkland trees, seasonal burn, mixed farming.","economy":"Yam, shea, grains, livestock corridors, Abuja hinterland.","agriculture":"Deep ferric luvisols support root crops and cereals. Shea parklands are retained on farm fields across the belt. Short fallow rotations are common.","crops":"[\"Yam (Dioscorea rotundata) — white guinea yam is the staple tuber crop\",\"Cassava (Manihot esculenta) — processed into garri, fufu, and flour\",\"Guinea corn / Sorghum (Sorghum bicolor) — guinea-corn for ogi, pap, and tuwo\",\"Millet (Pennisetum glaucum) — early-maturing dry-season staple\",\"Maize (Zea mays) — grown as second crop in yam/cassava rotations\",\"Rice (Oryza sativa & O. glaberrima) — lowland fadama and upland varieties\",\"Shea nut (Vitellaria paradoxa) — shea butter extraction, parkland agroforestry\",\"Groundnut / Peanut (Arachis hypogaea) — oilseed and snack crop\",\"Soybean (Glycine max) — expanding for oil and poultry feed\",\"Cowpea (Vigna unguiculata) — beans and leaves as vegetable\",\"Sesame (Sesamum indicum) — northern guinea fringe for oilseeds\",\"Mango, citrus, and cashew — scattered commercial orchards\"]","planting":"[\"Plant yam mounds (heaps) with stakes from November–December; seed yam setts planted February–April\",\"Sorghum and millet sown at first rains (April–May); late maize July–August\",\"Cassava stem cuttings planted March–May, harvested 9–18 months later\",\"Shea trees retained as permanent parkland — do not clear mature shea on new farms\",\"Use minimum tillage and tied ridges to reduce runoff on sloping ground\"]","highlights":"[\"Middle Belt landscape\",\"Shea belt\",\"Yam belt overlap\"]","wikiUrl":"https://en.wikipedia.org/wiki/Guinean_savanna","domain":"ecology","isLabelAnchor":false},"geometry":{"type":"Point","coordinates":[3.310511329687634,8.178930756092194]}},{"type":"Feature","properties":{"layerId":"ecology","kind":"ecology","id":"ecology-guinea-savanna","name":"Guinea Savanna","featureKind":"point","landformType":"savanna","sizeTier":"major","type":"Vegetation / landscape belt","summary":"Wooded savanna belt between southern rainforest and northern Sudan/Sahel savanna.","description":"Guinea savanna (southern and northern Guinea) is Nigeria's broad middle belt: shea, yam, sorghum, and cattle routes. Rainfall is typically 900–1,500 mm. It includes much of Kwara, Niger, Kogi, Benue, Nasarawa, and parts of Kaduna and FCT.","elevationNote":"Mostly 200–600 m plains and inselbergs","statesCrossed":"[\"Kwara\",\"Niger\",\"Kogi\",\"Benue\",\"Nassarawa\",\"Plateau\",\"Kaduna\",\"Federal Capital Territory\"]","character":"Parkland trees, seasonal burn, mixed farming.","economy":"Yam, shea, grains, livestock corridors, Abuja hinterland.","agriculture":"Deep ferric luvisols support root crops and cereals. Shea parklands are retained on farm fields across the belt. Short fallow rotations are common.","crops":"[\"Yam (Dioscorea rotundata) — white guinea yam is the staple tuber crop\",\"Cassava (Manihot esculenta) — processed into garri, fufu, and flour\",\"Guinea corn / Sorghum (Sorghum bicolor) — guinea-corn for ogi, pap, and tuwo\",\"Millet (Pennisetum glaucum) — early-maturing dry-season staple\",\"Maize (Zea mays) — grown as second crop in yam/cassava rotations\",\"Rice (Oryza sativa & O. glaberrima) — lowland fadama and upland varieties\",\"Shea nut (Vitellaria paradoxa) — shea butter extraction, parkland agroforestry\",\"Groundnut / Peanut (Arachis hypogaea) — oilseed and snack crop\",\"Soybean (Glycine max) — expanding for oil and poultry feed\",\"Cowpea (Vigna unguiculata) — beans and leaves as vegetable\",\"Sesame (Sesamum indicum) — northern guinea fringe for oilseeds\",\"Mango, citrus, and cashew — scattered commercial orchards\"]","planting":"[\"Plant yam mounds (heaps) with stakes from November–December; seed yam setts planted February–April\",\"Sorghum and millet sown at first rains (April–May); late maize July–August\",\"Cassava stem cuttings planted March–May, harvested 9–18 months later\",\"Shea trees retained as permanent parkland — do not clear mature shea on new farms\",\"Use minimum tillage and tied ridges to reduce runoff on sloping ground\"]","highlights":"[\"Middle Belt landscape\",\"Shea belt\",\"Yam belt overlap\"]","wikiUrl":"https://en.wikipedia.org/wiki/Guinean_savanna","domain":"ecology","isLabelAnchor":false},"geometry":{"type":"Point","coordinates":[3.4623054142716003,7.598123773619008]}},{"type":"Feature","properties":{"layerId":"ecology","kind":"ecology","id":"ecology-guinea-savanna","name":"Guinea Savanna","featureKind":"point","landformType":"savanna","sizeTier":"major","type":"Vegetation / landscape belt","summary":"Wooded savanna belt between southern rainforest and northern Sudan/Sahel savanna.","description":"Guinea savanna (southern and northern Guinea) is Nigeria's broad middle belt: shea, yam, sorghum, and cattle routes. Rainfall is typically 900–1,500 mm. It includes much of Kwara, Niger, Kogi, Benue, Nasarawa, and parts of Kaduna and FCT.","elevationNote":"Mostly 200–600 m plains and inselbergs","statesCrossed":"[\"Kwara\",\"Niger\",\"Kogi\",\"Benue\",\"Nassarawa\",\"Plateau\",\"Kaduna\",\"Federal Capital Territory\"]","character":"Parkland trees, seasonal burn, mixed farming.","economy":"Yam, shea, grains, livestock corridors, Abuja hinterland.","agriculture":"Deep ferric luvisols support root crops and cereals. Shea parklands are retained on farm fields across the belt. Short fallow rotations are common.","crops":"[\"Yam (Dioscorea rotundata) — white guinea yam is the staple tuber crop\",\"Cassava (Manihot esculenta) — processed into garri, fufu, and flour\",\"Guinea corn / Sorghum (Sorghum bicolor) — guinea-corn for ogi, pap, and tuwo\",\"Millet (Pennisetum glaucum) — early-maturing dry-season staple\",\"Maize (Zea mays) — grown as second crop in yam/cassava rotations\",\"Rice (Oryza sativa & O. glaberrima) — lowland fadama and upland varieties\",\"Shea nut (Vitellaria paradoxa) — shea butter extraction, parkland agroforestry\",\"Groundnut / Peanut (Arachis hypogaea) — oilseed and snack crop\",\"Soybean (Glycine max) — expanding for oil and poultry feed\",\"Cowpea (Vigna unguiculata) — beans and leaves as vegetable\",\"Sesame (Sesamum indicum) — northern guinea fringe for oilseeds\",\"Mango, citrus, and cashew — scattered commercial orchards\"]","planting":"[\"Plant yam mounds (heaps) with stakes from November–December; seed yam setts planted February–April\",\"Sorghum and millet sown at first rains (April–May); late maize July–August\",\"Cassava stem cuttings planted March–May, harvested 9–18 months later\",\"Shea trees retained as permanent parkland — do not clear mature shea on new farms\",\"Use minimum tillage and tied ridges to reduce runoff on sloping ground\"]","highlights":"[\"Middle Belt landscape\",\"Shea belt\",\"Yam belt overlap\"]","wikiUrl":"https://en.wikipedia.org/wiki/Guinean_savanna","domain":"ecology","isLabelAnchor":false},"geometry":{"type":"Point","coordinates":[3.4623054142716003,9.821876226380994]}},{"type":"Feature","properties":{"layerId":"ecology","kind":"ecology","id":"ecology-guinea-savanna","name":"Guinea Savanna","featureKind":"point","landformType":"savanna","sizeTier":"major","type":"Vegetation / landscape belt","summary":"Wooded savanna belt between southern rainforest and northern Sudan/Sahel savanna.","description":"Guinea savanna (southern and northern Guinea) is Nigeria's broad middle belt: shea, yam, sorghum, and cattle routes. Rainfall is typically 900–1,500 mm. It includes much of Kwara, Niger, Kogi, Benue, Nasarawa, and parts of Kaduna and FCT.","elevationNote":"Mostly 200–600 m plains and inselbergs","statesCrossed":"[\"Kwara\",\"Niger\",\"Kogi\",\"Benue\",\"Nassarawa\",\"Plateau\",\"Kaduna\",\"Federal Capital Territory\"]","character":"Parkland trees, seasonal burn, mixed farming.","economy":"Yam, shea, grains, livestock corridors, Abuja hinterland.","agriculture":"Deep ferric luvisols support root crops and cereals. Shea parklands are retained on farm fields across the belt. Short fallow rotations are common.","crops":"[\"Yam (Dioscorea rotundata) — white guinea yam is the staple tuber crop\",\"Cassava (Manihot esculenta) — processed into garri, fufu, and flour\",\"Guinea corn / Sorghum (Sorghum bicolor) — guinea-corn for ogi, pap, and tuwo\",\"Millet (Pennisetum glaucum) — early-maturing dry-season staple\",\"Maize (Zea mays) — grown as second crop in yam/cassava rotations\",\"Rice (Oryza sativa & O. glaberrima) — lowland fadama and upland varieties\",\"Shea nut (Vitellaria paradoxa) — shea butter extraction, parkland agroforestry\",\"Groundnut / Peanut (Arachis hypogaea) — oilseed and snack crop\",\"Soybean (Glycine max) — expanding for oil and poultry feed\",\"Cowpea (Vigna unguiculata) — beans and leaves as vegetable\",\"Sesame (Sesamum indicum) — northern guinea fringe for oilseeds\",\"Mango, citrus, and cashew — scattered commercial orchards\"]","planting":"[\"Plant yam mounds (heaps) with stakes from November–December; seed yam setts planted February–April\",\"Sorghum and millet sown at first rains (April–May); late maize July–August\",\"Cassava stem cuttings planted March–May, harvested 9–18 months later\",\"Shea trees retained as permanent parkland — do not clear mature shea on new farms\",\"Use minimum tillage and tied ridges to reduce runoff on sloping ground\"]","highlights":"[\"Middle Belt landscape\",\"Shea belt\",\"Yam belt overlap\"]","wikiUrl":"https://en.wikipedia.org/wiki/Guinean_savanna","domain":"ecology","isLabelAnchor":true},"geometry":{"type":"Point","coordinates":[5.705000000000001,7.598123773619008]}},{"type":"Feature","properties":{"layerId":"ecology","kind":"ecology","id":"ecology-guinea-savanna","name":"Guinea Savanna","featureKind":"point","landformType":"savanna","sizeTier":"major","type":"Vegetation / landscape belt","summary":"Wooded savanna belt between southern rainforest and northern Sudan/Sahel savanna.","description":"Guinea savanna (southern and northern Guinea) is Nigeria's broad middle belt: shea, yam, sorghum, and cattle routes. Rainfall is typically 900–1,500 mm. It includes much of Kwara, Niger, Kogi, Benue, Nasarawa, and parts of Kaduna and FCT.","elevationNote":"Mostly 200–600 m plains and inselbergs","statesCrossed":"[\"Kwara\",\"Niger\",\"Kogi\",\"Benue\",\"Nassarawa\",\"Plateau\",\"Kaduna\",\"Federal Capital Territory\"]","character":"Parkland trees, seasonal burn, mixed farming.","economy":"Yam, shea, grains, livestock corridors, Abuja hinterland.","agriculture":"Deep ferric luvisols support root crops and cereals. Shea parklands are retained on farm fields across the belt. Short fallow rotations are common.","crops":"[\"Yam (Dioscorea rotundata) — white guinea yam is the staple tuber crop\",\"Cassava (Manihot esculenta) — processed into garri, fufu, and flour\",\"Guinea corn / Sorghum (Sorghum bicolor) — guinea-corn for ogi, pap, and tuwo\",\"Millet (Pennisetum glaucum) — early-maturing dry-season staple\",\"Maize (Zea mays) — grown as second crop in yam/cassava rotations\",\"Rice (Oryza sativa & O. glaberrima) — lowland fadama and upland varieties\",\"Shea nut (Vitellaria paradoxa) — shea butter extraction, parkland agroforestry\",\"Groundnut / Peanut (Arachis hypogaea) — oilseed and snack crop\",\"Soybean (Glycine max) — expanding for oil and poultry feed\",\"Cowpea (Vigna unguiculata) — beans and leaves as vegetable\",\"Sesame (Sesamum indicum) — northern guinea fringe for oilseeds\",\"Mango, citrus, and cashew — scattered commercial orchards\"]","planting":"[\"Plant yam mounds (heaps) with stakes from November–December; seed yam setts planted February–April\",\"Sorghum and millet sown at first rains (April–May); late maize July–August\",\"Cassava stem cuttings planted March–May, harvested 9–18 months later\",\"Shea trees retained as permanent parkland — do not clear mature shea on new farms\",\"Use minimum tillage and tied ridges to reduce runoff on sloping ground\"]","highlights":"[\"Middle Belt landscape\",\"Shea belt\",\"Yam belt overlap\"]","wikiUrl":"https://en.wikipedia.org/wiki/Guinean_savanna","domain":"ecology","isLabelAnchor":false},"geometry":{"type":"Point","coordinates":[5.705000000000001,9.821876226380994]}},{"type":"Feature","properties":{"layerId":"ecology","kind":"ecology","id":"ecology-guinea-savanna","name":"Guinea Savanna","featureKind":"point","landformType":"savanna","sizeTier":"major","type":"Vegetation / landscape belt","summary":"Wooded savanna belt between southern rainforest and northern Sudan/Sahel savanna.","description":"Guinea savanna (southern and northern Guinea) is Nigeria's broad middle belt: shea, yam, sorghum, and cattle routes. Rainfall is typically 900–1,500 mm. It includes much of Kwara, Niger, Kogi, Benue, Nasarawa, and parts of Kaduna and FCT.","elevationNote":"Mostly 200–600 m plains and inselbergs","statesCrossed":"[\"Kwara\",\"Niger\",\"Kogi\",\"Benue\",\"Nassarawa\",\"Plateau\",\"Kaduna\",\"Federal Capital Territory\"]","character":"Parkland trees, seasonal burn, mixed farming.","economy":"Yam, shea, grains, livestock corridors, Abuja hinterland.","agriculture":"Deep ferric luvisols support root crops and cereals. Shea parklands are retained on farm fields across the belt. Short fallow rotations are common.","crops":"[\"Yam (Dioscorea rotundata) — white guinea yam is the staple tuber crop\",\"Cassava (Manihot esculenta) — processed into garri, fufu, and flour\",\"Guinea corn / Sorghum (Sorghum bicolor) — guinea-corn for ogi, pap, and tuwo\",\"Millet (Pennisetum glaucum) — early-maturing dry-season staple\",\"Maize (Zea mays) — grown as second crop in yam/cassava rotations\",\"Rice (Oryza sativa & O. glaberrima) — lowland fadama and upland varieties\",\"Shea nut (Vitellaria paradoxa) — shea butter extraction, parkland agroforestry\",\"Groundnut / Peanut (Arachis hypogaea) — oilseed and snack crop\",\"Soybean (Glycine max) — expanding for oil and poultry feed\",\"Cowpea (Vigna unguiculata) — beans and leaves as vegetable\",\"Sesame (Sesamum indicum) — northern guinea fringe for oilseeds\",\"Mango, citrus, and cashew — scattered commercial orchards\"]","planting":"[\"Plant yam mounds (heaps) with stakes from November–December; seed yam setts planted February–April\",\"Sorghum and millet sown at first rains (April–May); late maize July–August\",\"Cassava stem cuttings planted March–May, harvested 9–18 months later\",\"Shea trees retained as permanent parkland — do not clear mature shea on new farms\",\"Use minimum tillage and tied ridges to reduce runoff on sloping ground\"]","highlights":"[\"Middle Belt landscape\",\"Shea belt\",\"Yam belt overlap\"]","wikiUrl":"https://en.wikipedia.org/wiki/Guinean_savanna","domain":"ecology","isLabelAnchor":false},"geometry":{"type":"Point","coordinates":[7.9476945857284,7.598123773619008]}},{"type":"Feature","properties":{"layerId":"ecology","kind":"ecology","id":"ecology-guinea-savanna","name":"Guinea Savanna","featureKind":"point","landformType":"savanna","sizeTier":"major","type":"Vegetation / landscape belt","summary":"Wooded savanna belt between southern rainforest and northern Sudan/Sahel savanna.","description":"Guinea savanna (southern and northern Guinea) is Nigeria's broad middle belt: shea, yam, sorghum, and cattle routes. Rainfall is typically 900–1,500 mm. It includes much of Kwara, Niger, Kogi, Benue, Nasarawa, and parts of Kaduna and FCT.","elevationNote":"Mostly 200–600 m plains and inselbergs","statesCrossed":"[\"Kwara\",\"Niger\",\"Kogi\",\"Benue\",\"Nassarawa\",\"Plateau\",\"Kaduna\",\"Federal Capital Territory\"]","character":"Parkland trees, seasonal burn, mixed farming.","economy":"Yam, shea, grains, livestock corridors, Abuja hinterland.","agriculture":"Deep ferric luvisols support root crops and cereals. Shea parklands are retained on farm fields across the belt. Short fallow rotations are common.","crops":"[\"Yam (Dioscorea rotundata) — white guinea yam is the staple tuber crop\",\"Cassava (Manihot esculenta) — processed into garri, fufu, and flour\",\"Guinea corn / Sorghum (Sorghum bicolor) — guinea-corn for ogi, pap, and tuwo\",\"Millet (Pennisetum glaucum) — early-maturing dry-season staple\",\"Maize (Zea mays) — grown as second crop in yam/cassava rotations\",\"Rice (Oryza sativa & O. glaberrima) — lowland fadama and upland varieties\",\"Shea nut (Vitellaria paradoxa) — shea butter extraction, parkland agroforestry\",\"Groundnut / Peanut (Arachis hypogaea) — oilseed and snack crop\",\"Soybean (Glycine max) — expanding for oil and poultry feed\",\"Cowpea (Vigna unguiculata) — beans and leaves as vegetable\",\"Sesame (Sesamum indicum) — northern guinea fringe for oilseeds\",\"Mango, citrus, and cashew — scattered commercial orchards\"]","planting":"[\"Plant yam mounds (heaps) with stakes from November–December; seed yam setts planted February–April\",\"Sorghum and millet sown at first rains (April–May); late maize July–August\",\"Cassava stem cuttings planted March–May, harvested 9–18 months later\",\"Shea trees retained as permanent parkland — do not clear mature shea on new farms\",\"Use minimum tillage and tied ridges to reduce runoff on sloping ground\"]","highlights":"[\"Middle Belt landscape\",\"Shea belt\",\"Yam belt overlap\"]","wikiUrl":"https://en.wikipedia.org/wiki/Guinean_savanna","domain":"ecology","isLabelAnchor":false},"geometry":{"type":"Point","coordinates":[7.9476945857284,9.821876226380994]}},{"type":"Feature","properties":{"layerId":"ecology","kind":"ecology","id":"ecology-oban-hills","name":"Oban Hills","featureKind":"point","landformType":"forest","sizeTier":"medium","type":"Rainforest hill range","summary":"Cross River rainforest highlands linked to the Oban sector of Cross River National Park.","description":"Oban Hills lie in the Cross River–Cameroon biodiversity hotspot with lowland and montane rainforest, drill monkeys, and forest elephants (rare). Terrain is rugged and heavily forested.","elevationNote":"~200–900 m","statesCrossed":"[\"Cross River\"]","character":"Rainforest, biodiversity hotspot, protected areas.","economy":"Ecotourism, conservation, limited hill farming.","agriculture":"Acrisols and ferralsols on steep slopes — highly leached but suitable for tree crops. Land-use pressure is intense outside the park boundary with shifting cultivation and cocoa farms.","crops":"[\"Cocoa (Theobroma cacao) — shaded cocoa agroforestry on park buffer-zone farms\",\"Oil palm (Elaeis guineensis) — semi-wild stands and plantation palms\",\"Rubber (Hevea brasiliensis) — smallholder rubber on gentler slopes\",\"Plantain and banana — staple food of the Efik and Ejagham communities\",\"Cassava and yam — shifting-cultivation staples in the wider district\",\"Cocoyam, sweet potato, and taro — under-storey root crops\",\"Okra, pepper, and amaranth — backyard vegetables in the villages\",\"Citrus (oranges, tangerine, lime) — expanding market-garden orchards\",\"Kolanut (Cola nitida & acuminata) — traditional cash crop with ceremonial uses\",\"Bush mango (Irvingia gabonensis) — ogbono soup seeds from retained forest trees\",\"Raffia palm (Raphia spp.) — palm wine, thatch, and raffia fibre\",\"Timber species: mahogany, obeche, iroko — strictly protected inside the national park\"]","planting":"[\"Practice agroforestry: retain large native forest trees when planting cocoa — they shade the crop and protect watersheds\",\"Build contour stone lines or grass barriers on hillsides to stop sheet erosion\",\"Rotate cocoa farms with 10–15 year fallows under secondary forest to rebuild soil organic matter\",\"Plant multi-purpose nitrogen-fixing trees (Gliricidia, Albizia) along farm boundaries\",\"Respect park boundaries — avoid clearing new farms inside Cross River National Park\"]","highlights":"[\"Cross River National Park\",\"Biodiversity hotspot\",\"Rainforest hills\"]","wikiUrl":"https://en.wikipedia.org/wiki/Cross_River_National_Park","domain":"ecology","isLabelAnchor":true},"geometry":{"type":"Point","coordinates":[8.854777965970928,5.012779069743599]}},{"type":"Feature","properties":{"layerId":"ecology","kind":"ecology","id":"ecology-oban-hills","name":"Oban Hills","featureKind":"point","landformType":"forest","sizeTier":"medium","type":"Rainforest hill range","summary":"Cross River rainforest highlands linked to the Oban sector of Cross River National Park.","description":"Oban Hills lie in the Cross River–Cameroon biodiversity hotspot with lowland and montane rainforest, drill monkeys, and forest elephants (rare). Terrain is rugged and heavily forested.","elevationNote":"~200–900 m","statesCrossed":"[\"Cross River\"]","character":"Rainforest, biodiversity hotspot, protected areas.","economy":"Ecotourism, conservation, limited hill farming.","agriculture":"Acrisols and ferralsols on steep slopes — highly leached but suitable for tree crops. Land-use pressure is intense outside the park boundary with shifting cultivation and cocoa farms.","crops":"[\"Cocoa (Theobroma cacao) — shaded cocoa agroforestry on park buffer-zone farms\",\"Oil palm (Elaeis guineensis) — semi-wild stands and plantation palms\",\"Rubber (Hevea brasiliensis) — smallholder rubber on gentler slopes\",\"Plantain and banana — staple food of the Efik and Ejagham communities\",\"Cassava and yam — shifting-cultivation staples in the wider district\",\"Cocoyam, sweet potato, and taro — under-storey root crops\",\"Okra, pepper, and amaranth — backyard vegetables in the villages\",\"Citrus (oranges, tangerine, lime) — expanding market-garden orchards\",\"Kolanut (Cola nitida & acuminata) — traditional cash crop with ceremonial uses\",\"Bush mango (Irvingia gabonensis) — ogbono soup seeds from retained forest trees\",\"Raffia palm (Raphia spp.) — palm wine, thatch, and raffia fibre\",\"Timber species: mahogany, obeche, iroko — strictly protected inside the national park\"]","planting":"[\"Practice agroforestry: retain large native forest trees when planting cocoa — they shade the crop and protect watersheds\",\"Build contour stone lines or grass barriers on hillsides to stop sheet erosion\",\"Rotate cocoa farms with 10–15 year fallows under secondary forest to rebuild soil organic matter\",\"Plant multi-purpose nitrogen-fixing trees (Gliricidia, Albizia) along farm boundaries\",\"Respect park boundaries — avoid clearing new farms inside Cross River National Park\"]","highlights":"[\"Cross River National Park\",\"Biodiversity hotspot\",\"Rainforest hills\"]","wikiUrl":"https://en.wikipedia.org/wiki/Cross_River_National_Park","domain":"ecology","isLabelAnchor":false},"geometry":{"type":"Point","coordinates":[9.159821356210921,5.711356812877771]}},{"type":"Feature","properties":{"layerId":"ecology","kind":"ecology","id":"ecology-oban-hills","name":"Oban Hills","featureKind":"point","landformType":"forest","sizeTier":"medium","type":"Rainforest hill range","summary":"Cross River rainforest highlands linked to the Oban sector of Cross River National Park.","description":"Oban Hills lie in the Cross River–Cameroon biodiversity hotspot with lowland and montane rainforest, drill monkeys, and forest elephants (rare). Terrain is rugged and heavily forested.","elevationNote":"~200–900 m","statesCrossed":"[\"Cross River\"]","character":"Rainforest, biodiversity hotspot, protected areas.","economy":"Ecotourism, conservation, limited hill farming.","agriculture":"Acrisols and ferralsols on steep slopes — highly leached but suitable for tree crops. Land-use pressure is intense outside the park boundary with shifting cultivation and cocoa farms.","crops":"[\"Cocoa (Theobroma cacao) — shaded cocoa agroforestry on park buffer-zone farms\",\"Oil palm (Elaeis guineensis) — semi-wild stands and plantation palms\",\"Rubber (Hevea brasiliensis) — smallholder rubber on gentler slopes\",\"Plantain and banana — staple food of the Efik and Ejagham communities\",\"Cassava and yam — shifting-cultivation staples in the wider district\",\"Cocoyam, sweet potato, and taro — under-storey root crops\",\"Okra, pepper, and amaranth — backyard vegetables in the villages\",\"Citrus (oranges, tangerine, lime) — expanding market-garden orchards\",\"Kolanut (Cola nitida & acuminata) — traditional cash crop with ceremonial uses\",\"Bush mango (Irvingia gabonensis) — ogbono soup seeds from retained forest trees\",\"Raffia palm (Raphia spp.) — palm wine, thatch, and raffia fibre\",\"Timber species: mahogany, obeche, iroko — strictly protected inside the national park\"]","planting":"[\"Practice agroforestry: retain large native forest trees when planting cocoa — they shade the crop and protect watersheds\",\"Build contour stone lines or grass barriers on hillsides to stop sheet erosion\",\"Rotate cocoa farms with 10–15 year fallows under secondary forest to rebuild soil organic matter\",\"Plant multi-purpose nitrogen-fixing trees (Gliricidia, Albizia) along farm boundaries\",\"Respect park boundaries — avoid clearing new farms inside Cross River National Park\"]","highlights":"[\"Cross River National Park\",\"Biodiversity hotspot\",\"Rainforest hills\"]","wikiUrl":"https://en.wikipedia.org/wiki/Cross_River_National_Park","domain":"ecology","isLabelAnchor":false},"geometry":{"type":"Point","coordinates":[8.396266852694046,5.476544650731689]}},{"type":"Feature","properties":{"layerId":"ecology","kind":"ecology","id":"ecology-sambisa-forest","name":"Sambisa Forest","featureKind":"point","landformType":"forest","sizeTier":"major","type":"Dry woodland / forest reserve","summary":"Vast woodland–grassland complex south of Maiduguri, historically among Nigeria's largest forest blocks.","description":"Sambisa spans southern Borno with open woodland, grassland, and seasonal streams draining toward the Yedseram. It is ecologically important Sahel–Sudan transition habitat, though much of the reserve has been degraded by conflict and land-use change since the 2010s.","elevationNote":"~350–500 m","statesCrossed":"[\"Borno\"]","character":"Open woodland, seasonal streams, Sahel fringe ecology.","economy":"Limited ecotourism potential; historically grazing and dry-season farming.","highlights":"[\"Borno woodland belt\",\"Sahel–Sudan transition\",\"Yedseram drainage\"]","wikiUrl":"https://en.wikipedia.org/wiki/Sambisa_Forest","domain":"ecology","isLabelAnchor":false},"geometry":{"type":"Point","coordinates":[12.052533728508871,10.240600652619825]}},{"type":"Feature","properties":{"layerId":"ecology","kind":"ecology","id":"ecology-sambisa-forest","name":"Sambisa Forest","featureKind":"point","landformType":"forest","sizeTier":"major","type":"Dry woodland / forest reserve","summary":"Vast woodland–grassland complex south of Maiduguri, historically among Nigeria's largest forest blocks.","description":"Sambisa spans southern Borno with open woodland, grassland, and seasonal streams draining toward the Yedseram. It is ecologically important Sahel–Sudan transition habitat, though much of the reserve has been degraded by conflict and land-use change since the 2010s.","elevationNote":"~350–500 m","statesCrossed":"[\"Borno\"]","character":"Open woodland, seasonal streams, Sahel fringe ecology.","economy":"Limited ecotourism potential; historically grazing and dry-season farming.","highlights":"[\"Borno woodland belt\",\"Sahel–Sudan transition\",\"Yedseram drainage\"]","wikiUrl":"https://en.wikipedia.org/wiki/Sambisa_Forest","domain":"ecology","isLabelAnchor":false},"geometry":{"type":"Point","coordinates":[13.367531026467603,10.301373054875802]}},{"type":"Feature","properties":{"layerId":"ecology","kind":"ecology","id":"ecology-sambisa-forest","name":"Sambisa Forest","featureKind":"point","landformType":"forest","sizeTier":"major","type":"Dry woodland / forest reserve","summary":"Vast woodland–grassland complex south of Maiduguri, historically among Nigeria's largest forest blocks.","description":"Sambisa spans southern Borno with open woodland, grassland, and seasonal streams draining toward the Yedseram. It is ecologically important Sahel–Sudan transition habitat, though much of the reserve has been degraded by conflict and land-use change since the 2010s.","elevationNote":"~350–500 m","statesCrossed":"[\"Borno\"]","character":"Open woodland, seasonal streams, Sahel fringe ecology.","economy":"Limited ecotourism potential; historically grazing and dry-season farming.","highlights":"[\"Borno woodland belt\",\"Sahel–Sudan transition\",\"Yedseram drainage\"]","wikiUrl":"https://en.wikipedia.org/wiki/Sambisa_Forest","domain":"ecology","isLabelAnchor":false},"geometry":{"type":"Point","coordinates":[13.369525144013071,11.560159590970626]}},{"type":"Feature","properties":{"layerId":"ecology","kind":"ecology","id":"ecology-sambisa-forest","name":"Sambisa Forest","featureKind":"point","landformType":"forest","sizeTier":"major","type":"Dry woodland / forest reserve","summary":"Vast woodland–grassland complex south of Maiduguri, historically among Nigeria's largest forest blocks.","description":"Sambisa spans southern Borno with open woodland, grassland, and seasonal streams draining toward the Yedseram. It is ecologically important Sahel–Sudan transition habitat, though much of the reserve has been degraded by conflict and land-use change since the 2010s.","elevationNote":"~350–500 m","statesCrossed":"[\"Borno\"]","character":"Open woodland, seasonal streams, Sahel fringe ecology.","economy":"Limited ecotourism potential; historically grazing and dry-season farming.","highlights":"[\"Borno woodland belt\",\"Sahel–Sudan transition\",\"Yedseram drainage\"]","wikiUrl":"https://en.wikipedia.org/wiki/Sambisa_Forest","domain":"ecology","isLabelAnchor":false},"geometry":{"type":"Point","coordinates":[12.040110503665602,11.571195449698301]}},{"type":"Feature","properties":{"layerId":"ecology","kind":"ecology","id":"ecology-sambisa-forest","name":"Sambisa Forest","featureKind":"point","landformType":"forest","sizeTier":"major","type":"Dry woodland / forest reserve","summary":"Vast woodland–grassland complex south of Maiduguri, historically among Nigeria's largest forest blocks.","description":"Sambisa spans southern Borno with open woodland, grassland, and seasonal streams draining toward the Yedseram. It is ecologically important Sahel–Sudan transition habitat, though much of the reserve has been degraded by conflict and land-use change since the 2010s.","elevationNote":"~350–500 m","statesCrossed":"[\"Borno\"]","character":"Open woodland, seasonal streams, Sahel fringe ecology.","economy":"Limited ecotourism potential; historically grazing and dry-season farming.","highlights":"[\"Borno woodland belt\",\"Sahel–Sudan transition\",\"Yedseram drainage\"]","wikiUrl":"https://en.wikipedia.org/wiki/Sambisa_Forest","domain":"ecology","isLabelAnchor":false},"geometry":{"type":"Point","coordinates":[11.383222413784278,10.902688458040409]}},{"type":"Feature","properties":{"layerId":"ecology","kind":"ecology","id":"ecology-sambisa-forest","name":"Sambisa Forest","featureKind":"point","landformType":"forest","sizeTier":"major","type":"Dry woodland / forest reserve","summary":"Vast woodland–grassland complex south of Maiduguri, historically among Nigeria's largest forest blocks.","description":"Sambisa spans southern Borno with open woodland, grassland, and seasonal streams draining toward the Yedseram. It is ecologically important Sahel–Sudan transition habitat, though much of the reserve has been degraded by conflict and land-use change since the 2010s.","elevationNote":"~350–500 m","statesCrossed":"[\"Borno\"]","character":"Open woodland, seasonal streams, Sahel fringe ecology.","economy":"Limited ecotourism potential; historically grazing and dry-season farming.","highlights":"[\"Borno woodland belt\",\"Sahel–Sudan transition\",\"Yedseram drainage\"]","wikiUrl":"https://en.wikipedia.org/wiki/Sambisa_Forest","domain":"ecology","isLabelAnchor":false},"geometry":{"type":"Point","coordinates":[11.91730799384158,10.445]}},{"type":"Feature","properties":{"layerId":"ecology","kind":"ecology","id":"ecology-sambisa-forest","name":"Sambisa Forest","featureKind":"point","landformType":"forest","sizeTier":"major","type":"Dry woodland / forest reserve","summary":"Vast woodland–grassland complex south of Maiduguri, historically among Nigeria's largest forest blocks.","description":"Sambisa spans southern Borno with open woodland, grassland, and seasonal streams draining toward the Yedseram. It is ecologically important Sahel–Sudan transition habitat, though much of the reserve has been degraded by conflict and land-use change since the 2010s.","elevationNote":"~350–500 m","statesCrossed":"[\"Borno\"]","character":"Open woodland, seasonal streams, Sahel fringe ecology.","economy":"Limited ecotourism potential; historically grazing and dry-season farming.","highlights":"[\"Borno woodland belt\",\"Sahel–Sudan transition\",\"Yedseram drainage\"]","wikiUrl":"https://en.wikipedia.org/wiki/Sambisa_Forest","domain":"ecology","isLabelAnchor":true},"geometry":{"type":"Point","coordinates":[11.91730799384158,11.375]}},{"type":"Feature","properties":{"layerId":"ecology","kind":"ecology","id":"ecology-sambisa-forest","name":"Sambisa Forest","featureKind":"point","landformType":"forest","sizeTier":"major","type":"Dry woodland / forest reserve","summary":"Vast woodland–grassland complex south of Maiduguri, historically among Nigeria's largest forest blocks.","description":"Sambisa spans southern Borno with open woodland, grassland, and seasonal streams draining toward the Yedseram. It is ecologically important Sahel–Sudan transition habitat, though much of the reserve has been degraded by conflict and land-use change since the 2010s.","elevationNote":"~350–500 m","statesCrossed":"[\"Borno\"]","character":"Open woodland, seasonal streams, Sahel fringe ecology.","economy":"Limited ecotourism potential; historically grazing and dry-season farming.","highlights":"[\"Borno woodland belt\",\"Sahel–Sudan transition\",\"Yedseram drainage\"]","wikiUrl":"https://en.wikipedia.org/wiki/Sambisa_Forest","domain":"ecology","isLabelAnchor":false},"geometry":{"type":"Point","coordinates":[12.86269200615842,10.445]}},{"type":"Feature","properties":{"layerId":"ecology","kind":"ecology","id":"ecology-sambisa-forest","name":"Sambisa Forest","featureKind":"point","landformType":"forest","sizeTier":"major","type":"Dry woodland / forest reserve","summary":"Vast woodland–grassland complex south of Maiduguri, historically among Nigeria's largest forest blocks.","description":"Sambisa spans southern Borno with open woodland, grassland, and seasonal streams draining toward the Yedseram. It is ecologically important Sahel–Sudan transition habitat, though much of the reserve has been degraded by conflict and land-use change since the 2010s.","elevationNote":"~350–500 m","statesCrossed":"[\"Borno\"]","character":"Open woodland, seasonal streams, Sahel fringe ecology.","economy":"Limited ecotourism potential; historically grazing and dry-season farming.","highlights":"[\"Borno woodland belt\",\"Sahel–Sudan transition\",\"Yedseram drainage\"]","wikiUrl":"https://en.wikipedia.org/wiki/Sambisa_Forest","domain":"ecology","isLabelAnchor":false},"geometry":{"type":"Point","coordinates":[12.86269200615842,11.375]}},{"type":"Feature","properties":{"layerId":"ecology","kind":"ecology","id":"ecology-cross-river-np","name":"Cross River National Park","featureKind":"point","landformType":"reserve","sizeTier":"major","type":"Lowland & montane rainforest reserve","summary":"Nigeria's flagship rainforest park in two sectors — Oban and Okwangwo — in the Cross River biodiversity hotspot.","description":"Cross River National Park protects some of West Africa's last intact lowland and montane rainforest. The Oban Hills and Okwangwo sectors harbour drill monkeys, forest elephants, chimpanzees, and exceptional plant diversity on rugged terrain near the Cameroon border.","elevationNote":"~50–900 m across sectors","statesCrossed":"[\"Cross River\"]","character":"Rainforest, rugged hills, international biodiversity hotspot.","economy":"Ecotourism, research, conservation funding.","highlights":"[\"Oban sector\",\"Okwangwo sector\",\"Cross River–Cameroon hotspot\"]","wikiUrl":"https://en.wikipedia.org/wiki/Cross_River_National_Park","domain":"ecology","isLabelAnchor":false},"geometry":{"type":"Point","coordinates":[8.823564411275457,4.934148585817584]}},{"type":"Feature","properties":{"layerId":"ecology","kind":"ecology","id":"ecology-cross-river-np","name":"Cross River National Park","featureKind":"point","landformType":"reserve","sizeTier":"major","type":"Lowland & montane rainforest reserve","summary":"Nigeria's flagship rainforest park in two sectors — Oban and Okwangwo — in the Cross River biodiversity hotspot.","description":"Cross River National Park protects some of West Africa's last intact lowland and montane rainforest. The Oban Hills and Okwangwo sectors harbour drill monkeys, forest elephants, chimpanzees, and exceptional plant diversity on rugged terrain near the Cameroon border.","elevationNote":"~50–900 m across sectors","statesCrossed":"[\"Cross River\"]","character":"Rainforest, rugged hills, international biodiversity hotspot.","economy":"Ecotourism, research, conservation funding.","highlights":"[\"Oban sector\",\"Okwangwo sector\",\"Cross River–Cameroon hotspot\"]","wikiUrl":"https://en.wikipedia.org/wiki/Cross_River_National_Park","domain":"ecology","isLabelAnchor":false},"geometry":{"type":"Point","coordinates":[9.579586891409205,5.42096256249635]}},{"type":"Feature","properties":{"layerId":"ecology","kind":"ecology","id":"ecology-cross-river-np","name":"Cross River National Park","featureKind":"point","landformType":"reserve","sizeTier":"major","type":"Lowland & montane rainforest reserve","summary":"Nigeria's flagship rainforest park in two sectors — Oban and Okwangwo — in the Cross River biodiversity hotspot.","description":"Cross River National Park protects some of West Africa's last intact lowland and montane rainforest. The Oban Hills and Okwangwo sectors harbour drill monkeys, forest elephants, chimpanzees, and exceptional plant diversity on rugged terrain near the Cameroon border.","elevationNote":"~50–900 m across sectors","statesCrossed":"[\"Cross River\"]","character":"Rainforest, rugged hills, international biodiversity hotspot.","economy":"Ecotourism, research, conservation funding.","highlights":"[\"Oban sector\",\"Okwangwo sector\",\"Cross River–Cameroon hotspot\"]","wikiUrl":"https://en.wikipedia.org/wiki/Cross_River_National_Park","domain":"ecology","isLabelAnchor":false},"geometry":{"type":"Point","coordinates":[9.548018241401811,6.579674944379416]}},{"type":"Feature","properties":{"layerId":"ecology","kind":"ecology","id":"ecology-cross-river-np","name":"Cross River National Park","featureKind":"point","landformType":"reserve","sizeTier":"major","type":"Lowland & montane rainforest reserve","summary":"Nigeria's flagship rainforest park in two sectors — Oban and Okwangwo — in the Cross River biodiversity hotspot.","description":"Cross River National Park protects some of West Africa's last intact lowland and montane rainforest. The Oban Hills and Okwangwo sectors harbour drill monkeys, forest elephants, chimpanzees, and exceptional plant diversity on rugged terrain near the Cameroon border.","elevationNote":"~50–900 m across sectors","statesCrossed":"[\"Cross River\"]","character":"Rainforest, rugged hills, international biodiversity hotspot.","economy":"Ecotourism, research, conservation funding.","highlights":"[\"Oban sector\",\"Okwangwo sector\",\"Cross River–Cameroon hotspot\"]","wikiUrl":"https://en.wikipedia.org/wiki/Cross_River_National_Park","domain":"ecology","isLabelAnchor":false},"geometry":{"type":"Point","coordinates":[8.357131296224884,6.558626215653285]}},{"type":"Feature","properties":{"layerId":"ecology","kind":"ecology","id":"ecology-cross-river-np","name":"Cross River National Park","featureKind":"point","landformType":"reserve","sizeTier":"major","type":"Lowland & montane rainforest reserve","summary":"Nigeria's flagship rainforest park in two sectors — Oban and Okwangwo — in the Cross River biodiversity hotspot.","description":"Cross River National Park protects some of West Africa's last intact lowland and montane rainforest. The Oban Hills and Okwangwo sectors harbour drill monkeys, forest elephants, chimpanzees, and exceptional plant diversity on rugged terrain near the Cameroon border.","elevationNote":"~50–900 m across sectors","statesCrossed":"[\"Cross River\"]","character":"Rainforest, rugged hills, international biodiversity hotspot.","economy":"Ecotourism, research, conservation funding.","highlights":"[\"Oban sector\",\"Okwangwo sector\",\"Cross River–Cameroon hotspot\"]","wikiUrl":"https://en.wikipedia.org/wiki/Cross_River_National_Park","domain":"ecology","isLabelAnchor":false},"geometry":{"type":"Point","coordinates":[8.193656846516815,5.519255586774197]}},{"type":"Feature","properties":{"layerId":"ecology","kind":"ecology","id":"ecology-cross-river-np","name":"Cross River National Park","featureKind":"point","landformType":"reserve","sizeTier":"major","type":"Lowland & montane rainforest reserve","summary":"Nigeria's flagship rainforest park in two sectors — Oban and Okwangwo — in the Cross River biodiversity hotspot.","description":"Cross River National Park protects some of West Africa's last intact lowland and montane rainforest. The Oban Hills and Okwangwo sectors harbour drill monkeys, forest elephants, chimpanzees, and exceptional plant diversity on rugged terrain near the Cameroon border.","elevationNote":"~50–900 m across sectors","statesCrossed":"[\"Cross River\"]","character":"Rainforest, rugged hills, international biodiversity hotspot.","economy":"Ecotourism, research, conservation funding.","highlights":"[\"Oban sector\",\"Okwangwo sector\",\"Cross River–Cameroon hotspot\"]","wikiUrl":"https://en.wikipedia.org/wiki/Cross_River_National_Park","domain":"ecology","isLabelAnchor":true},"geometry":{"type":"Point","coordinates":[8.513538616630077,5.76]}},{"type":"Feature","properties":{"layerId":"ecology","kind":"ecology","id":"ecology-cross-river-np","name":"Cross River National Park","featureKind":"point","landformType":"reserve","sizeTier":"major","type":"Lowland & montane rainforest reserve","summary":"Nigeria's flagship rainforest park in two sectors — Oban and Okwangwo — in the Cross River biodiversity hotspot.","description":"Cross River National Park protects some of West Africa's last intact lowland and montane rainforest. The Oban Hills and Okwangwo sectors harbour drill monkeys, forest elephants, chimpanzees, and exceptional plant diversity on rugged terrain near the Cameroon border.","elevationNote":"~50–900 m across sectors","statesCrossed":"[\"Cross River\"]","character":"Rainforest, rugged hills, international biodiversity hotspot.","economy":"Ecotourism, research, conservation funding.","highlights":"[\"Oban sector\",\"Okwangwo sector\",\"Cross River–Cameroon hotspot\"]","wikiUrl":"https://en.wikipedia.org/wiki/Cross_River_National_Park","domain":"ecology","isLabelAnchor":false},"geometry":{"type":"Point","coordinates":[9.266461383369924,5.76]}},{"type":"Feature","properties":{"layerId":"ecology","kind":"ecology","id":"ecology-yankari-reserve","name":"Yankari Game Reserve","featureKind":"point","landformType":"reserve","sizeTier":"medium","type":"Savanna woodland reserve","summary":"Bauchi's premier wildlife reserve around Wikki Warm Springs and open savanna woodland.","description":"Yankari is one of Nigeria's most visited protected areas, combining Sudan savanna woodland with the Wikki Warm Springs. Elephants, baboons, and antelope remain, though poaching pressure has reduced populations since peak tourism in the 1980s–90s.","elevationNote":"~200–450 m","statesCrossed":"[\"Bauchi\"]","character":"Savanna woodland, warm springs, safari tourism.","economy":"Tourism, lodge hospitality, conservation.","highlights":"[\"Wikki Warm Springs\",\"Elephant populations\",\"Bauchi tourism hub\"]","wikiUrl":"https://en.wikipedia.org/wiki/Yankari_National_Park","domain":"ecology","isLabelAnchor":true},"geometry":{"type":"Point","coordinates":[9.974236968027814,9.576786208844327]}},{"type":"Feature","properties":{"layerId":"ecology","kind":"ecology","id":"ecology-yankari-reserve","name":"Yankari Game Reserve","featureKind":"point","landformType":"reserve","sizeTier":"medium","type":"Savanna woodland reserve","summary":"Bauchi's premier wildlife reserve around Wikki Warm Springs and open savanna woodland.","description":"Yankari is one of Nigeria's most visited protected areas, combining Sudan savanna woodland with the Wikki Warm Springs. Elephants, baboons, and antelope remain, though poaching pressure has reduced populations since peak tourism in the 1980s–90s.","elevationNote":"~200–450 m","statesCrossed":"[\"Bauchi\"]","character":"Savanna woodland, warm springs, safari tourism.","economy":"Tourism, lodge hospitality, conservation.","highlights":"[\"Wikki Warm Springs\",\"Elephant populations\",\"Bauchi tourism hub\"]","wikiUrl":"https://en.wikipedia.org/wiki/Yankari_National_Park","domain":"ecology","isLabelAnchor":false},"geometry":{"type":"Point","coordinates":[10.2324463737605,10.143419626142222]}},{"type":"Feature","properties":{"layerId":"ecology","kind":"ecology","id":"ecology-yankari-reserve","name":"Yankari Game Reserve","featureKind":"point","landformType":"reserve","sizeTier":"medium","type":"Savanna woodland reserve","summary":"Bauchi's premier wildlife reserve around Wikki Warm Springs and open savanna woodland.","description":"Yankari is one of Nigeria's most visited protected areas, combining Sudan savanna woodland with the Wikki Warm Springs. Elephants, baboons, and antelope remain, though poaching pressure has reduced populations since peak tourism in the 1980s–90s.","elevationNote":"~200–450 m","statesCrossed":"[\"Bauchi\"]","character":"Savanna woodland, warm springs, safari tourism.","economy":"Tourism, lodge hospitality, conservation.","highlights":"[\"Wikki Warm Springs\",\"Elephant populations\",\"Bauchi tourism hub\"]","wikiUrl":"https://en.wikipedia.org/wiki/Yankari_National_Park","domain":"ecology","isLabelAnchor":false},"geometry":{"type":"Point","coordinates":[9.515202013416891,9.991488688274698]}},{"type":"Feature","properties":{"layerId":"ecology","kind":"ecology","id":"ecology-okomu-forest","name":"Okomu National Park","featureKind":"point","landformType":"forest","sizeTier":"medium","type":"Lowland rainforest reserve","summary":"Edo State rainforest fragment of the Niger Delta–Guinea forest transition.","description":"Okomu protects one of the last significant lowland rainforest blocks in western Nigeria. White-throated monkeys, forest buffaloes, and rich birdlife persist amid oil-palm plantation pressures on its boundaries.","elevationNote":"Mostly below 150 m","statesCrossed":"[\"Edo\"]","character":"Lowland rainforest, primate habitat, plantation fringe.","economy":"Ecotourism, research, NGO conservation.","highlights":"[\"White-throated monkey\",\"Edo rainforest remnant\",\"Forest buffalo\"]","wikiUrl":"https://en.wikipedia.org/wiki/Okomu_National_Park","domain":"ecology","isLabelAnchor":true},"geometry":{"type":"Point","coordinates":[5.417203674070294,6.100090915894817]}},{"type":"Feature","properties":{"layerId":"ecology","kind":"ecology","id":"ecology-okomu-forest","name":"Okomu National Park","featureKind":"point","landformType":"forest","sizeTier":"medium","type":"Lowland rainforest reserve","summary":"Edo State rainforest fragment of the Niger Delta–Guinea forest transition.","description":"Okomu protects one of the last significant lowland rainforest blocks in western Nigeria. White-throated monkeys, forest buffaloes, and rich birdlife persist amid oil-palm plantation pressures on its boundaries.","elevationNote":"Mostly below 150 m","statesCrossed":"[\"Edo\"]","character":"Lowland rainforest, primate habitat, plantation fringe.","economy":"Ecotourism, research, NGO conservation.","highlights":"[\"White-throated monkey\",\"Edo rainforest remnant\",\"Forest buffalo\"]","wikiUrl":"https://en.wikipedia.org/wiki/Okomu_National_Park","domain":"ecology","isLabelAnchor":false},"geometry":{"type":"Point","coordinates":[5.637810303784186,6.541801695620508]}},{"type":"Feature","properties":{"layerId":"ecology","kind":"ecology","id":"ecology-okomu-forest","name":"Okomu National Park","featureKind":"point","landformType":"forest","sizeTier":"medium","type":"Lowland rainforest reserve","summary":"Edo State rainforest fragment of the Niger Delta–Guinea forest transition.","description":"Okomu protects one of the last significant lowland rainforest blocks in western Nigeria. White-throated monkeys, forest buffaloes, and rich birdlife persist amid oil-palm plantation pressures on its boundaries.","elevationNote":"Mostly below 150 m","statesCrossed":"[\"Edo\"]","character":"Lowland rainforest, primate habitat, plantation fringe.","economy":"Ecotourism, research, NGO conservation.","highlights":"[\"White-throated monkey\",\"Edo rainforest remnant\",\"Forest buffalo\"]","wikiUrl":"https://en.wikipedia.org/wiki/Okomu_National_Park","domain":"ecology","isLabelAnchor":false},"geometry":{"type":"Point","coordinates":[5.044495137108485,6.439316811969936]}},{"type":"Feature","properties":{"layerId":"ecology","kind":"ecology","id":"ecology-kamuku-forest","name":"Kamuku National Park","featureKind":"point","landformType":"reserve","sizeTier":"medium","type":"Guinea savanna woodland reserve","summary":"Kaduna–Niger border park of savanna woodland, inselbergs, and gallery forest.","description":"Kamuku lies on the Kaduna Plateau fringe with rocky outcrops, seasonal streams, and mixed woodland. It forms part of the wider savanna conservation landscape between Birnin Gwari and the FCT.","elevationNote":"~400–700 m","statesCrossed":"[\"Kaduna\",\"Niger\"]","character":"Savanna woodland, inselbergs, gallery forest.","economy":"Limited tourism, grazing buffer zones.","highlights":"[\"Kaduna–Niger border park\",\"Rocky inselbergs\",\"Savanna woodland\"]","wikiUrl":"https://en.wikipedia.org/wiki/Kamuku_National_Park","domain":"ecology","isLabelAnchor":true},"geometry":{"type":"Point","coordinates":[7.09329048643002,10.379103578952702]}},{"type":"Feature","properties":{"layerId":"ecology","kind":"ecology","id":"ecology-kamuku-forest","name":"Kamuku National Park","featureKind":"point","landformType":"reserve","sizeTier":"medium","type":"Guinea savanna woodland reserve","summary":"Kaduna–Niger border park of savanna woodland, inselbergs, and gallery forest.","description":"Kamuku lies on the Kaduna Plateau fringe with rocky outcrops, seasonal streams, and mixed woodland. It forms part of the wider savanna conservation landscape between Birnin Gwari and the FCT.","elevationNote":"~400–700 m","statesCrossed":"[\"Kaduna\",\"Niger\"]","character":"Savanna woodland, inselbergs, gallery forest.","economy":"Limited tourism, grazing buffer zones.","highlights":"[\"Kaduna–Niger border park\",\"Rocky inselbergs\",\"Savanna woodland\"]","wikiUrl":"https://en.wikipedia.org/wiki/Kamuku_National_Park","domain":"ecology","isLabelAnchor":false},"geometry":{"type":"Point","coordinates":[7.324772812514194,11.046176162060837]}},{"type":"Feature","properties":{"layerId":"ecology","kind":"ecology","id":"ecology-kamuku-forest","name":"Kamuku National Park","featureKind":"point","landformType":"reserve","sizeTier":"medium","type":"Guinea savanna woodland reserve","summary":"Kaduna–Niger border park of savanna woodland, inselbergs, and gallery forest.","description":"Kamuku lies on the Kaduna Plateau fringe with rocky outcrops, seasonal streams, and mixed woodland. It forms part of the wider savanna conservation landscape between Birnin Gwari and the FCT.","elevationNote":"~400–700 m","statesCrossed":"[\"Kaduna\",\"Niger\"]","character":"Savanna woodland, inselbergs, gallery forest.","economy":"Limited tourism, grazing buffer zones.","highlights":"[\"Kaduna–Niger border park\",\"Rocky inselbergs\",\"Savanna woodland\"]","wikiUrl":"https://en.wikipedia.org/wiki/Kamuku_National_Park","domain":"ecology","isLabelAnchor":false},"geometry":{"type":"Point","coordinates":[6.579112875271084,10.833872211143671]}},{"type":"Feature","properties":{"layerId":"ecology","kind":"ecology","id":"ecology-old-oyo-park","name":"Old Oyo National Park","featureKind":"point","landformType":"reserve","sizeTier":"medium","type":"Savanna woodland & heritage reserve","summary":"Oyo–Kwara park preserving savanna around the ruins of the Old Oyo Empire.","description":"Old Oyo National Park combines Sudan savanna woodland with archaeological sites of the Oyo Empire capital. Wildlife includes antelope and baboons, while cultural tourism focuses on the ancient city ruins.","elevationNote":"~250–400 m","statesCrossed":"[\"Oyo\",\"Kwara\"]","character":"Savanna woodland, empire ruins, cultural landscape.","economy":"Heritage tourism, research, limited safari.","highlights":"[\"Old Oyo ruins\",\"Empire heritage\",\"Savanna wildlife\"]","wikiUrl":"https://en.wikipedia.org/wiki/Old_Oyo_National_Park","domain":"ecology","isLabelAnchor":true},"geometry":{"type":"Point","coordinates":[4.055069006590464,7.976361193744682]}},{"type":"Feature","properties":{"layerId":"ecology","kind":"ecology","id":"ecology-old-oyo-park","name":"Old Oyo National Park","featureKind":"point","landformType":"reserve","sizeTier":"medium","type":"Savanna woodland & heritage reserve","summary":"Oyo–Kwara park preserving savanna around the ruins of the Old Oyo Empire.","description":"Old Oyo National Park combines Sudan savanna woodland with archaeological sites of the Oyo Empire capital. Wildlife includes antelope and baboons, while cultural tourism focuses on the ancient city ruins.","elevationNote":"~250–400 m","statesCrossed":"[\"Oyo\",\"Kwara\"]","character":"Savanna woodland, empire ruins, cultural landscape.","economy":"Heritage tourism, research, limited safari.","highlights":"[\"Old Oyo ruins\",\"Empire heritage\",\"Savanna wildlife\"]","wikiUrl":"https://en.wikipedia.org/wiki/Old_Oyo_National_Park","domain":"ecology","isLabelAnchor":false},"geometry":{"type":"Point","coordinates":[4.327595613787298,8.542352594026639]}},{"type":"Feature","properties":{"layerId":"ecology","kind":"ecology","id":"ecology-old-oyo-park","name":"Old Oyo National Park","featureKind":"point","landformType":"reserve","sizeTier":"medium","type":"Savanna woodland & heritage reserve","summary":"Oyo–Kwara park preserving savanna around the ruins of the Old Oyo Empire.","description":"Old Oyo National Park combines Sudan savanna woodland with archaeological sites of the Oyo Empire capital. Wildlife includes antelope and baboons, while cultural tourism focuses on the ancient city ruins.","elevationNote":"~250–400 m","statesCrossed":"[\"Oyo\",\"Kwara\"]","character":"Savanna woodland, empire ruins, cultural landscape.","economy":"Heritage tourism, research, limited safari.","highlights":"[\"Old Oyo ruins\",\"Empire heritage\",\"Savanna wildlife\"]","wikiUrl":"https://en.wikipedia.org/wiki/Old_Oyo_National_Park","domain":"ecology","isLabelAnchor":false},"geometry":{"type":"Point","coordinates":[3.5768750108922918,8.403981253189643]}},{"type":"Feature","properties":{"layerId":"ecology","kind":"ecology","id":"ecology-kainji-park","name":"Kainji Lake National Park","featureKind":"point","landformType":"reserve","sizeTier":"medium","type":"Lake & savanna woodland reserve","summary":"Nigeria's first national park, wrapping Kainji Lake and Borgu Game Reserve woodlands.","description":"Created in 1979 around the Kainji Dam reservoir, the park merges lake fisheries, savanna woodland, and the Borgu sector's larger mammals. It remains a reference point for Nigerian protected-area management.","elevationNote":"~150–300 m","statesCrossed":"[\"Niger\",\"Kwara\"]","character":"Reservoir, savanna woodland, Borgu sector wildlife.","economy":"Hydropower (adjacent), tourism, fisheries.","highlights":"[\"First Nigerian national park\",\"Kainji Lake\",\"Borgu Game Reserve\"]","wikiUrl":"https://en.wikipedia.org/wiki/Kainji_Lake_National_Park","domain":"ecology","isLabelAnchor":true},"geometry":{"type":"Point","coordinates":[4.508920003240086,9.47748288551877]}},{"type":"Feature","properties":{"layerId":"ecology","kind":"ecology","id":"ecology-kainji-park","name":"Kainji Lake National Park","featureKind":"point","landformType":"reserve","sizeTier":"medium","type":"Lake & savanna woodland reserve","summary":"Nigeria's first national park, wrapping Kainji Lake and Borgu Game Reserve woodlands.","description":"Created in 1979 around the Kainji Dam reservoir, the park merges lake fisheries, savanna woodland, and the Borgu sector's larger mammals. It remains a reference point for Nigerian protected-area management.","elevationNote":"~150–300 m","statesCrossed":"[\"Niger\",\"Kwara\"]","character":"Reservoir, savanna woodland, Borgu sector wildlife.","economy":"Hydropower (adjacent), tourism, fisheries.","highlights":"[\"First Nigerian national park\",\"Kainji Lake\",\"Borgu Game Reserve\"]","wikiUrl":"https://en.wikipedia.org/wiki/Kainji_Lake_National_Park","domain":"ecology","isLabelAnchor":false},"geometry":{"type":"Point","coordinates":[4.831911403390398,10.244787834417997]}},{"type":"Feature","properties":{"layerId":"ecology","kind":"ecology","id":"ecology-kainji-park","name":"Kainji Lake National Park","featureKind":"point","landformType":"reserve","sizeTier":"medium","type":"Lake & savanna woodland reserve","summary":"Nigeria's first national park, wrapping Kainji Lake and Borgu Game Reserve woodlands.","description":"Created in 1979 around the Kainji Dam reservoir, the park merges lake fisheries, savanna woodland, and the Borgu sector's larger mammals. It remains a reference point for Nigerian protected-area management.","elevationNote":"~150–300 m","statesCrossed":"[\"Niger\",\"Kwara\"]","character":"Reservoir, savanna woodland, Borgu sector wildlife.","economy":"Hydropower (adjacent), tourism, fisheries.","highlights":"[\"First Nigerian national park\",\"Kainji Lake\",\"Borgu Game Reserve\"]","wikiUrl":"https://en.wikipedia.org/wiki/Kainji_Lake_National_Park","domain":"ecology","isLabelAnchor":false},"geometry":{"type":"Point","coordinates":[3.916108153526421,10.023665683500903]}},{"type":"Feature","properties":{"layerId":"ecology","kind":"ecology","id":"ecology-chad-basin-park","name":"Chad Basin National Park","featureKind":"point","landformType":"reserve","sizeTier":"medium","type":"Sahel floodplain & woodland reserve","summary":"Borno–Yobe park of Chad Basin wetlands, acacia woodland, and seasonal lakes.","description":"Chad Basin National Park protects Sahel floodplain and woodland near Lake Chad's former southern edge. Seasonal wetlands attract waterbirds, though drought and insecurity have reduced visitation and monitoring.","elevationNote":"~280–350 m","statesCrossed":"[\"Borno\",\"Yobe\"]","character":"Sahel woodland, seasonal wetlands, Chad Basin fringe.","economy":"Limited tourism; pastoralism in buffer zones.","highlights":"[\"Lake Chad basin ecology\",\"Seasonal wetlands\",\"Sahel birdlife\"]","wikiUrl":"https://en.wikipedia.org/wiki/Chad_Basin_National_Park","domain":"ecology","isLabelAnchor":true},"geometry":{"type":"Point","coordinates":[12.91797623425632,12.27109547941595]}},{"type":"Feature","properties":{"layerId":"ecology","kind":"ecology","id":"ecology-chad-basin-park","name":"Chad Basin National Park","featureKind":"point","landformType":"reserve","sizeTier":"medium","type":"Sahel floodplain & woodland reserve","summary":"Borno–Yobe park of Chad Basin wetlands, acacia woodland, and seasonal lakes.","description":"Chad Basin National Park protects Sahel floodplain and woodland near Lake Chad's former southern edge. Seasonal wetlands attract waterbirds, though drought and insecurity have reduced visitation and monitoring.","elevationNote":"~280–350 m","statesCrossed":"[\"Borno\",\"Yobe\"]","character":"Sahel woodland, seasonal wetlands, Chad Basin fringe.","economy":"Limited tourism; pastoralism in buffer zones.","highlights":"[\"Lake Chad basin ecology\",\"Seasonal wetlands\",\"Sahel birdlife\"]","wikiUrl":"https://en.wikipedia.org/wiki/Chad_Basin_National_Park","domain":"ecology","isLabelAnchor":false},"geometry":{"type":"Point","coordinates":[13.56013099506734,12.820177296656484]}},{"type":"Feature","properties":{"layerId":"ecology","kind":"ecology","id":"ecology-chad-basin-park","name":"Chad Basin National Park","featureKind":"point","landformType":"reserve","sizeTier":"medium","type":"Sahel floodplain & woodland reserve","summary":"Borno–Yobe park of Chad Basin wetlands, acacia woodland, and seasonal lakes.","description":"Chad Basin National Park protects Sahel floodplain and woodland near Lake Chad's former southern edge. Seasonal wetlands attract waterbirds, though drought and insecurity have reduced visitation and monitoring.","elevationNote":"~280–350 m","statesCrossed":"[\"Borno\",\"Yobe\"]","character":"Sahel woodland, seasonal wetlands, Chad Basin fringe.","economy":"Limited tourism; pastoralism in buffer zones.","highlights":"[\"Lake Chad basin ecology\",\"Seasonal wetlands\",\"Sahel birdlife\"]","wikiUrl":"https://en.wikipedia.org/wiki/Chad_Basin_National_Park","domain":"ecology","isLabelAnchor":false},"geometry":{"type":"Point","coordinates":[12.962030223892217,13.350088645688524]}},{"type":"Feature","properties":{"layerId":"ecology","kind":"ecology","id":"ecology-chad-basin-park","name":"Chad Basin National Park","featureKind":"point","landformType":"reserve","sizeTier":"medium","type":"Sahel floodplain & woodland reserve","summary":"Borno–Yobe park of Chad Basin wetlands, acacia woodland, and seasonal lakes.","description":"Chad Basin National Park protects Sahel floodplain and woodland near Lake Chad's former southern edge. Seasonal wetlands attract waterbirds, though drought and insecurity have reduced visitation and monitoring.","elevationNote":"~280–350 m","statesCrossed":"[\"Borno\",\"Yobe\"]","character":"Sahel woodland, seasonal wetlands, Chad Basin fringe.","economy":"Limited tourism; pastoralism in buffer zones.","highlights":"[\"Lake Chad basin ecology\",\"Seasonal wetlands\",\"Sahel birdlife\"]","wikiUrl":"https://en.wikipedia.org/wiki/Chad_Basin_National_Park","domain":"ecology","isLabelAnchor":false},"geometry":{"type":"Point","coordinates":[12.318693370325981,12.829678997551257]}},{"type":"Feature","properties":{"layerId":"ecology","kind":"ecology","id":"ecology-edumanom-forest","name":"Edumanom Forest Reserve","featureKind":"point","landformType":"forest","sizeTier":"medium","type":"Niger Delta rainforest fragment","summary":"Bayelsa rainforest block with Nigeria's last known population of Niger Delta red colobus.","description":"Edumanom is a critically important Niger Delta rainforest fragment near Nembe. It hosts endangered primates and rich lowland forest biodiversity amid intense oil-industry pressure and community land claims.","elevationNote":"Near sea level; freshwater swamp fringe","statesCrossed":"[\"Bayelsa\"]","character":"Lowland rainforest, primate refuge, delta ecology.","economy":"Conservation NGOs, limited research access.","highlights":"[\"Niger Delta red colobus\",\"Delta rainforest remnant\",\"Endangered primate habitat\"]","wikiUrl":"https://en.wikipedia.org/wiki/Edumanom_Forest","domain":"ecology","isLabelAnchor":true},"geometry":{"type":"Point","coordinates":[6.604975830434085,4.7760720664578225]}},{"type":"Feature","properties":{"layerId":"ecology","kind":"ecology","id":"ecology-edumanom-forest","name":"Edumanom Forest Reserve","featureKind":"point","landformType":"forest","sizeTier":"medium","type":"Niger Delta rainforest fragment","summary":"Bayelsa rainforest block with Nigeria's last known population of Niger Delta red colobus.","description":"Edumanom is a critically important Niger Delta rainforest fragment near Nembe. It hosts endangered primates and rich lowland forest biodiversity amid intense oil-industry pressure and community land claims.","elevationNote":"Near sea level; freshwater swamp fringe","statesCrossed":"[\"Bayelsa\"]","character":"Lowland rainforest, primate refuge, delta ecology.","economy":"Conservation NGOs, limited research access.","highlights":"[\"Niger Delta red colobus\",\"Delta rainforest remnant\",\"Endangered primate habitat\"]","wikiUrl":"https://en.wikipedia.org/wiki/Edumanom_Forest","domain":"ecology","isLabelAnchor":false},"geometry":{"type":"Point","coordinates":[6.832620323860594,5.242033499046241]}},{"type":"Feature","properties":{"layerId":"ecology","kind":"ecology","id":"ecology-edumanom-forest","name":"Edumanom Forest Reserve","featureKind":"point","landformType":"forest","sizeTier":"medium","type":"Niger Delta rainforest fragment","summary":"Bayelsa rainforest block with Nigeria's last known population of Niger Delta red colobus.","description":"Edumanom is a critically important Niger Delta rainforest fragment near Nembe. It hosts endangered primates and rich lowland forest biodiversity amid intense oil-industry pressure and community land claims.","elevationNote":"Near sea level; freshwater swamp fringe","statesCrossed":"[\"Bayelsa\"]","character":"Lowland rainforest, primate refuge, delta ecology.","economy":"Conservation NGOs, limited research access.","highlights":"[\"Niger Delta red colobus\",\"Delta rainforest remnant\",\"Endangered primate habitat\"]","wikiUrl":"https://en.wikipedia.org/wiki/Edumanom_Forest","domain":"ecology","isLabelAnchor":false},"geometry":{"type":"Point","coordinates":[6.214825669473819,5.127421850670026]}}]}