{"type":"FeatureCollection","features":[{"type":"Feature","properties":{"layerId":"landforms","kind":"landforms","id":"landform-jos-plateau","name":"Jos Plateau","featureKind":"point","landformType":"plateau","sizeTier":"major","type":"Volcanic highland plateau","summary":"Volcanic highland in central Nigeria with a cooler climate and tin-mining history.","description":"The Jos Plateau is a granite and volcanic upland rising sharply above the surrounding plains. Tin and columbite mining shaped 20th-century Jos. The height brings lower temperatures, Irish potatoes and vegetables, and tourism. Gully erosion is a modern hazard.","elevationNote":"~1,200–1,829 m (Shere Hills)","statesCrossed":"[\"Plateau\"]","character":"Inselbergs, temperate crops, mining scars, tourism.","economy":"Tourism, remnant mining, highland farming, Jos urban services.","agriculture":"Young volcanic and loamy soils with good structure. Cooler temperatures allow temperate vegetables that do not thrive in the lowlands. Mine-pond water is used for small-scale irrigation.","crops":"[\"Irish potato (Solanum tuberosum) — the premier highland tuber (Bokkos, Mangu belts)\",\"Carrot, cabbage, lettuce, and onion — irrigated vegetable clusters supplying Jos markets\",\"Tomato — both rainfed and irrigation (Jos tomato-processing belt)\",\"Cucumber, green pepper, and garden egg — salad vegetables for urban centres\",\"Apple (Malus domestica) and strawberry — experimental and small-scale orchards\",\"Wheat — small highland plots where night temperatures drop\",\"Maize and beans — lower slopes and deeper valley soils\",\"Coffee (Coffea arabica) — historic plantations around Vom, Barikin Ladi\",\"Tea (Camellia sinensis) — experimental plantings on the cooler margins\",\"Avocado pear — orchards expanding around Jos and Rayfield\",\"Pineapple — mid-altitude sheltered valleys\",\"Eucalyptus, pine, and cypress — planted woodlots for fuelwood and poles\"]","planting":"[\"Plant Irish potato tubers October–November (short rains) and March–April for the main crop\",\"Use raised seedbeds in gully-prone areas to control erosion\",\"Rotate vegetables with leguminous green manures (crotalaria, mucuna) to maintain soil organic matter\",\"Irrigate leafy greens through the dry season using shallow mine ponds and hand-dug wells\",\"Plant windbreak trees (Eucalyptus, Casuarina) on exposed plateau edges to reduce wind damage\"]","highlights":"[\"Coolest large highland in Nigeria\",\"Tin heritage\",\"Shere Hills\"]","wikiUrl":"https://en.wikipedia.org/wiki/Jos_Plateau","domain":"relief","isLabelAnchor":false},"geometry":{"type":"Point","coordinates":[8.925893536920764,8.893563860907163]}},{"type":"Feature","properties":{"layerId":"landforms","kind":"landforms","id":"landform-jos-plateau","name":"Jos Plateau","featureKind":"point","landformType":"plateau","sizeTier":"major","type":"Volcanic highland plateau","summary":"Volcanic highland in central Nigeria with a cooler climate and tin-mining history.","description":"The Jos Plateau is a granite and volcanic upland rising sharply above the surrounding plains. Tin and columbite mining shaped 20th-century Jos. The height brings lower temperatures, Irish potatoes and vegetables, and tourism. Gully erosion is a modern hazard.","elevationNote":"~1,200–1,829 m (Shere Hills)","statesCrossed":"[\"Plateau\"]","character":"Inselbergs, temperate crops, mining scars, tourism.","economy":"Tourism, remnant mining, highland farming, Jos urban services.","agriculture":"Young volcanic and loamy soils with good structure. Cooler temperatures allow temperate vegetables that do not thrive in the lowlands. Mine-pond water is used for small-scale irrigation.","crops":"[\"Irish potato (Solanum tuberosum) — the premier highland tuber (Bokkos, Mangu belts)\",\"Carrot, cabbage, lettuce, and onion — irrigated vegetable clusters supplying Jos markets\",\"Tomato — both rainfed and irrigation (Jos tomato-processing belt)\",\"Cucumber, green pepper, and garden egg — salad vegetables for urban centres\",\"Apple (Malus domestica) and strawberry — experimental and small-scale orchards\",\"Wheat — small highland plots where night temperatures drop\",\"Maize and beans — lower slopes and deeper valley soils\",\"Coffee (Coffea arabica) — historic plantations around Vom, Barikin Ladi\",\"Tea (Camellia sinensis) — experimental plantings on the cooler margins\",\"Avocado pear — orchards expanding around Jos and Rayfield\",\"Pineapple — mid-altitude sheltered valleys\",\"Eucalyptus, pine, and cypress — planted woodlots for fuelwood and poles\"]","planting":"[\"Plant Irish potato tubers October–November (short rains) and March–April for the main crop\",\"Use raised seedbeds in gully-prone areas to control erosion\",\"Rotate vegetables with leguminous green manures (crotalaria, mucuna) to maintain soil organic matter\",\"Irrigate leafy greens through the dry season using shallow mine ponds and hand-dug wells\",\"Plant windbreak trees (Eucalyptus, Casuarina) on exposed plateau edges to reduce wind damage\"]","highlights":"[\"Coolest large highland in Nigeria\",\"Tin heritage\",\"Shere Hills\"]","wikiUrl":"https://en.wikipedia.org/wiki/Jos_Plateau","domain":"relief","isLabelAnchor":false},"geometry":{"type":"Point","coordinates":[9.875843163495357,9.149107505934394]}},{"type":"Feature","properties":{"layerId":"landforms","kind":"landforms","id":"landform-jos-plateau","name":"Jos Plateau","featureKind":"point","landformType":"plateau","sizeTier":"major","type":"Volcanic highland plateau","summary":"Volcanic highland in central Nigeria with a cooler climate and tin-mining history.","description":"The Jos Plateau is a granite and volcanic upland rising sharply above the surrounding plains. Tin and columbite mining shaped 20th-century Jos. The height brings lower temperatures, Irish potatoes and vegetables, and tourism. Gully erosion is a modern hazard.","elevationNote":"~1,200–1,829 m (Shere Hills)","statesCrossed":"[\"Plateau\"]","character":"Inselbergs, temperate crops, mining scars, tourism.","economy":"Tourism, remnant mining, highland farming, Jos urban services.","agriculture":"Young volcanic and loamy soils with good structure. Cooler temperatures allow temperate vegetables that do not thrive in the lowlands. Mine-pond water is used for small-scale irrigation.","crops":"[\"Irish potato (Solanum tuberosum) — the premier highland tuber (Bokkos, Mangu belts)\",\"Carrot, cabbage, lettuce, and onion — irrigated vegetable clusters supplying Jos markets\",\"Tomato — both rainfed and irrigation (Jos tomato-processing belt)\",\"Cucumber, green pepper, and garden egg — salad vegetables for urban centres\",\"Apple (Malus domestica) and strawberry — experimental and small-scale orchards\",\"Wheat — small highland plots where night temperatures drop\",\"Maize and beans — lower slopes and deeper valley soils\",\"Coffee (Coffea arabica) — historic plantations around Vom, Barikin Ladi\",\"Tea (Camellia sinensis) — experimental plantings on the cooler margins\",\"Avocado pear — orchards expanding around Jos and Rayfield\",\"Pineapple — mid-altitude sheltered valleys\",\"Eucalyptus, pine, and cypress — planted woodlots for fuelwood and poles\"]","planting":"[\"Plant Irish potato tubers October–November (short rains) and March–April for the main crop\",\"Use raised seedbeds in gully-prone areas to control erosion\",\"Rotate vegetables with leguminous green manures (crotalaria, mucuna) to maintain soil organic matter\",\"Irrigate leafy greens through the dry season using shallow mine ponds and hand-dug wells\",\"Plant windbreak trees (Eucalyptus, Casuarina) on exposed plateau edges to reduce wind damage\"]","highlights":"[\"Coolest large highland in Nigeria\",\"Tin heritage\",\"Shere Hills\"]","wikiUrl":"https://en.wikipedia.org/wiki/Jos_Plateau","domain":"relief","isLabelAnchor":false},"geometry":{"type":"Point","coordinates":[9.907673120035957,10.267980466948197]}},{"type":"Feature","properties":{"layerId":"landforms","kind":"landforms","id":"landform-jos-plateau","name":"Jos Plateau","featureKind":"point","landformType":"plateau","sizeTier":"major","type":"Volcanic highland plateau","summary":"Volcanic highland in central Nigeria with a cooler climate and tin-mining history.","description":"The Jos Plateau is a granite and volcanic upland rising sharply above the surrounding plains. Tin and columbite mining shaped 20th-century Jos. The height brings lower temperatures, Irish potatoes and vegetables, and tourism. Gully erosion is a modern hazard.","elevationNote":"~1,200–1,829 m (Shere Hills)","statesCrossed":"[\"Plateau\"]","character":"Inselbergs, temperate crops, mining scars, tourism.","economy":"Tourism, remnant mining, highland farming, Jos urban services.","agriculture":"Young volcanic and loamy soils with good structure. Cooler temperatures allow temperate vegetables that do not thrive in the lowlands. Mine-pond water is used for small-scale irrigation.","crops":"[\"Irish potato (Solanum tuberosum) — the premier highland tuber (Bokkos, Mangu belts)\",\"Carrot, cabbage, lettuce, and onion — irrigated vegetable clusters supplying Jos markets\",\"Tomato — both rainfed and irrigation (Jos tomato-processing belt)\",\"Cucumber, green pepper, and garden egg — salad vegetables for urban centres\",\"Apple (Malus domestica) and strawberry — experimental and small-scale orchards\",\"Wheat — small highland plots where night temperatures drop\",\"Maize and beans — lower slopes and deeper valley soils\",\"Coffee (Coffea arabica) — historic plantations around Vom, Barikin Ladi\",\"Tea (Camellia sinensis) — experimental plantings on the cooler margins\",\"Avocado pear — orchards expanding around Jos and Rayfield\",\"Pineapple — mid-altitude sheltered valleys\",\"Eucalyptus, pine, and cypress — planted woodlots for fuelwood and poles\"]","planting":"[\"Plant Irish potato tubers October–November (short rains) and March–April for the main crop\",\"Use raised seedbeds in gully-prone areas to control erosion\",\"Rotate vegetables with leguminous green manures (crotalaria, mucuna) to maintain soil organic matter\",\"Irrigate leafy greens through the dry season using shallow mine ponds and hand-dug wells\",\"Plant windbreak trees (Eucalyptus, Casuarina) on exposed plateau edges to reduce wind damage\"]","highlights":"[\"Coolest large highland in Nigeria\",\"Tin heritage\",\"Shere Hills\"]","wikiUrl":"https://en.wikipedia.org/wiki/Jos_Plateau","domain":"relief","isLabelAnchor":false},"geometry":{"type":"Point","coordinates":[8.769744119506052,10.251400138294889]}},{"type":"Feature","properties":{"layerId":"landforms","kind":"landforms","id":"landform-jos-plateau","name":"Jos Plateau","featureKind":"point","landformType":"plateau","sizeTier":"major","type":"Volcanic highland plateau","summary":"Volcanic highland in central Nigeria with a cooler climate and tin-mining history.","description":"The Jos Plateau is a granite and volcanic upland rising sharply above the surrounding plains. Tin and columbite mining shaped 20th-century Jos. The height brings lower temperatures, Irish potatoes and vegetables, and tourism. Gully erosion is a modern hazard.","elevationNote":"~1,200–1,829 m (Shere Hills)","statesCrossed":"[\"Plateau\"]","character":"Inselbergs, temperate crops, mining scars, tourism.","economy":"Tourism, remnant mining, highland farming, Jos urban services.","agriculture":"Young volcanic and loamy soils with good structure. Cooler temperatures allow temperate vegetables that do not thrive in the lowlands. Mine-pond water is used for small-scale irrigation.","crops":"[\"Irish potato (Solanum tuberosum) — the premier highland tuber (Bokkos, Mangu belts)\",\"Carrot, cabbage, lettuce, and onion — irrigated vegetable clusters supplying Jos markets\",\"Tomato — both rainfed and irrigation (Jos tomato-processing belt)\",\"Cucumber, green pepper, and garden egg — salad vegetables for urban centres\",\"Apple (Malus domestica) and strawberry — experimental and small-scale orchards\",\"Wheat — small highland plots where night temperatures drop\",\"Maize and beans — lower slopes and deeper valley soils\",\"Coffee (Coffea arabica) — historic plantations around Vom, Barikin Ladi\",\"Tea (Camellia sinensis) — experimental plantings on the cooler margins\",\"Avocado pear — orchards expanding around Jos and Rayfield\",\"Pineapple — mid-altitude sheltered valleys\",\"Eucalyptus, pine, and cypress — planted woodlots for fuelwood and poles\"]","planting":"[\"Plant Irish potato tubers October–November (short rains) and March–April for the main crop\",\"Use raised seedbeds in gully-prone areas to control erosion\",\"Rotate vegetables with leguminous green manures (crotalaria, mucuna) to maintain soil organic matter\",\"Irrigate leafy greens through the dry season using shallow mine ponds and hand-dug wells\",\"Plant windbreak trees (Eucalyptus, Casuarina) on exposed plateau edges to reduce wind damage\"]","highlights":"[\"Coolest large highland in Nigeria\",\"Tin heritage\",\"Shere Hills\"]","wikiUrl":"https://en.wikipedia.org/wiki/Jos_Plateau","domain":"relief","isLabelAnchor":false},"geometry":{"type":"Point","coordinates":[8.371254329355438,9.450505613780932]}},{"type":"Feature","properties":{"layerId":"landforms","kind":"landforms","id":"landform-jos-plateau","name":"Jos Plateau","featureKind":"point","landformType":"plateau","sizeTier":"major","type":"Volcanic highland plateau","summary":"Volcanic highland in central Nigeria with a cooler climate and tin-mining history.","description":"The Jos Plateau is a granite and volcanic upland rising sharply above the surrounding plains. Tin and columbite mining shaped 20th-century Jos. The height brings lower temperatures, Irish potatoes and vegetables, and tourism. Gully erosion is a modern hazard.","elevationNote":"~1,200–1,829 m (Shere Hills)","statesCrossed":"[\"Plateau\"]","character":"Inselbergs, temperate crops, mining scars, tourism.","economy":"Tourism, remnant mining, highland farming, Jos urban services.","agriculture":"Young volcanic and loamy soils with good structure. Cooler temperatures allow temperate vegetables that do not thrive in the lowlands. Mine-pond water is used for small-scale irrigation.","crops":"[\"Irish potato (Solanum tuberosum) — the premier highland tuber (Bokkos, Mangu belts)\",\"Carrot, cabbage, lettuce, and onion — irrigated vegetable clusters supplying Jos markets\",\"Tomato — both rainfed and irrigation (Jos tomato-processing belt)\",\"Cucumber, green pepper, and garden egg — salad vegetables for urban centres\",\"Apple (Malus domestica) and strawberry — experimental and small-scale orchards\",\"Wheat — small highland plots where night temperatures drop\",\"Maize and beans — lower slopes and deeper valley soils\",\"Coffee (Coffea arabica) — historic plantations around Vom, Barikin Ladi\",\"Tea (Camellia sinensis) — experimental plantings on the cooler margins\",\"Avocado pear — orchards expanding around Jos and Rayfield\",\"Pineapple — mid-altitude sheltered valleys\",\"Eucalyptus, pine, and cypress — planted woodlots for fuelwood and poles\"]","planting":"[\"Plant Irish potato tubers October–November (short rains) and March–April for the main crop\",\"Use raised seedbeds in gully-prone areas to control erosion\",\"Rotate vegetables with leguminous green manures (crotalaria, mucuna) to maintain soil organic matter\",\"Irrigate leafy greens through the dry season using shallow mine ponds and hand-dug wells\",\"Plant windbreak trees (Eucalyptus, Casuarina) on exposed plateau edges to reduce wind damage\"]","highlights":"[\"Coolest large highland in Nigeria\",\"Tin heritage\",\"Shere Hills\"]","wikiUrl":"https://en.wikipedia.org/wiki/Jos_Plateau","domain":"relief","isLabelAnchor":false},"geometry":{"type":"Point","coordinates":[8.785636990230536,9.235000000000001]}},{"type":"Feature","properties":{"layerId":"landforms","kind":"landforms","id":"landform-jos-plateau","name":"Jos Plateau","featureKind":"point","landformType":"plateau","sizeTier":"major","type":"Volcanic highland plateau","summary":"Volcanic highland in central Nigeria with a cooler climate and tin-mining history.","description":"The Jos Plateau is a granite and volcanic upland rising sharply above the surrounding plains. Tin and columbite mining shaped 20th-century Jos. The height brings lower temperatures, Irish potatoes and vegetables, and tourism. Gully erosion is a modern hazard.","elevationNote":"~1,200–1,829 m (Shere Hills)","statesCrossed":"[\"Plateau\"]","character":"Inselbergs, temperate crops, mining scars, tourism.","economy":"Tourism, remnant mining, highland farming, Jos urban services.","agriculture":"Young volcanic and loamy soils with good structure. Cooler temperatures allow temperate vegetables that do not thrive in the lowlands. Mine-pond water is used for small-scale irrigation.","crops":"[\"Irish potato (Solanum tuberosum) — the premier highland tuber (Bokkos, Mangu belts)\",\"Carrot, cabbage, lettuce, and onion — irrigated vegetable clusters supplying Jos markets\",\"Tomato — both rainfed and irrigation (Jos tomato-processing belt)\",\"Cucumber, green pepper, and garden egg — salad vegetables for urban centres\",\"Apple (Malus domestica) and strawberry — experimental and small-scale orchards\",\"Wheat — small highland plots where night temperatures drop\",\"Maize and beans — lower slopes and deeper valley soils\",\"Coffee (Coffea arabica) — historic plantations around Vom, Barikin Ladi\",\"Tea (Camellia sinensis) — experimental plantings on the cooler margins\",\"Avocado pear — orchards expanding around Jos and Rayfield\",\"Pineapple — mid-altitude sheltered valleys\",\"Eucalyptus, pine, and cypress — planted woodlots for fuelwood and poles\"]","planting":"[\"Plant Irish potato tubers October–November (short rains) and March–April for the main crop\",\"Use raised seedbeds in gully-prone areas to control erosion\",\"Rotate vegetables with leguminous green manures (crotalaria, mucuna) to maintain soil organic matter\",\"Irrigate leafy greens through the dry season using shallow mine ponds and hand-dug wells\",\"Plant windbreak trees (Eucalyptus, Casuarina) on exposed plateau edges to reduce wind damage\"]","highlights":"[\"Coolest large highland in Nigeria\",\"Tin heritage\",\"Shere Hills\"]","wikiUrl":"https://en.wikipedia.org/wiki/Jos_Plateau","domain":"relief","isLabelAnchor":true},"geometry":{"type":"Point","coordinates":[8.785636990230536,9.935000000000002]}},{"type":"Feature","properties":{"layerId":"landforms","kind":"landforms","id":"landform-jos-plateau","name":"Jos Plateau","featureKind":"point","landformType":"plateau","sizeTier":"major","type":"Volcanic highland plateau","summary":"Volcanic highland in central Nigeria with a cooler climate and tin-mining history.","description":"The Jos Plateau is a granite and volcanic upland rising sharply above the surrounding plains. Tin and columbite mining shaped 20th-century Jos. The height brings lower temperatures, Irish potatoes and vegetables, and tourism. Gully erosion is a modern hazard.","elevationNote":"~1,200–1,829 m (Shere Hills)","statesCrossed":"[\"Plateau\"]","character":"Inselbergs, temperate crops, mining scars, tourism.","economy":"Tourism, remnant mining, highland farming, Jos urban services.","agriculture":"Young volcanic and loamy soils with good structure. Cooler temperatures allow temperate vegetables that do not thrive in the lowlands. Mine-pond water is used for small-scale irrigation.","crops":"[\"Irish potato (Solanum tuberosum) — the premier highland tuber (Bokkos, Mangu belts)\",\"Carrot, cabbage, lettuce, and onion — irrigated vegetable clusters supplying Jos markets\",\"Tomato — both rainfed and irrigation (Jos tomato-processing belt)\",\"Cucumber, green pepper, and garden egg — salad vegetables for urban centres\",\"Apple (Malus domestica) and strawberry — experimental and small-scale orchards\",\"Wheat — small highland plots where night temperatures drop\",\"Maize and beans — lower slopes and deeper valley soils\",\"Coffee (Coffea arabica) — historic plantations around Vom, Barikin Ladi\",\"Tea (Camellia sinensis) — experimental plantings on the cooler margins\",\"Avocado pear — orchards expanding around Jos and Rayfield\",\"Pineapple — mid-altitude sheltered valleys\",\"Eucalyptus, pine, and cypress — planted woodlots for fuelwood and poles\"]","planting":"[\"Plant Irish potato tubers October–November (short rains) and March–April for the main crop\",\"Use raised seedbeds in gully-prone areas to control erosion\",\"Rotate vegetables with leguminous green manures (crotalaria, mucuna) to maintain soil organic matter\",\"Irrigate leafy greens through the dry season using shallow mine ponds and hand-dug wells\",\"Plant windbreak trees (Eucalyptus, Casuarina) on exposed plateau edges to reduce wind damage\"]","highlights":"[\"Coolest large highland in Nigeria\",\"Tin heritage\",\"Shere Hills\"]","wikiUrl":"https://en.wikipedia.org/wiki/Jos_Plateau","domain":"relief","isLabelAnchor":false},"geometry":{"type":"Point","coordinates":[9.494363009769462,9.235000000000001]}},{"type":"Feature","properties":{"layerId":"landforms","kind":"landforms","id":"landform-jos-plateau","name":"Jos Plateau","featureKind":"point","landformType":"plateau","sizeTier":"major","type":"Volcanic highland plateau","summary":"Volcanic highland in central Nigeria with a cooler climate and tin-mining history.","description":"The Jos Plateau is a granite and volcanic upland rising sharply above the surrounding plains. Tin and columbite mining shaped 20th-century Jos. The height brings lower temperatures, Irish potatoes and vegetables, and tourism. Gully erosion is a modern hazard.","elevationNote":"~1,200–1,829 m (Shere Hills)","statesCrossed":"[\"Plateau\"]","character":"Inselbergs, temperate crops, mining scars, tourism.","economy":"Tourism, remnant mining, highland farming, Jos urban services.","agriculture":"Young volcanic and loamy soils with good structure. Cooler temperatures allow temperate vegetables that do not thrive in the lowlands. Mine-pond water is used for small-scale irrigation.","crops":"[\"Irish potato (Solanum tuberosum) — the premier highland tuber (Bokkos, Mangu belts)\",\"Carrot, cabbage, lettuce, and onion — irrigated vegetable clusters supplying Jos markets\",\"Tomato — both rainfed and irrigation (Jos tomato-processing belt)\",\"Cucumber, green pepper, and garden egg — salad vegetables for urban centres\",\"Apple (Malus domestica) and strawberry — experimental and small-scale orchards\",\"Wheat — small highland plots where night temperatures drop\",\"Maize and beans — lower slopes and deeper valley soils\",\"Coffee (Coffea arabica) — historic plantations around Vom, Barikin Ladi\",\"Tea (Camellia sinensis) — experimental plantings on the cooler margins\",\"Avocado pear — orchards expanding around Jos and Rayfield\",\"Pineapple — mid-altitude sheltered valleys\",\"Eucalyptus, pine, and cypress — planted woodlots for fuelwood and poles\"]","planting":"[\"Plant Irish potato tubers October–November (short rains) and March–April for the main crop\",\"Use raised seedbeds in gully-prone areas to control erosion\",\"Rotate vegetables with leguminous green manures (crotalaria, mucuna) to maintain soil organic matter\",\"Irrigate leafy greens through the dry season using shallow mine ponds and hand-dug wells\",\"Plant windbreak trees (Eucalyptus, Casuarina) on exposed plateau edges to reduce wind damage\"]","highlights":"[\"Coolest large highland in Nigeria\",\"Tin heritage\",\"Shere Hills\"]","wikiUrl":"https://en.wikipedia.org/wiki/Jos_Plateau","domain":"relief","isLabelAnchor":false},"geometry":{"type":"Point","coordinates":[9.494363009769462,9.935000000000002]}},{"type":"Feature","properties":{"layerId":"landforms","kind":"landforms","id":"landform-mambilla","name":"Mambilla Plateau","featureKind":"point","landformType":"plateau","sizeTier":"major","type":"Montane plateau","summary":"Nigeria's highest inhabited plateau on the Cameroon border in Taraba.","description":"Mambilla is a grassland plateau with tea estates and a proposed mega hydropower project. Chappal Waddi (Gangirwal) in the Gashaka-Gumti / border highlands is often cited as Nigeria's highest peak. Access is via steep escarpment roads.","elevationNote":"Plateau ~1,500–1,800 m; peaks above 2,000 m","statesCrossed":"[\"Taraba\"]","character":"Tea, cattle, montane grassland, cloud forest fragments.","economy":"Tea, livestock, proposed hydropower, limited tourism.","agriculture":"High-altitude andosols and deep loams on ancient volcanic formations. Frosts occur on the highest ground in dry season; rainfall is heavy April–October with persistent cloud cover.","crops":"[\"Tea (Camellia sinensis) — Ngel Nyaki and other estates, producing black tea for Nigerian market\",\"Arabica coffee (Coffea arabica) — higher-altitude coffee gardens\",\"Potatoes and sweet potatoes — cool-climate tuber staples\",\"Cabbage, carrot, garlic, and leek — highland vegetables for southern markets\",\"Wheat (Triticum aestivum) — smallholder plots on the plateau surface\",\"Apples, pear, and plum — experimental high-altitude deciduous fruits\",\"Fodder grasses and alfalfa for the large cattle herds\",\"Maize and beans — lower escarpment terraces\",\"Medicinal herbs and aromatic plants of the montane grassland\",\"Yam and cocoyam — in sheltered escarpment valleys\",\"Banana and plantain — lower escarpment roadsides\",\"Pinus and Cupressus plantation woodlots for timber and erosion control\"]","planting":"[\"Tea bushes planted on contour terraces at 1,500 m+; plucked year-round in the wet phase\",\"Wheat sown October–November at first break of rains and harvested March–April\",\"Potato seed tubers planted August–September at start of short rains in the montane zone\",\"Contour grass strips and bench terraces essential on steeper ground to halt sheet erosion\",\"Cattle should be excluded from young forest regeneration areas to protect water catchments\"]","highlights":"[\"Highest inhabited plateau\",\"Tea estates\",\"Mambilla Power Project\"]","wikiUrl":"https://en.wikipedia.org/wiki/Mambilla_Plateau","domain":"relief","isLabelAnchor":false},"geometry":{"type":"Point","coordinates":[10.725447811159654,6.639572799805248]}},{"type":"Feature","properties":{"layerId":"landforms","kind":"landforms","id":"landform-mambilla","name":"Mambilla Plateau","featureKind":"point","landformType":"plateau","sizeTier":"major","type":"Montane plateau","summary":"Nigeria's highest inhabited plateau on the Cameroon border in Taraba.","description":"Mambilla is a grassland plateau with tea estates and a proposed mega hydropower project. Chappal Waddi (Gangirwal) in the Gashaka-Gumti / border highlands is often cited as Nigeria's highest peak. Access is via steep escarpment roads.","elevationNote":"Plateau ~1,500–1,800 m; peaks above 2,000 m","statesCrossed":"[\"Taraba\"]","character":"Tea, cattle, montane grassland, cloud forest fragments.","economy":"Tea, livestock, proposed hydropower, limited tourism.","agriculture":"High-altitude andosols and deep loams on ancient volcanic formations. Frosts occur on the highest ground in dry season; rainfall is heavy April–October with persistent cloud cover.","crops":"[\"Tea (Camellia sinensis) — Ngel Nyaki and other estates, producing black tea for Nigerian market\",\"Arabica coffee (Coffea arabica) — higher-altitude coffee gardens\",\"Potatoes and sweet potatoes — cool-climate tuber staples\",\"Cabbage, carrot, garlic, and leek — highland vegetables for southern markets\",\"Wheat (Triticum aestivum) — smallholder plots on the plateau surface\",\"Apples, pear, and plum — experimental high-altitude deciduous fruits\",\"Fodder grasses and alfalfa for the large cattle herds\",\"Maize and beans — lower escarpment terraces\",\"Medicinal herbs and aromatic plants of the montane grassland\",\"Yam and cocoyam — in sheltered escarpment valleys\",\"Banana and plantain — lower escarpment roadsides\",\"Pinus and Cupressus plantation woodlots for timber and erosion control\"]","planting":"[\"Tea bushes planted on contour terraces at 1,500 m+; plucked year-round in the wet phase\",\"Wheat sown October–November at first break of rains and harvested March–April\",\"Potato seed tubers planted August–September at start of short rains in the montane zone\",\"Contour grass strips and bench terraces essential on steeper ground to halt sheet erosion\",\"Cattle should be excluded from young forest regeneration areas to protect water catchments\"]","highlights":"[\"Highest inhabited plateau\",\"Tea estates\",\"Mambilla Power Project\"]","wikiUrl":"https://en.wikipedia.org/wiki/Mambilla_Plateau","domain":"relief","isLabelAnchor":false},"geometry":{"type":"Point","coordinates":[11.566948598575994,6.715745618332939]}},{"type":"Feature","properties":{"layerId":"landforms","kind":"landforms","id":"landform-mambilla","name":"Mambilla Plateau","featureKind":"point","landformType":"plateau","sizeTier":"major","type":"Montane plateau","summary":"Nigeria's highest inhabited plateau on the Cameroon border in Taraba.","description":"Mambilla is a grassland plateau with tea estates and a proposed mega hydropower project. Chappal Waddi (Gangirwal) in the Gashaka-Gumti / border highlands is often cited as Nigeria's highest peak. Access is via steep escarpment roads.","elevationNote":"Plateau ~1,500–1,800 m; peaks above 2,000 m","statesCrossed":"[\"Taraba\"]","character":"Tea, cattle, montane grassland, cloud forest fragments.","economy":"Tea, livestock, proposed hydropower, limited tourism.","agriculture":"High-altitude andosols and deep loams on ancient volcanic formations. Frosts occur on the highest ground in dry season; rainfall is heavy April–October with persistent cloud cover.","crops":"[\"Tea (Camellia sinensis) — Ngel Nyaki and other estates, producing black tea for Nigerian market\",\"Arabica coffee (Coffea arabica) — higher-altitude coffee gardens\",\"Potatoes and sweet potatoes — cool-climate tuber staples\",\"Cabbage, carrot, garlic, and leek — highland vegetables for southern markets\",\"Wheat (Triticum aestivum) — smallholder plots on the plateau surface\",\"Apples, pear, and plum — experimental high-altitude deciduous fruits\",\"Fodder grasses and alfalfa for the large cattle herds\",\"Maize and beans — lower escarpment terraces\",\"Medicinal herbs and aromatic plants of the montane grassland\",\"Yam and cocoyam — in sheltered escarpment valleys\",\"Banana and plantain — lower escarpment roadsides\",\"Pinus and Cupressus plantation woodlots for timber and erosion control\"]","planting":"[\"Tea bushes planted on contour terraces at 1,500 m+; plucked year-round in the wet phase\",\"Wheat sown October–November at first break of rains and harvested March–April\",\"Potato seed tubers planted August–September at start of short rains in the montane zone\",\"Contour grass strips and bench terraces essential on steeper ground to halt sheet erosion\",\"Cattle should be excluded from young forest regeneration areas to protect water catchments\"]","highlights":"[\"Highest inhabited plateau\",\"Tea estates\",\"Mambilla Power Project\"]","wikiUrl":"https://en.wikipedia.org/wiki/Mambilla_Plateau","domain":"relief","isLabelAnchor":false},"geometry":{"type":"Point","coordinates":[11.593832272943692,7.561293074849416]}},{"type":"Feature","properties":{"layerId":"landforms","kind":"landforms","id":"landform-mambilla","name":"Mambilla Plateau","featureKind":"point","landformType":"plateau","sizeTier":"major","type":"Montane plateau","summary":"Nigeria's highest inhabited plateau on the Cameroon border in Taraba.","description":"Mambilla is a grassland plateau with tea estates and a proposed mega hydropower project. Chappal Waddi (Gangirwal) in the Gashaka-Gumti / border highlands is often cited as Nigeria's highest peak. Access is via steep escarpment roads.","elevationNote":"Plateau ~1,500–1,800 m; peaks above 2,000 m","statesCrossed":"[\"Taraba\"]","character":"Tea, cattle, montane grassland, cloud forest fragments.","economy":"Tea, livestock, proposed hydropower, limited tourism.","agriculture":"High-altitude andosols and deep loams on ancient volcanic formations. Frosts occur on the highest ground in dry season; rainfall is heavy April–October with persistent cloud cover.","crops":"[\"Tea (Camellia sinensis) — Ngel Nyaki and other estates, producing black tea for Nigerian market\",\"Arabica coffee (Coffea arabica) — higher-altitude coffee gardens\",\"Potatoes and sweet potatoes — cool-climate tuber staples\",\"Cabbage, carrot, garlic, and leek — highland vegetables for southern markets\",\"Wheat (Triticum aestivum) — smallholder plots on the plateau surface\",\"Apples, pear, and plum — experimental high-altitude deciduous fruits\",\"Fodder grasses and alfalfa for the large cattle herds\",\"Maize and beans — lower escarpment terraces\",\"Medicinal herbs and aromatic plants of the montane grassland\",\"Yam and cocoyam — in sheltered escarpment valleys\",\"Banana and plantain — lower escarpment roadsides\",\"Pinus and Cupressus plantation woodlots for timber and erosion control\"]","planting":"[\"Tea bushes planted on contour terraces at 1,500 m+; plucked year-round in the wet phase\",\"Wheat sown October–November at first break of rains and harvested March–April\",\"Potato seed tubers planted August–September at start of short rains in the montane zone\",\"Contour grass strips and bench terraces essential on steeper ground to halt sheet erosion\",\"Cattle should be excluded from young forest regeneration areas to protect water catchments\"]","highlights":"[\"Highest inhabited plateau\",\"Tea estates\",\"Mambilla Power Project\"]","wikiUrl":"https://en.wikipedia.org/wiki/Mambilla_Plateau","domain":"relief","isLabelAnchor":false},"geometry":{"type":"Point","coordinates":[10.730249325724019,7.570800304156781]}},{"type":"Feature","properties":{"layerId":"landforms","kind":"landforms","id":"landform-mambilla","name":"Mambilla Plateau","featureKind":"point","landformType":"plateau","sizeTier":"major","type":"Montane plateau","summary":"Nigeria's highest inhabited plateau on the Cameroon border in Taraba.","description":"Mambilla is a grassland plateau with tea estates and a proposed mega hydropower project. Chappal Waddi (Gangirwal) in the Gashaka-Gumti / border highlands is often cited as Nigeria's highest peak. Access is via steep escarpment roads.","elevationNote":"Plateau ~1,500–1,800 m; peaks above 2,000 m","statesCrossed":"[\"Taraba\"]","character":"Tea, cattle, montane grassland, cloud forest fragments.","economy":"Tea, livestock, proposed hydropower, limited tourism.","agriculture":"High-altitude andosols and deep loams on ancient volcanic formations. Frosts occur on the highest ground in dry season; rainfall is heavy April–October with persistent cloud cover.","crops":"[\"Tea (Camellia sinensis) — Ngel Nyaki and other estates, producing black tea for Nigerian market\",\"Arabica coffee (Coffea arabica) — higher-altitude coffee gardens\",\"Potatoes and sweet potatoes — cool-climate tuber staples\",\"Cabbage, carrot, garlic, and leek — highland vegetables for southern markets\",\"Wheat (Triticum aestivum) — smallholder plots on the plateau surface\",\"Apples, pear, and plum — experimental high-altitude deciduous fruits\",\"Fodder grasses and alfalfa for the large cattle herds\",\"Maize and beans — lower escarpment terraces\",\"Medicinal herbs and aromatic plants of the montane grassland\",\"Yam and cocoyam — in sheltered escarpment valleys\",\"Banana and plantain — lower escarpment roadsides\",\"Pinus and Cupressus plantation woodlots for timber and erosion control\"]","planting":"[\"Tea bushes planted on contour terraces at 1,500 m+; plucked year-round in the wet phase\",\"Wheat sown October–November at first break of rains and harvested March–April\",\"Potato seed tubers planted August–September at start of short rains in the montane zone\",\"Contour grass strips and bench terraces essential on steeper ground to halt sheet erosion\",\"Cattle should be excluded from young forest regeneration areas to protect water catchments\"]","highlights":"[\"Highest inhabited plateau\",\"Tea estates\",\"Mambilla Power Project\"]","wikiUrl":"https://en.wikipedia.org/wiki/Mambilla_Plateau","domain":"relief","isLabelAnchor":false},"geometry":{"type":"Point","coordinates":[10.313972763869977,7.077678429933955]}},{"type":"Feature","properties":{"layerId":"landforms","kind":"landforms","id":"landform-mambilla","name":"Mambilla Plateau","featureKind":"point","landformType":"plateau","sizeTier":"major","type":"Montane plateau","summary":"Nigeria's highest inhabited plateau on the Cameroon border in Taraba.","description":"Mambilla is a grassland plateau with tea estates and a proposed mega hydropower project. Chappal Waddi (Gangirwal) in the Gashaka-Gumti / border highlands is often cited as Nigeria's highest peak. Access is via steep escarpment roads.","elevationNote":"Plateau ~1,500–1,800 m; peaks above 2,000 m","statesCrossed":"[\"Taraba\"]","character":"Tea, cattle, montane grassland, cloud forest fragments.","economy":"Tea, livestock, proposed hydropower, limited tourism.","agriculture":"High-altitude andosols and deep loams on ancient volcanic formations. Frosts occur on the highest ground in dry season; rainfall is heavy April–October with persistent cloud cover.","crops":"[\"Tea (Camellia sinensis) — Ngel Nyaki and other estates, producing black tea for Nigerian market\",\"Arabica coffee (Coffea arabica) — higher-altitude coffee gardens\",\"Potatoes and sweet potatoes — cool-climate tuber staples\",\"Cabbage, carrot, garlic, and leek — highland vegetables for southern markets\",\"Wheat (Triticum aestivum) — smallholder plots on the plateau surface\",\"Apples, pear, and plum — experimental high-altitude deciduous fruits\",\"Fodder grasses and alfalfa for the large cattle herds\",\"Maize and beans — lower escarpment terraces\",\"Medicinal herbs and aromatic plants of the montane grassland\",\"Yam and cocoyam — in sheltered escarpment valleys\",\"Banana and plantain — lower escarpment roadsides\",\"Pinus and Cupressus plantation woodlots for timber and erosion control\"]","planting":"[\"Tea bushes planted on contour terraces at 1,500 m+; plucked year-round in the wet phase\",\"Wheat sown October–November at first break of rains and harvested March–April\",\"Potato seed tubers planted August–September at start of short rains in the montane zone\",\"Contour grass strips and bench terraces essential on steeper ground to halt sheet erosion\",\"Cattle should be excluded from young forest regeneration areas to protect water catchments\"]","highlights":"[\"Highest inhabited plateau\",\"Tea estates\",\"Mambilla Power Project\"]","wikiUrl":"https://en.wikipedia.org/wiki/Mambilla_Plateau","domain":"relief","isLabelAnchor":false},"geometry":{"type":"Point","coordinates":[10.67052810757861,6.8275]}},{"type":"Feature","properties":{"layerId":"landforms","kind":"landforms","id":"landform-mambilla","name":"Mambilla Plateau","featureKind":"point","landformType":"plateau","sizeTier":"major","type":"Montane plateau","summary":"Nigeria's highest inhabited plateau on the Cameroon border in Taraba.","description":"Mambilla is a grassland plateau with tea estates and a proposed mega hydropower project. Chappal Waddi (Gangirwal) in the Gashaka-Gumti / border highlands is often cited as Nigeria's highest peak. Access is via steep escarpment roads.","elevationNote":"Plateau ~1,500–1,800 m; peaks above 2,000 m","statesCrossed":"[\"Taraba\"]","character":"Tea, cattle, montane grassland, cloud forest fragments.","economy":"Tea, livestock, proposed hydropower, limited tourism.","agriculture":"High-altitude andosols and deep loams on ancient volcanic formations. Frosts occur on the highest ground in dry season; rainfall is heavy April–October with persistent cloud cover.","crops":"[\"Tea (Camellia sinensis) — Ngel Nyaki and other estates, producing black tea for Nigerian market\",\"Arabica coffee (Coffea arabica) — higher-altitude coffee gardens\",\"Potatoes and sweet potatoes — cool-climate tuber staples\",\"Cabbage, carrot, garlic, and leek — highland vegetables for southern markets\",\"Wheat (Triticum aestivum) — smallholder plots on the plateau surface\",\"Apples, pear, and plum — experimental high-altitude deciduous fruits\",\"Fodder grasses and alfalfa for the large cattle herds\",\"Maize and beans — lower escarpment terraces\",\"Medicinal herbs and aromatic plants of the montane grassland\",\"Yam and cocoyam — in sheltered escarpment valleys\",\"Banana and plantain — lower escarpment roadsides\",\"Pinus and Cupressus plantation woodlots for timber and erosion control\"]","planting":"[\"Tea bushes planted on contour terraces at 1,500 m+; plucked year-round in the wet phase\",\"Wheat sown October–November at first break of rains and harvested March–April\",\"Potato seed tubers planted August–September at start of short rains in the montane zone\",\"Contour grass strips and bench terraces essential on steeper ground to halt sheet erosion\",\"Cattle should be excluded from young forest regeneration areas to protect water catchments\"]","highlights":"[\"Highest inhabited plateau\",\"Tea estates\",\"Mambilla Power Project\"]","wikiUrl":"https://en.wikipedia.org/wiki/Mambilla_Plateau","domain":"relief","isLabelAnchor":true},"geometry":{"type":"Point","coordinates":[10.67052810757861,7.3925]}},{"type":"Feature","properties":{"layerId":"landforms","kind":"landforms","id":"landform-mambilla","name":"Mambilla Plateau","featureKind":"point","landformType":"plateau","sizeTier":"major","type":"Montane plateau","summary":"Nigeria's highest inhabited plateau on the Cameroon border in Taraba.","description":"Mambilla is a grassland plateau with tea estates and a proposed mega hydropower project. Chappal Waddi (Gangirwal) in the Gashaka-Gumti / border highlands is often cited as Nigeria's highest peak. Access is via steep escarpment roads.","elevationNote":"Plateau ~1,500–1,800 m; peaks above 2,000 m","statesCrossed":"[\"Taraba\"]","character":"Tea, cattle, montane grassland, cloud forest fragments.","economy":"Tea, livestock, proposed hydropower, limited tourism.","agriculture":"High-altitude andosols and deep loams on ancient volcanic formations. Frosts occur on the highest ground in dry season; rainfall is heavy April–October with persistent cloud cover.","crops":"[\"Tea (Camellia sinensis) — Ngel Nyaki and other estates, producing black tea for Nigerian market\",\"Arabica coffee (Coffea arabica) — higher-altitude coffee gardens\",\"Potatoes and sweet potatoes — cool-climate tuber staples\",\"Cabbage, carrot, garlic, and leek — highland vegetables for southern markets\",\"Wheat (Triticum aestivum) — smallholder plots on the plateau surface\",\"Apples, pear, and plum — experimental high-altitude deciduous fruits\",\"Fodder grasses and alfalfa for the large cattle herds\",\"Maize and beans — lower escarpment terraces\",\"Medicinal herbs and aromatic plants of the montane grassland\",\"Yam and cocoyam — in sheltered escarpment valleys\",\"Banana and plantain — lower escarpment roadsides\",\"Pinus and Cupressus plantation woodlots for timber and erosion control\"]","planting":"[\"Tea bushes planted on contour terraces at 1,500 m+; plucked year-round in the wet phase\",\"Wheat sown October–November at first break of rains and harvested March–April\",\"Potato seed tubers planted August–September at start of short rains in the montane zone\",\"Contour grass strips and bench terraces essential on steeper ground to halt sheet erosion\",\"Cattle should be excluded from young forest regeneration areas to protect water catchments\"]","highlights":"[\"Highest inhabited plateau\",\"Tea estates\",\"Mambilla Power Project\"]","wikiUrl":"https://en.wikipedia.org/wiki/Mambilla_Plateau","domain":"relief","isLabelAnchor":false},"geometry":{"type":"Point","coordinates":[11.23947189242139,6.8275]}},{"type":"Feature","properties":{"layerId":"landforms","kind":"landforms","id":"landform-mambilla","name":"Mambilla Plateau","featureKind":"point","landformType":"plateau","sizeTier":"major","type":"Montane plateau","summary":"Nigeria's highest inhabited plateau on the Cameroon border in Taraba.","description":"Mambilla is a grassland plateau with tea estates and a proposed mega hydropower project. Chappal Waddi (Gangirwal) in the Gashaka-Gumti / border highlands is often cited as Nigeria's highest peak. Access is via steep escarpment roads.","elevationNote":"Plateau ~1,500–1,800 m; peaks above 2,000 m","statesCrossed":"[\"Taraba\"]","character":"Tea, cattle, montane grassland, cloud forest fragments.","economy":"Tea, livestock, proposed hydropower, limited tourism.","agriculture":"High-altitude andosols and deep loams on ancient volcanic formations. Frosts occur on the highest ground in dry season; rainfall is heavy April–October with persistent cloud cover.","crops":"[\"Tea (Camellia sinensis) — Ngel Nyaki and other estates, producing black tea for Nigerian market\",\"Arabica coffee (Coffea arabica) — higher-altitude coffee gardens\",\"Potatoes and sweet potatoes — cool-climate tuber staples\",\"Cabbage, carrot, garlic, and leek — highland vegetables for southern markets\",\"Wheat (Triticum aestivum) — smallholder plots on the plateau surface\",\"Apples, pear, and plum — experimental high-altitude deciduous fruits\",\"Fodder grasses and alfalfa for the large cattle herds\",\"Maize and beans — lower escarpment terraces\",\"Medicinal herbs and aromatic plants of the montane grassland\",\"Yam and cocoyam — in sheltered escarpment valleys\",\"Banana and plantain — lower escarpment roadsides\",\"Pinus and Cupressus plantation woodlots for timber and erosion control\"]","planting":"[\"Tea bushes planted on contour terraces at 1,500 m+; plucked year-round in the wet phase\",\"Wheat sown October–November at first break of rains and harvested March–April\",\"Potato seed tubers planted August–September at start of short rains in the montane zone\",\"Contour grass strips and bench terraces essential on steeper ground to halt sheet erosion\",\"Cattle should be excluded from young forest regeneration areas to protect water catchments\"]","highlights":"[\"Highest inhabited plateau\",\"Tea estates\",\"Mambilla Power Project\"]","wikiUrl":"https://en.wikipedia.org/wiki/Mambilla_Plateau","domain":"relief","isLabelAnchor":false},"geometry":{"type":"Point","coordinates":[11.23947189242139,7.3925]}},{"type":"Feature","properties":{"layerId":"landforms","kind":"landforms","id":"landform-mandara","name":"Mandara Mountains","featureKind":"point","landformType":"mountain-range","sizeTier":"major","type":"Border volcanic range","summary":"Volcanic range along the Nigeria–Cameroon border in southern Borno / northern Adamawa fringe.","description":"The Mandara are culturally associated with hill peoples (Mandara, Sukur UNESCO cultural landscape on the Cameroon side). On the Nigerian side they form a rugged border highland above the Chad plains.","elevationNote":"Up to ~1,494 m (Oupay / Mandara peaks)","statesCrossed":"[\"Borno\",\"Adamawa\"]","character":"Terraced hills, volcanic plugs, border cultures.","economy":"Hill farming, limited cross-border trade.","highlights":"[\"Border range\",\"Volcanic plugs\",\"Sukur cultural landscape nearby\"]","wikiUrl":"https://en.wikipedia.org/wiki/Mandara_Mountains","domain":"relief","isLabelAnchor":false},"geometry":{"type":"Point","coordinates":[13.271199795318795,10.338270431000389]}},{"type":"Feature","properties":{"layerId":"landforms","kind":"landforms","id":"landform-mandara","name":"Mandara Mountains","featureKind":"point","landformType":"mountain-range","sizeTier":"major","type":"Border volcanic range","summary":"Volcanic range along the Nigeria–Cameroon border in southern Borno / northern Adamawa fringe.","description":"The Mandara are culturally associated with hill peoples (Mandara, Sukur UNESCO cultural landscape on the Cameroon side). On the Nigerian side they form a rugged border highland above the Chad plains.","elevationNote":"Up to ~1,494 m (Oupay / Mandara peaks)","statesCrossed":"[\"Borno\",\"Adamawa\"]","character":"Terraced hills, volcanic plugs, border cultures.","economy":"Hill farming, limited cross-border trade.","highlights":"[\"Border range\",\"Volcanic plugs\",\"Sukur cultural landscape nearby\"]","wikiUrl":"https://en.wikipedia.org/wiki/Mandara_Mountains","domain":"relief","isLabelAnchor":false},"geometry":{"type":"Point","coordinates":[14.06938873147858,10.443244832448451]}},{"type":"Feature","properties":{"layerId":"landforms","kind":"landforms","id":"landform-mandara","name":"Mandara Mountains","featureKind":"point","landformType":"mountain-range","sizeTier":"major","type":"Border volcanic range","summary":"Volcanic range along the Nigeria–Cameroon border in southern Borno / northern Adamawa fringe.","description":"The Mandara are culturally associated with hill peoples (Mandara, Sukur UNESCO cultural landscape on the Cameroon side). On the Nigerian side they form a rugged border highland above the Chad plains.","elevationNote":"Up to ~1,494 m (Oupay / Mandara peaks)","statesCrossed":"[\"Borno\",\"Adamawa\"]","character":"Terraced hills, volcanic plugs, border cultures.","economy":"Hill farming, limited cross-border trade.","highlights":"[\"Border range\",\"Volcanic plugs\",\"Sukur cultural landscape nearby\"]","wikiUrl":"https://en.wikipedia.org/wiki/Mandara_Mountains","domain":"relief","isLabelAnchor":false},"geometry":{"type":"Point","coordinates":[14.089626574524972,11.26419432323562]}},{"type":"Feature","properties":{"layerId":"landforms","kind":"landforms","id":"landform-mandara","name":"Mandara Mountains","featureKind":"point","landformType":"mountain-range","sizeTier":"major","type":"Border volcanic range","summary":"Volcanic range along the Nigeria–Cameroon border in southern Borno / northern Adamawa fringe.","description":"The Mandara are culturally associated with hill peoples (Mandara, Sukur UNESCO cultural landscape on the Cameroon side). On the Nigerian side they form a rugged border highland above the Chad plains.","elevationNote":"Up to ~1,494 m (Oupay / Mandara peaks)","statesCrossed":"[\"Borno\",\"Adamawa\"]","character":"Terraced hills, volcanic plugs, border cultures.","economy":"Hill farming, limited cross-border trade.","highlights":"[\"Border range\",\"Volcanic plugs\",\"Sukur cultural landscape nearby\"]","wikiUrl":"https://en.wikipedia.org/wiki/Mandara_Mountains","domain":"relief","isLabelAnchor":false},"geometry":{"type":"Point","coordinates":[13.238183540206364,11.269537832208721]}},{"type":"Feature","properties":{"layerId":"landforms","kind":"landforms","id":"landform-mandara","name":"Mandara Mountains","featureKind":"point","landformType":"mountain-range","sizeTier":"major","type":"Border volcanic range","summary":"Volcanic range along the Nigeria–Cameroon border in southern Borno / northern Adamawa fringe.","description":"The Mandara are culturally associated with hill peoples (Mandara, Sukur UNESCO cultural landscape on the Cameroon side). On the Nigerian side they form a rugged border highland above the Chad plains.","elevationNote":"Up to ~1,494 m (Oupay / Mandara peaks)","statesCrossed":"[\"Borno\",\"Adamawa\"]","character":"Terraced hills, volcanic plugs, border cultures.","economy":"Hill farming, limited cross-border trade.","highlights":"[\"Border range\",\"Volcanic plugs\",\"Sukur cultural landscape nearby\"]","wikiUrl":"https://en.wikipedia.org/wiki/Mandara_Mountains","domain":"relief","isLabelAnchor":false},"geometry":{"type":"Point","coordinates":[12.858064011069432,10.764641567002798]}},{"type":"Feature","properties":{"layerId":"landforms","kind":"landforms","id":"landform-mandara","name":"Mandara Mountains","featureKind":"point","landformType":"mountain-range","sizeTier":"major","type":"Border volcanic range","summary":"Volcanic range along the Nigeria–Cameroon border in southern Borno / northern Adamawa fringe.","description":"The Mandara are culturally associated with hill peoples (Mandara, Sukur UNESCO cultural landscape on the Cameroon side). On the Nigerian side they form a rugged border highland above the Chad plains.","elevationNote":"Up to ~1,494 m (Oupay / Mandara peaks)","statesCrossed":"[\"Borno\",\"Adamawa\"]","character":"Terraced hills, volcanic plugs, border cultures.","economy":"Hill farming, limited cross-border trade.","highlights":"[\"Border range\",\"Volcanic plugs\",\"Sukur cultural landscape nearby\"]","wikiUrl":"https://en.wikipedia.org/wiki/Mandara_Mountains","domain":"relief","isLabelAnchor":false},"geometry":{"type":"Point","coordinates":[13.205445995983137,10.540000000000001]}},{"type":"Feature","properties":{"layerId":"landforms","kind":"landforms","id":"landform-mandara","name":"Mandara Mountains","featureKind":"point","landformType":"mountain-range","sizeTier":"major","type":"Border volcanic range","summary":"Volcanic range along the Nigeria–Cameroon border in southern Borno / northern Adamawa fringe.","description":"The Mandara are culturally associated with hill peoples (Mandara, Sukur UNESCO cultural landscape on the Cameroon side). On the Nigerian side they form a rugged border highland above the Chad plains.","elevationNote":"Up to ~1,494 m (Oupay / Mandara peaks)","statesCrossed":"[\"Borno\",\"Adamawa\"]","character":"Terraced hills, volcanic plugs, border cultures.","economy":"Hill farming, limited cross-border trade.","highlights":"[\"Border range\",\"Volcanic plugs\",\"Sukur cultural landscape nearby\"]","wikiUrl":"https://en.wikipedia.org/wiki/Mandara_Mountains","domain":"relief","isLabelAnchor":true},"geometry":{"type":"Point","coordinates":[13.205445995983137,11.080000000000002]}},{"type":"Feature","properties":{"layerId":"landforms","kind":"landforms","id":"landform-mandara","name":"Mandara Mountains","featureKind":"point","landformType":"mountain-range","sizeTier":"major","type":"Border volcanic range","summary":"Volcanic range along the Nigeria–Cameroon border in southern Borno / northern Adamawa fringe.","description":"The Mandara are culturally associated with hill peoples (Mandara, Sukur UNESCO cultural landscape on the Cameroon side). On the Nigerian side they form a rugged border highland above the Chad plains.","elevationNote":"Up to ~1,494 m (Oupay / Mandara peaks)","statesCrossed":"[\"Borno\",\"Adamawa\"]","character":"Terraced hills, volcanic plugs, border cultures.","economy":"Hill farming, limited cross-border trade.","highlights":"[\"Border range\",\"Volcanic plugs\",\"Sukur cultural landscape nearby\"]","wikiUrl":"https://en.wikipedia.org/wiki/Mandara_Mountains","domain":"relief","isLabelAnchor":false},"geometry":{"type":"Point","coordinates":[13.754554004016864,10.540000000000001]}},{"type":"Feature","properties":{"layerId":"landforms","kind":"landforms","id":"landform-mandara","name":"Mandara Mountains","featureKind":"point","landformType":"mountain-range","sizeTier":"major","type":"Border volcanic range","summary":"Volcanic range along the Nigeria–Cameroon border in southern Borno / northern Adamawa fringe.","description":"The Mandara are culturally associated with hill peoples (Mandara, Sukur UNESCO cultural landscape on the Cameroon side). On the Nigerian side they form a rugged border highland above the Chad plains.","elevationNote":"Up to ~1,494 m (Oupay / Mandara peaks)","statesCrossed":"[\"Borno\",\"Adamawa\"]","character":"Terraced hills, volcanic plugs, border cultures.","economy":"Hill farming, limited cross-border trade.","highlights":"[\"Border range\",\"Volcanic plugs\",\"Sukur cultural landscape nearby\"]","wikiUrl":"https://en.wikipedia.org/wiki/Mandara_Mountains","domain":"relief","isLabelAnchor":false},"geometry":{"type":"Point","coordinates":[13.754554004016864,11.080000000000002]}},{"type":"Feature","properties":{"layerId":"landforms","kind":"landforms","id":"landform-idanre","name":"Idanre Hills","featureKind":"point","landformType":"hill","sizeTier":"medium","type":"Granite hill complex","summary":"Dramatic granite inselberg cluster and UNESCO-adjacent cultural landscape in Ondo State.","description":"Idanre Hills rise abruptly above the Ondo plain with steep ascents, ancient Oke-Idanre settlement ruins, and panoramic views. The hills are a major tourism and pilgrimage destination in southwestern Nigeria.","elevationNote":"~900–1,050 m (Orosun peak area)","statesCrossed":"[\"Ondo\"]","character":"Granite domes, sacred groves, heritage settlement.","economy":"Tourism, cocoa hinterland farming.","highlights":"[\"Oke-Idanre heritage\",\"Granite domes\",\"Southwest tourism icon\"]","wikiUrl":"https://en.wikipedia.org/wiki/Idanre","domain":"relief","isLabelAnchor":true},"geometry":{"type":"Point","coordinates":[4.907829344820612,7.260757239031043]}},{"type":"Feature","properties":{"layerId":"landforms","kind":"landforms","id":"landform-shere-hills","name":"Shere Hills","featureKind":"point","landformType":"hill","sizeTier":"medium","type":"Granite hill range","summary":"Rocky highland within the Jos Plateau and a popular hiking destination.","description":"Shere Hills form a jagged granite skyline near Jos with peaks including Peak 1 (~1,829 m). Rock climbing, hiking, and cool-climate tourism draw visitors from across Nigeria.","elevationNote":"~1,500–1,829 m","statesCrossed":"[\"Plateau\"]","character":"Granite tors, hiking trails, cool climate.","economy":"Tourism, Jos weekend recreation.","highlights":"[\"Highest points near Jos\",\"Rock climbing\",\"Granite skyline\"]","wikiUrl":"https://en.wikipedia.org/wiki/Jos_Plateau","domain":"relief","isLabelAnchor":true},"geometry":{"type":"Point","coordinates":[9.008139502325614,10.09185482409249]}},{"type":"Feature","properties":{"layerId":"landforms","kind":"landforms","id":"landform-udi-escarpment","name":"Udi–Nsukka Escarpment","featureKind":"point","landformType":"escarpment","sizeTier":"medium","type":"Coalfield escarpment","summary":"Eastern Nigeria escarpment above the Cross River basin; Enugu coal belt.","description":"The Udi Hills and Nsukka escarpment mark the edge of the Enugu Plateau. Coal seams here fuelled Nigeria's railway era. The ridge now hosts Enugu city, universities, and forest patches.","elevationNote":"~300–500 m above surrounding lowlands","statesCrossed":"[\"Enugu\"]","character":"Coal measures, forest patches, university towns.","economy":"Coal heritage, Enugu urban economy, education.","highlights":"[\"Enugu coal history\",\"Escarpment forests\",\"Nsukka plateau edge\"]","wikiUrl":"https://en.wikipedia.org/wiki/Enugu","domain":"relief","isLabelAnchor":true},"geometry":{"type":"Point","coordinates":[7.5272085612750255,6.147617522823173]}},{"type":"Feature","properties":{"layerId":"landforms","kind":"landforms","id":"landform-udi-escarpment","name":"Udi–Nsukka Escarpment","featureKind":"point","landformType":"escarpment","sizeTier":"medium","type":"Coalfield escarpment","summary":"Eastern Nigeria escarpment above the Cross River basin; Enugu coal belt.","description":"The Udi Hills and Nsukka escarpment mark the edge of the Enugu Plateau. Coal seams here fuelled Nigeria's railway era. The ridge now hosts Enugu city, universities, and forest patches.","elevationNote":"~300–500 m above surrounding lowlands","statesCrossed":"[\"Enugu\"]","character":"Coal measures, forest patches, university towns.","economy":"Coal heritage, Enugu urban economy, education.","highlights":"[\"Enugu coal history\",\"Escarpment forests\",\"Nsukka plateau edge\"]","wikiUrl":"https://en.wikipedia.org/wiki/Enugu","domain":"relief","isLabelAnchor":false},"geometry":{"type":"Point","coordinates":[7.751004452811335,6.67635266342683]}},{"type":"Feature","properties":{"layerId":"landforms","kind":"landforms","id":"landform-udi-escarpment","name":"Udi–Nsukka Escarpment","featureKind":"point","landformType":"escarpment","sizeTier":"medium","type":"Coalfield escarpment","summary":"Eastern Nigeria escarpment above the Cross River basin; Enugu coal belt.","description":"The Udi Hills and Nsukka escarpment mark the edge of the Enugu Plateau. Coal seams here fuelled Nigeria's railway era. The ridge now hosts Enugu city, universities, and forest patches.","elevationNote":"~300–500 m above surrounding lowlands","statesCrossed":"[\"Enugu\"]","character":"Coal measures, forest patches, university towns.","economy":"Coal heritage, Enugu urban economy, education.","highlights":"[\"Enugu coal history\",\"Escarpment forests\",\"Nsukka plateau edge\"]","wikiUrl":"https://en.wikipedia.org/wiki/Enugu","domain":"relief","isLabelAnchor":false},"geometry":{"type":"Point","coordinates":[7.195020198017853,6.4874328712398945]}},{"type":"Feature","properties":{"layerId":"landforms","kind":"landforms","id":"landform-aso-rock","name":"Aso Rock","featureKind":"point","landformType":"inselberg","sizeTier":"medium","type":"Granite monolith","summary":"Iconic granite inselberg dominating Abuja's skyline and the Presidential Villa.","description":"Aso Rock is a 400-metre monolith at the heart of the Federal Capital Territory. It gives its name to Aso Villa (Presidential residence) and is visible across Abuja's Central Area.","elevationNote":"~936 m summit; ~400 m relief above plain","statesCrossed":"[\"Federal Capital Territory\"]","lon":7.536,"lat":9.08,"character":"Granite monolith, seat of government backdrop.","highlights":"[\"Presidential Villa backdrop\",\"Abuja landmark\",\"Granite inselberg\"]","wikiUrl":"https://en.wikipedia.org/wiki/Aso_Rock","domain":"relief","isLabelAnchor":true},"geometry":{"type":"Point","coordinates":[7.536,9.08]}},{"type":"Feature","properties":{"layerId":"landforms","kind":"landforms","id":"landform-zuma-rock","name":"Zuma Rock","featureKind":"point","landformType":"inselberg","sizeTier":"medium","type":"Granite inselberg","summary":"Massive monolith on the Abuja–Kaduna corridor, nicknamed the Gateway to Abuja.","description":"Zuma Rock rises ~725 m above the surrounding plain near Madalla in Niger State. Its distinctive face is visible from the Abuja–Kaduna expressway and features in Nigerian iconography.","elevationNote":"~725 m above surrounding plain (~1,125 m AMSL)","statesCrossed":"[\"Niger\",\"Federal Capital Territory\"]","lon":7.23,"lat":9.128,"character":"Granite inselberg, expressway landmark.","highlights":"[\"Gateway to Abuja\",\"725 m monolith\",\"Niger–FCT border landmark\"]","wikiUrl":"https://en.wikipedia.org/wiki/Zuma_Rock","domain":"relief","isLabelAnchor":true},"geometry":{"type":"Point","coordinates":[7.23,9.128]}},{"type":"Feature","properties":{"layerId":"landforms","kind":"landforms","id":"landform-olumo-rock","name":"Olumo Rock","featureKind":"point","landformType":"inselberg","sizeTier":"medium","type":"Granite outcrop","summary":"Historic Egba refuge rock in Abeokuta, Ogun State.","description":"Olumo Rock served as a natural fortress during 19th-century inter-tribal wars. Today it is a major cultural tourism site with caves, carvings, and views over Abeokuta.","elevationNote":"~137 m above Abeokuta","statesCrossed":"[\"Ogun\"]","lon":3.348,"lat":7.155,"character":"Granite refuge, cultural tourism.","highlights":"[\"Egba heritage\",\"Abeokuta tourism\",\"Historic refuge\"]","wikiUrl":"https://en.wikipedia.org/wiki/Olumo_Rock","domain":"relief","isLabelAnchor":true},"geometry":{"type":"Point","coordinates":[3.348,7.155]}},{"type":"Feature","properties":{"layerId":"landforms","kind":"landforms","id":"landform-chappal-waddi","name":"Chappal Waddi (Gangirwal)","featureKind":"point","landformType":"peak","sizeTier":"major","type":"Highest peak in Nigeria","summary":"Nigeria's highest point (~2,419 m) on the Mambilla / Gashaka border highlands.","description":"Chappal Waddi (also Gangirwal) lies in the Gashaka-Gumti / Mambilla border highlands in Taraba State. The peak is often cited as Nigeria's highest ground, in montane grassland and forest ecotone.","elevationNote":"~2,419 m (commonly cited highest point)","statesCrossed":"[\"Taraba\"]","lon":11.583,"lat":7.033,"character":"Montane grassland, border highlands, cloud forest fringe.","highlights":"[\"Highest point in Nigeria\",\"Gashaka-Gumti highlands\",\"Mambilla border\"]","wikiUrl":"https://en.wikipedia.org/wiki/Chappal_Waddi","domain":"relief","isLabelAnchor":true},"geometry":{"type":"Point","coordinates":[11.583,7.033]}},{"type":"Feature","properties":{"layerId":"landforms","kind":"landforms","id":"landform-wadi-kuru","name":"Wadi Kuru Peak","featureKind":"point","landformType":"peak","sizeTier":"medium","type":"Jos Plateau peak","summary":"Notable peak on the Jos Plateau used for mountaineering practice.","description":"Wadi Kuru is among the recognised high points on the Jos Plateau near Jos city, popular with hikers and mountaineering clubs.","elevationNote":"~1,300–1,400 m","statesCrossed":"[\"Plateau\"]","lon":8.92,"lat":9.78,"character":"Granite highland, hiking.","highlights":"[\"Jos hiking destination\",\"Plateau peak\"]","wikiUrl":"https://en.wikipedia.org/wiki/Jos_Plateau","domain":"relief","isLabelAnchor":true},"geometry":{"type":"Point","coordinates":[8.92,9.78]}},{"type":"Feature","properties":{"layerId":"landforms","kind":"landforms","id":"landform-obudu-plateau","name":"Obudu Plateau","featureKind":"point","landformType":"plateau","sizeTier":"major","type":"Montane plateau","summary":"Cool montane plateau and ranch resort in the Cross River highlands.","description":"Obudu Plateau rises above the Cross River lowlands with grassland, ranch tourism, and a cable car. It is among Nigeria's best-known highland holiday destinations outside Jos and Mambilla.","elevationNote":"~1,200–1,600 m","statesCrossed":"[\"Cross River\"]","character":"Montane grassland, ranch tourism, cloud forest fringe.","economy":"Tourism, ranching, hospitality.","agriculture":"Acidic montane loams over basement rocks with high rainfall. The plateau supports high-value cool-season vegetables and ranching, but steep slopes need careful erosion control.","crops":"[\"Irish potato (Solanum tuberosum) — highland potato supply to Calabar and eastern markets\",\"Carrot, cabbage, cauliflower, and broccoli — premium out-of-season vegetables\",\"Garlic and onion bulbs — high-altitude bulb crops with long storage\",\"Apple, pear, and peach orchards — established at the cattle ranch and community plots\",\"Tea and coffee — experimental plantations leveraging the cool climate\",\"Wheat and oats — small highland grain plots\",\"Beans and peas — cool-season legumes for soil rotation\",\"Pasture grasses (Cenchrus, Pennisetum, Brachiaria) — ranch fodder and hay\",\"Medicinal herbs and honey production — montane agroforestry niches\",\"Tomato and pepper — irrigated dry-season gardens\",\"Plantain and banana — in sheltered, lower escarpment positions\",\"Pine, cypress, and eucalyptus woodlots for timber and watershed protection\"]","planting":"[\"Sow potato tubers May–June as rains establish; harvest December–January at the Obudu altitude\",\"Ranch cattle should be rotationally grazed to avoid soil compaction and slope erosion\",\"Build stone-walled terraces and contour hedgerows on all sloping fields to halt sheet wash\",\"Dry-season vegetables require reliable water — harvest into the cooler cloud-forest dew zone\",\"Retain riparian forest strips along streams to feed the Obudu water-catchment areas\"]","highlights":"[\"Obudu Cattle Ranch\",\"Cable car\",\"Cross River highlands\"]","wikiUrl":"https://en.wikipedia.org/wiki/Obudu_Plateau","domain":"relief","isLabelAnchor":false},"geometry":{"type":"Point","coordinates":[9.482803041008856,6.405489002439786]}},{"type":"Feature","properties":{"layerId":"landforms","kind":"landforms","id":"landform-obudu-plateau","name":"Obudu Plateau","featureKind":"point","landformType":"plateau","sizeTier":"major","type":"Montane plateau","summary":"Cool montane plateau and ranch resort in the Cross River highlands.","description":"Obudu Plateau rises above the Cross River lowlands with grassland, ranch tourism, and a cable car. It is among Nigeria's best-known highland holiday destinations outside Jos and Mambilla.","elevationNote":"~1,200–1,600 m","statesCrossed":"[\"Cross River\"]","character":"Montane grassland, ranch tourism, cloud forest fringe.","economy":"Tourism, ranching, hospitality.","agriculture":"Acidic montane loams over basement rocks with high rainfall. The plateau supports high-value cool-season vegetables and ranching, but steep slopes need careful erosion control.","crops":"[\"Irish potato (Solanum tuberosum) — highland potato supply to Calabar and eastern markets\",\"Carrot, cabbage, cauliflower, and broccoli — premium out-of-season vegetables\",\"Garlic and onion bulbs — high-altitude bulb crops with long storage\",\"Apple, pear, and peach orchards — established at the cattle ranch and community plots\",\"Tea and coffee — experimental plantations leveraging the cool climate\",\"Wheat and oats — small highland grain plots\",\"Beans and peas — cool-season legumes for soil rotation\",\"Pasture grasses (Cenchrus, Pennisetum, Brachiaria) — ranch fodder and hay\",\"Medicinal herbs and honey production — montane agroforestry niches\",\"Tomato and pepper — irrigated dry-season gardens\",\"Plantain and banana — in sheltered, lower escarpment positions\",\"Pine, cypress, and eucalyptus woodlots for timber and watershed protection\"]","planting":"[\"Sow potato tubers May–June as rains establish; harvest December–January at the Obudu altitude\",\"Ranch cattle should be rotationally grazed to avoid soil compaction and slope erosion\",\"Build stone-walled terraces and contour hedgerows on all sloping fields to halt sheet wash\",\"Dry-season vegetables require reliable water — harvest into the cooler cloud-forest dew zone\",\"Retain riparian forest strips along streams to feed the Obudu water-catchment areas\"]","highlights":"[\"Obudu Cattle Ranch\",\"Cable car\",\"Cross River highlands\"]","wikiUrl":"https://en.wikipedia.org/wiki/Obudu_Plateau","domain":"relief","isLabelAnchor":false},"geometry":{"type":"Point","coordinates":[9.809995585460559,6.547767910560337]}},{"type":"Feature","properties":{"layerId":"landforms","kind":"landforms","id":"landform-obudu-plateau","name":"Obudu Plateau","featureKind":"point","landformType":"plateau","sizeTier":"major","type":"Montane plateau","summary":"Cool montane plateau and ranch resort in the Cross River highlands.","description":"Obudu Plateau rises above the Cross River lowlands with grassland, ranch tourism, and a cable car. It is among Nigeria's best-known highland holiday destinations outside Jos and Mambilla.","elevationNote":"~1,200–1,600 m","statesCrossed":"[\"Cross River\"]","character":"Montane grassland, ranch tourism, cloud forest fringe.","economy":"Tourism, ranching, hospitality.","agriculture":"Acidic montane loams over basement rocks with high rainfall. The plateau supports high-value cool-season vegetables and ranching, but steep slopes need careful erosion control.","crops":"[\"Irish potato (Solanum tuberosum) — highland potato supply to Calabar and eastern markets\",\"Carrot, cabbage, cauliflower, and broccoli — premium out-of-season vegetables\",\"Garlic and onion bulbs — high-altitude bulb crops with long storage\",\"Apple, pear, and peach orchards — established at the cattle ranch and community plots\",\"Tea and coffee — experimental plantations leveraging the cool climate\",\"Wheat and oats — small highland grain plots\",\"Beans and peas — cool-season legumes for soil rotation\",\"Pasture grasses (Cenchrus, Pennisetum, Brachiaria) — ranch fodder and hay\",\"Medicinal herbs and honey production — montane agroforestry niches\",\"Tomato and pepper — irrigated dry-season gardens\",\"Plantain and banana — in sheltered, lower escarpment positions\",\"Pine, cypress, and eucalyptus woodlots for timber and watershed protection\"]","planting":"[\"Sow potato tubers May–June as rains establish; harvest December–January at the Obudu altitude\",\"Ranch cattle should be rotationally grazed to avoid soil compaction and slope erosion\",\"Build stone-walled terraces and contour hedgerows on all sloping fields to halt sheet wash\",\"Dry-season vegetables require reliable water — harvest into the cooler cloud-forest dew zone\",\"Retain riparian forest strips along streams to feed the Obudu water-catchment areas\"]","highlights":"[\"Obudu Cattle Ranch\",\"Cable car\",\"Cross River highlands\"]","wikiUrl":"https://en.wikipedia.org/wiki/Obudu_Plateau","domain":"relief","isLabelAnchor":false},"geometry":{"type":"Point","coordinates":[9.783336585173215,6.908893717556936]}},{"type":"Feature","properties":{"layerId":"landforms","kind":"landforms","id":"landform-obudu-plateau","name":"Obudu Plateau","featureKind":"point","landformType":"plateau","sizeTier":"major","type":"Montane plateau","summary":"Cool montane plateau and ranch resort in the Cross River highlands.","description":"Obudu Plateau rises above the Cross River lowlands with grassland, ranch tourism, and a cable car. It is among Nigeria's best-known highland holiday destinations outside Jos and Mambilla.","elevationNote":"~1,200–1,600 m","statesCrossed":"[\"Cross River\"]","character":"Montane grassland, ranch tourism, cloud forest fringe.","economy":"Tourism, ranching, hospitality.","agriculture":"Acidic montane loams over basement rocks with high rainfall. The plateau supports high-value cool-season vegetables and ranching, but steep slopes need careful erosion control.","crops":"[\"Irish potato (Solanum tuberosum) — highland potato supply to Calabar and eastern markets\",\"Carrot, cabbage, cauliflower, and broccoli — premium out-of-season vegetables\",\"Garlic and onion bulbs — high-altitude bulb crops with long storage\",\"Apple, pear, and peach orchards — established at the cattle ranch and community plots\",\"Tea and coffee — experimental plantations leveraging the cool climate\",\"Wheat and oats — small highland grain plots\",\"Beans and peas — cool-season legumes for soil rotation\",\"Pasture grasses (Cenchrus, Pennisetum, Brachiaria) — ranch fodder and hay\",\"Medicinal herbs and honey production — montane agroforestry niches\",\"Tomato and pepper — irrigated dry-season gardens\",\"Plantain and banana — in sheltered, lower escarpment positions\",\"Pine, cypress, and eucalyptus woodlots for timber and watershed protection\"]","planting":"[\"Sow potato tubers May–June as rains establish; harvest December–January at the Obudu altitude\",\"Ranch cattle should be rotationally grazed to avoid soil compaction and slope erosion\",\"Build stone-walled terraces and contour hedgerows on all sloping fields to halt sheet wash\",\"Dry-season vegetables require reliable water — harvest into the cooler cloud-forest dew zone\",\"Retain riparian forest strips along streams to feed the Obudu water-catchment areas\"]","highlights":"[\"Obudu Cattle Ranch\",\"Cable car\",\"Cross River highlands\"]","wikiUrl":"https://en.wikipedia.org/wiki/Obudu_Plateau","domain":"relief","isLabelAnchor":false},"geometry":{"type":"Point","coordinates":[9.378128993291247,6.951352726145351]}},{"type":"Feature","properties":{"layerId":"landforms","kind":"landforms","id":"landform-obudu-plateau","name":"Obudu Plateau","featureKind":"point","landformType":"plateau","sizeTier":"major","type":"Montane plateau","summary":"Cool montane plateau and ranch resort in the Cross River highlands.","description":"Obudu Plateau rises above the Cross River lowlands with grassland, ranch tourism, and a cable car. It is among Nigeria's best-known highland holiday destinations outside Jos and Mambilla.","elevationNote":"~1,200–1,600 m","statesCrossed":"[\"Cross River\"]","character":"Montane grassland, ranch tourism, cloud forest fringe.","economy":"Tourism, ranching, hospitality.","agriculture":"Acidic montane loams over basement rocks with high rainfall. The plateau supports high-value cool-season vegetables and ranching, but steep slopes need careful erosion control.","crops":"[\"Irish potato (Solanum tuberosum) — highland potato supply to Calabar and eastern markets\",\"Carrot, cabbage, cauliflower, and broccoli — premium out-of-season vegetables\",\"Garlic and onion bulbs — high-altitude bulb crops with long storage\",\"Apple, pear, and peach orchards — established at the cattle ranch and community plots\",\"Tea and coffee — experimental plantations leveraging the cool climate\",\"Wheat and oats — small highland grain plots\",\"Beans and peas — cool-season legumes for soil rotation\",\"Pasture grasses (Cenchrus, Pennisetum, Brachiaria) — ranch fodder and hay\",\"Medicinal herbs and honey production — montane agroforestry niches\",\"Tomato and pepper — irrigated dry-season gardens\",\"Plantain and banana — in sheltered, lower escarpment positions\",\"Pine, cypress, and eucalyptus woodlots for timber and watershed protection\"]","planting":"[\"Sow potato tubers May–June as rains establish; harvest December–January at the Obudu altitude\",\"Ranch cattle should be rotationally grazed to avoid soil compaction and slope erosion\",\"Build stone-walled terraces and contour hedgerows on all sloping fields to halt sheet wash\",\"Dry-season vegetables require reliable water — harvest into the cooler cloud-forest dew zone\",\"Retain riparian forest strips along streams to feed the Obudu water-catchment areas\"]","highlights":"[\"Obudu Cattle Ranch\",\"Cable car\",\"Cross River highlands\"]","wikiUrl":"https://en.wikipedia.org/wiki/Obudu_Plateau","domain":"relief","isLabelAnchor":false},"geometry":{"type":"Point","coordinates":[9.283716411969676,6.601620630695409]}},{"type":"Feature","properties":{"layerId":"landforms","kind":"landforms","id":"landform-obudu-plateau","name":"Obudu Plateau","featureKind":"point","landformType":"plateau","sizeTier":"major","type":"Montane plateau","summary":"Cool montane plateau and ranch resort in the Cross River highlands.","description":"Obudu Plateau rises above the Cross River lowlands with grassland, ranch tourism, and a cable car. It is among Nigeria's best-known highland holiday destinations outside Jos and Mambilla.","elevationNote":"~1,200–1,600 m","statesCrossed":"[\"Cross River\"]","character":"Montane grassland, ranch tourism, cloud forest fringe.","economy":"Tourism, ranching, hospitality.","agriculture":"Acidic montane loams over basement rocks with high rainfall. The plateau supports high-value cool-season vegetables and ranching, but steep slopes need careful erosion control.","crops":"[\"Irish potato (Solanum tuberosum) — highland potato supply to Calabar and eastern markets\",\"Carrot, cabbage, cauliflower, and broccoli — premium out-of-season vegetables\",\"Garlic and onion bulbs — high-altitude bulb crops with long storage\",\"Apple, pear, and peach orchards — established at the cattle ranch and community plots\",\"Tea and coffee — experimental plantations leveraging the cool climate\",\"Wheat and oats — small highland grain plots\",\"Beans and peas — cool-season legumes for soil rotation\",\"Pasture grasses (Cenchrus, Pennisetum, Brachiaria) — ranch fodder and hay\",\"Medicinal herbs and honey production — montane agroforestry niches\",\"Tomato and pepper — irrigated dry-season gardens\",\"Plantain and banana — in sheltered, lower escarpment positions\",\"Pine, cypress, and eucalyptus woodlots for timber and watershed protection\"]","planting":"[\"Sow potato tubers May–June as rains establish; harvest December–January at the Obudu altitude\",\"Ranch cattle should be rotationally grazed to avoid soil compaction and slope erosion\",\"Build stone-walled terraces and contour hedgerows on all sloping fields to halt sheet wash\",\"Dry-season vegetables require reliable water — harvest into the cooler cloud-forest dew zone\",\"Retain riparian forest strips along streams to feed the Obudu water-catchment areas\"]","highlights":"[\"Obudu Cattle Ranch\",\"Cable car\",\"Cross River highlands\"]","wikiUrl":"https://en.wikipedia.org/wiki/Obudu_Plateau","domain":"relief","isLabelAnchor":true},"geometry":{"type":"Point","coordinates":[9.459349014969469,6.68]}},{"type":"Feature","properties":{"layerId":"landforms","kind":"landforms","id":"landform-obudu-plateau","name":"Obudu Plateau","featureKind":"point","landformType":"plateau","sizeTier":"major","type":"Montane plateau","summary":"Cool montane plateau and ranch resort in the Cross River highlands.","description":"Obudu Plateau rises above the Cross River lowlands with grassland, ranch tourism, and a cable car. It is among Nigeria's best-known highland holiday destinations outside Jos and Mambilla.","elevationNote":"~1,200–1,600 m","statesCrossed":"[\"Cross River\"]","character":"Montane grassland, ranch tourism, cloud forest fringe.","economy":"Tourism, ranching, hospitality.","agriculture":"Acidic montane loams over basement rocks with high rainfall. The plateau supports high-value cool-season vegetables and ranching, but steep slopes need careful erosion control.","crops":"[\"Irish potato (Solanum tuberosum) — highland potato supply to Calabar and eastern markets\",\"Carrot, cabbage, cauliflower, and broccoli — premium out-of-season vegetables\",\"Garlic and onion bulbs — high-altitude bulb crops with long storage\",\"Apple, pear, and peach orchards — established at the cattle ranch and community plots\",\"Tea and coffee — experimental plantations leveraging the cool climate\",\"Wheat and oats — small highland grain plots\",\"Beans and peas — cool-season legumes for soil rotation\",\"Pasture grasses (Cenchrus, Pennisetum, Brachiaria) — ranch fodder and hay\",\"Medicinal herbs and honey production — montane agroforestry niches\",\"Tomato and pepper — irrigated dry-season gardens\",\"Plantain and banana — in sheltered, lower escarpment positions\",\"Pine, cypress, and eucalyptus woodlots for timber and watershed protection\"]","planting":"[\"Sow potato tubers May–June as rains establish; harvest December–January at the Obudu altitude\",\"Ranch cattle should be rotationally grazed to avoid soil compaction and slope erosion\",\"Build stone-walled terraces and contour hedgerows on all sloping fields to halt sheet wash\",\"Dry-season vegetables require reliable water — harvest into the cooler cloud-forest dew zone\",\"Retain riparian forest strips along streams to feed the Obudu water-catchment areas\"]","highlights":"[\"Obudu Cattle Ranch\",\"Cable car\",\"Cross River highlands\"]","wikiUrl":"https://en.wikipedia.org/wiki/Obudu_Plateau","domain":"relief","isLabelAnchor":false},"geometry":{"type":"Point","coordinates":[9.660650985030532,6.68]}},{"type":"Feature","properties":{"layerId":"landforms","kind":"landforms","id":"landform-gashaka-highlands","name":"Gashaka-Gumti Highlands","featureKind":"point","landformType":"mountain-range","sizeTier":"major","type":"Montane highland / national park","summary":"Nigeria's largest national park highlands on the Cameroon border, home to Chappal Waddi.","description":"The Gashaka-Gumti sector spans rugged mountains, savanna corridors, and Nigeria's highest peaks along the Taraba–Cameroon border. It protects elephants, chimpanzees, and montane habitats.","elevationNote":"Up to ~2,419 m (Chappal Waddi)","statesCrossed":"[\"Taraba\",\"Adamawa\"]","character":"Montane forest, grassland, border peaks.","economy":"Conservation, limited ecotourism.","highlights":"[\"Largest national park\",\"Chappal Waddi peak\",\"Border biodiversity\"]","wikiUrl":"https://en.wikipedia.org/wiki/Gashaka-Gumti_National_Park","domain":"relief","isLabelAnchor":false},"geometry":{"type":"Point","coordinates":[11.51503690343183,6.84242041663769]}},{"type":"Feature","properties":{"layerId":"landforms","kind":"landforms","id":"landform-gashaka-highlands","name":"Gashaka-Gumti Highlands","featureKind":"point","landformType":"mountain-range","sizeTier":"major","type":"Montane highland / national park","summary":"Nigeria's largest national park highlands on the Cameroon border, home to Chappal Waddi.","description":"The Gashaka-Gumti sector spans rugged mountains, savanna corridors, and Nigeria's highest peaks along the Taraba–Cameroon border. It protects elephants, chimpanzees, and montane habitats.","elevationNote":"Up to ~2,419 m (Chappal Waddi)","statesCrossed":"[\"Taraba\",\"Adamawa\"]","character":"Montane forest, grassland, border peaks.","economy":"Conservation, limited ecotourism.","highlights":"[\"Largest national park\",\"Chappal Waddi peak\",\"Border biodiversity\"]","wikiUrl":"https://en.wikipedia.org/wiki/Gashaka-Gumti_National_Park","domain":"relief","isLabelAnchor":false},"geometry":{"type":"Point","coordinates":[12.382793157043565,7.236298846979375]}},{"type":"Feature","properties":{"layerId":"landforms","kind":"landforms","id":"landform-gashaka-highlands","name":"Gashaka-Gumti Highlands","featureKind":"point","landformType":"mountain-range","sizeTier":"major","type":"Montane highland / national park","summary":"Nigeria's largest national park highlands on the Cameroon border, home to Chappal Waddi.","description":"The Gashaka-Gumti sector spans rugged mountains, savanna corridors, and Nigeria's highest peaks along the Taraba–Cameroon border. It protects elephants, chimpanzees, and montane habitats.","elevationNote":"Up to ~2,419 m (Chappal Waddi)","statesCrossed":"[\"Taraba\",\"Adamawa\"]","character":"Montane forest, grassland, border peaks.","economy":"Conservation, limited ecotourism.","highlights":"[\"Largest national park\",\"Chappal Waddi peak\",\"Border biodiversity\"]","wikiUrl":"https://en.wikipedia.org/wiki/Gashaka-Gumti_National_Park","domain":"relief","isLabelAnchor":false},"geometry":{"type":"Point","coordinates":[12.363711512138885,8.373987087275381]}},{"type":"Feature","properties":{"layerId":"landforms","kind":"landforms","id":"landform-gashaka-highlands","name":"Gashaka-Gumti Highlands","featureKind":"point","landformType":"mountain-range","sizeTier":"major","type":"Montane highland / national park","summary":"Nigeria's largest national park highlands on the Cameroon border, home to Chappal Waddi.","description":"The Gashaka-Gumti sector spans rugged mountains, savanna corridors, and Nigeria's highest peaks along the Taraba–Cameroon border. It protects elephants, chimpanzees, and montane habitats.","elevationNote":"Up to ~2,419 m (Chappal Waddi)","statesCrossed":"[\"Taraba\",\"Adamawa\"]","character":"Montane forest, grassland, border peaks.","economy":"Conservation, limited ecotourism.","highlights":"[\"Largest national park\",\"Chappal Waddi peak\",\"Border biodiversity\"]","wikiUrl":"https://en.wikipedia.org/wiki/Gashaka-Gumti_National_Park","domain":"relief","isLabelAnchor":false},"geometry":{"type":"Point","coordinates":[11.170677490918337,8.330112089850221]}},{"type":"Feature","properties":{"layerId":"landforms","kind":"landforms","id":"landform-gashaka-highlands","name":"Gashaka-Gumti Highlands","featureKind":"point","landformType":"mountain-range","sizeTier":"major","type":"Montane highland / national park","summary":"Nigeria's largest national park highlands on the Cameroon border, home to Chappal Waddi.","description":"The Gashaka-Gumti sector spans rugged mountains, savanna corridors, and Nigeria's highest peaks along the Taraba–Cameroon border. It protects elephants, chimpanzees, and montane habitats.","elevationNote":"Up to ~2,419 m (Chappal Waddi)","statesCrossed":"[\"Taraba\",\"Adamawa\"]","character":"Montane forest, grassland, border peaks.","economy":"Conservation, limited ecotourism.","highlights":"[\"Largest national park\",\"Chappal Waddi peak\",\"Border biodiversity\"]","wikiUrl":"https://en.wikipedia.org/wiki/Gashaka-Gumti_National_Park","domain":"relief","isLabelAnchor":false},"geometry":{"type":"Point","coordinates":[10.881685006870404,7.424732386867714]}},{"type":"Feature","properties":{"layerId":"landforms","kind":"landforms","id":"landform-gashaka-highlands","name":"Gashaka-Gumti Highlands","featureKind":"point","landformType":"mountain-range","sizeTier":"major","type":"Montane highland / national park","summary":"Nigeria's largest national park highlands on the Cameroon border, home to Chappal Waddi.","description":"The Gashaka-Gumti sector spans rugged mountains, savanna corridors, and Nigeria's highest peaks along the Taraba–Cameroon border. It protects elephants, chimpanzees, and montane habitats.","elevationNote":"Up to ~2,419 m (Chappal Waddi)","statesCrossed":"[\"Taraba\",\"Adamawa\"]","character":"Montane forest, grassland, border peaks.","economy":"Conservation, limited ecotourism.","highlights":"[\"Largest national park\",\"Chappal Waddi peak\",\"Border biodiversity\"]","wikiUrl":"https://en.wikipedia.org/wiki/Gashaka-Gumti_National_Park","domain":"relief","isLabelAnchor":true},"geometry":{"type":"Point","coordinates":[11.287409078404043,7.26]}},{"type":"Feature","properties":{"layerId":"landforms","kind":"landforms","id":"landform-gashaka-highlands","name":"Gashaka-Gumti Highlands","featureKind":"point","landformType":"mountain-range","sizeTier":"major","type":"Montane highland / national park","summary":"Nigeria's largest national park highlands on the Cameroon border, home to Chappal Waddi.","description":"The Gashaka-Gumti sector spans rugged mountains, savanna corridors, and Nigeria's highest peaks along the Taraba–Cameroon border. It protects elephants, chimpanzees, and montane habitats.","elevationNote":"Up to ~2,419 m (Chappal Waddi)","statesCrossed":"[\"Taraba\",\"Adamawa\"]","character":"Montane forest, grassland, border peaks.","economy":"Conservation, limited ecotourism.","highlights":"[\"Largest national park\",\"Chappal Waddi peak\",\"Border biodiversity\"]","wikiUrl":"https://en.wikipedia.org/wiki/Gashaka-Gumti_National_Park","domain":"relief","isLabelAnchor":false},"geometry":{"type":"Point","coordinates":[11.287409078404043,7.96]}},{"type":"Feature","properties":{"layerId":"landforms","kind":"landforms","id":"landform-gashaka-highlands","name":"Gashaka-Gumti Highlands","featureKind":"point","landformType":"mountain-range","sizeTier":"major","type":"Montane highland / national park","summary":"Nigeria's largest national park highlands on the Cameroon border, home to Chappal Waddi.","description":"The Gashaka-Gumti sector spans rugged mountains, savanna corridors, and Nigeria's highest peaks along the Taraba–Cameroon border. It protects elephants, chimpanzees, and montane habitats.","elevationNote":"Up to ~2,419 m (Chappal Waddi)","statesCrossed":"[\"Taraba\",\"Adamawa\"]","character":"Montane forest, grassland, border peaks.","economy":"Conservation, limited ecotourism.","highlights":"[\"Largest national park\",\"Chappal Waddi peak\",\"Border biodiversity\"]","wikiUrl":"https://en.wikipedia.org/wiki/Gashaka-Gumti_National_Park","domain":"relief","isLabelAnchor":false},"geometry":{"type":"Point","coordinates":[11.992590921595957,7.26]}},{"type":"Feature","properties":{"layerId":"landforms","kind":"landforms","id":"landform-gashaka-highlands","name":"Gashaka-Gumti Highlands","featureKind":"point","landformType":"mountain-range","sizeTier":"major","type":"Montane highland / national park","summary":"Nigeria's largest national park highlands on the Cameroon border, home to Chappal Waddi.","description":"The Gashaka-Gumti sector spans rugged mountains, savanna corridors, and Nigeria's highest peaks along the Taraba–Cameroon border. It protects elephants, chimpanzees, and montane habitats.","elevationNote":"Up to ~2,419 m (Chappal Waddi)","statesCrossed":"[\"Taraba\",\"Adamawa\"]","character":"Montane forest, grassland, border peaks.","economy":"Conservation, limited ecotourism.","highlights":"[\"Largest national park\",\"Chappal Waddi peak\",\"Border biodiversity\"]","wikiUrl":"https://en.wikipedia.org/wiki/Gashaka-Gumti_National_Park","domain":"relief","isLabelAnchor":false},"geometry":{"type":"Point","coordinates":[11.992590921595957,7.96]}},{"type":"Feature","properties":{"layerId":"landforms","kind":"landforms","id":"landform-shebshi","name":"Shebshi Mountains","featureKind":"point","landformType":"mountain-range","sizeTier":"major","type":"Granite mountain range","summary":"Granite range in eastern Adamawa rising above the Benue trough.","description":"The Shebshi Mountains form a conspicuous highland block in Adamawa State with peaks over 1,400 m. They separate river basins and support mixed woodland and hill farming.","elevationNote":"Up to ~1,450 m (Mount Dimlang area)","statesCrossed":"[\"Adamawa\"]","character":"Granite peaks, woodland, hill settlements.","economy":"Hill farming, pastoralism.","highlights":"[\"Major Adamawa highland\",\"Granite peaks\",\"Benue hinterland relief\"]","wikiUrl":"https://en.wikipedia.org/wiki/Shebshi_Mountains","domain":"relief","isLabelAnchor":false},"geometry":{"type":"Point","coordinates":[9.408928522862098,7.942232844710343]}},{"type":"Feature","properties":{"layerId":"landforms","kind":"landforms","id":"landform-shebshi","name":"Shebshi Mountains","featureKind":"point","landformType":"mountain-range","sizeTier":"major","type":"Granite mountain range","summary":"Granite range in eastern Adamawa rising above the Benue trough.","description":"The Shebshi Mountains form a conspicuous highland block in Adamawa State with peaks over 1,400 m. They separate river basins and support mixed woodland and hill farming.","elevationNote":"Up to ~1,450 m (Mount Dimlang area)","statesCrossed":"[\"Adamawa\"]","character":"Granite peaks, woodland, hill settlements.","economy":"Hill farming, pastoralism.","highlights":"[\"Major Adamawa highland\",\"Granite peaks\",\"Benue hinterland relief\"]","wikiUrl":"https://en.wikipedia.org/wiki/Shebshi_Mountains","domain":"relief","isLabelAnchor":false},"geometry":{"type":"Point","coordinates":[10.176484886984076,8.229128787375247]}},{"type":"Feature","properties":{"layerId":"landforms","kind":"landforms","id":"landform-shebshi","name":"Shebshi Mountains","featureKind":"point","landformType":"mountain-range","sizeTier":"major","type":"Granite mountain range","summary":"Granite range in eastern Adamawa rising above the Benue trough.","description":"The Shebshi Mountains form a conspicuous highland block in Adamawa State with peaks over 1,400 m. They separate river basins and support mixed woodland and hill farming.","elevationNote":"Up to ~1,450 m (Mount Dimlang area)","statesCrossed":"[\"Adamawa\"]","character":"Granite peaks, woodland, hill settlements.","economy":"Hill farming, pastoralism.","highlights":"[\"Major Adamawa highland\",\"Granite peaks\",\"Benue hinterland relief\"]","wikiUrl":"https://en.wikipedia.org/wiki/Shebshi_Mountains","domain":"relief","isLabelAnchor":false},"geometry":{"type":"Point","coordinates":[10.15572632439655,9.172674730468746]}},{"type":"Feature","properties":{"layerId":"landforms","kind":"landforms","id":"landform-shebshi","name":"Shebshi Mountains","featureKind":"point","landformType":"mountain-range","sizeTier":"major","type":"Granite mountain range","summary":"Granite range in eastern Adamawa rising above the Benue trough.","description":"The Shebshi Mountains form a conspicuous highland block in Adamawa State with peaks over 1,400 m. They separate river basins and support mixed woodland and hill farming.","elevationNote":"Up to ~1,450 m (Mount Dimlang area)","statesCrossed":"[\"Adamawa\"]","character":"Granite peaks, woodland, hill settlements.","economy":"Hill farming, pastoralism.","highlights":"[\"Major Adamawa highland\",\"Granite peaks\",\"Benue hinterland relief\"]","wikiUrl":"https://en.wikipedia.org/wiki/Shebshi_Mountains","domain":"relief","isLabelAnchor":false},"geometry":{"type":"Point","coordinates":[9.165219618347345,9.147345528085365]}},{"type":"Feature","properties":{"layerId":"landforms","kind":"landforms","id":"landform-shebshi","name":"Shebshi Mountains","featureKind":"point","landformType":"mountain-range","sizeTier":"major","type":"Granite mountain range","summary":"Granite range in eastern Adamawa rising above the Benue trough.","description":"The Shebshi Mountains form a conspicuous highland block in Adamawa State with peaks over 1,400 m. They separate river basins and support mixed woodland and hill farming.","elevationNote":"Up to ~1,450 m (Mount Dimlang area)","statesCrossed":"[\"Adamawa\"]","character":"Granite peaks, woodland, hill settlements.","economy":"Hill farming, pastoralism.","highlights":"[\"Major Adamawa highland\",\"Granite peaks\",\"Benue hinterland relief\"]","wikiUrl":"https://en.wikipedia.org/wiki/Shebshi_Mountains","domain":"relief","isLabelAnchor":false},"geometry":{"type":"Point","coordinates":[8.888625157445441,8.425202857730975]}},{"type":"Feature","properties":{"layerId":"landforms","kind":"landforms","id":"landform-shebshi","name":"Shebshi Mountains","featureKind":"point","landformType":"mountain-range","sizeTier":"major","type":"Granite mountain range","summary":"Granite range in eastern Adamawa rising above the Benue trough.","description":"The Shebshi Mountains form a conspicuous highland block in Adamawa State with peaks over 1,400 m. They separate river basins and support mixed woodland and hill farming.","elevationNote":"Up to ~1,450 m (Mount Dimlang area)","statesCrossed":"[\"Adamawa\"]","character":"Granite peaks, woodland, hill settlements.","economy":"Hill farming, pastoralism.","highlights":"[\"Major Adamawa highland\",\"Granite peaks\",\"Benue hinterland relief\"]","wikiUrl":"https://en.wikipedia.org/wiki/Shebshi_Mountains","domain":"relief","isLabelAnchor":false},"geometry":{"type":"Point","coordinates":[9.247113873341519,8.270000000000001]}},{"type":"Feature","properties":{"layerId":"landforms","kind":"landforms","id":"landform-shebshi","name":"Shebshi Mountains","featureKind":"point","landformType":"mountain-range","sizeTier":"major","type":"Granite mountain range","summary":"Granite range in eastern Adamawa rising above the Benue trough.","description":"The Shebshi Mountains form a conspicuous highland block in Adamawa State with peaks over 1,400 m. They separate river basins and support mixed woodland and hill farming.","elevationNote":"Up to ~1,450 m (Mount Dimlang area)","statesCrossed":"[\"Adamawa\"]","character":"Granite peaks, woodland, hill settlements.","economy":"Hill farming, pastoralism.","highlights":"[\"Major Adamawa highland\",\"Granite peaks\",\"Benue hinterland relief\"]","wikiUrl":"https://en.wikipedia.org/wiki/Shebshi_Mountains","domain":"relief","isLabelAnchor":false},"geometry":{"type":"Point","coordinates":[9.247113873341519,8.850000000000001]}},{"type":"Feature","properties":{"layerId":"landforms","kind":"landforms","id":"landform-shebshi","name":"Shebshi Mountains","featureKind":"point","landformType":"mountain-range","sizeTier":"major","type":"Granite mountain range","summary":"Granite range in eastern Adamawa rising above the Benue trough.","description":"The Shebshi Mountains form a conspicuous highland block in Adamawa State with peaks over 1,400 m. They separate river basins and support mixed woodland and hill farming.","elevationNote":"Up to ~1,450 m (Mount Dimlang area)","statesCrossed":"[\"Adamawa\"]","character":"Granite peaks, woodland, hill settlements.","economy":"Hill farming, pastoralism.","highlights":"[\"Major Adamawa highland\",\"Granite peaks\",\"Benue hinterland relief\"]","wikiUrl":"https://en.wikipedia.org/wiki/Shebshi_Mountains","domain":"relief","isLabelAnchor":false},"geometry":{"type":"Point","coordinates":[9.83288612665848,8.270000000000001]}},{"type":"Feature","properties":{"layerId":"landforms","kind":"landforms","id":"landform-shebshi","name":"Shebshi Mountains","featureKind":"point","landformType":"mountain-range","sizeTier":"major","type":"Granite mountain range","summary":"Granite range in eastern Adamawa rising above the Benue trough.","description":"The Shebshi Mountains form a conspicuous highland block in Adamawa State with peaks over 1,400 m. They separate river basins and support mixed woodland and hill farming.","elevationNote":"Up to ~1,450 m (Mount Dimlang area)","statesCrossed":"[\"Adamawa\"]","character":"Granite peaks, woodland, hill settlements.","economy":"Hill farming, pastoralism.","highlights":"[\"Major Adamawa highland\",\"Granite peaks\",\"Benue hinterland relief\"]","wikiUrl":"https://en.wikipedia.org/wiki/Shebshi_Mountains","domain":"relief","isLabelAnchor":true},"geometry":{"type":"Point","coordinates":[9.83288612665848,8.850000000000001]}},{"type":"Feature","properties":{"layerId":"landforms","kind":"landforms","id":"landform-alantika","name":"Alantika Mountains","featureKind":"point","landformType":"mountain-range","sizeTier":"medium","type":"Border mountain range","summary":"Mountain chain on the Nigeria–Cameroon border in Adamawa.","description":"The Alantika range continues the Cameroon line of highlands into northeastern Adamawa. Remote valleys and steep slopes support hill communities and transhumance routes.","elevationNote":"Up to ~1,300 m","statesCrossed":"[\"Adamawa\"]","character":"Border range, steep valleys, hill farming.","highlights":"[\"Cameroon border highlands\",\"Remote hill communities\"]","wikiUrl":"https://en.wikipedia.org/wiki/Alantika_Mountains","domain":"relief","isLabelAnchor":true},"geometry":{"type":"Point","coordinates":[13.572959901876235,9.7775851590043]}},{"type":"Feature","properties":{"layerId":"landforms","kind":"landforms","id":"landform-alantika","name":"Alantika Mountains","featureKind":"point","landformType":"mountain-range","sizeTier":"medium","type":"Border mountain range","summary":"Mountain chain on the Nigeria–Cameroon border in Adamawa.","description":"The Alantika range continues the Cameroon line of highlands into northeastern Adamawa. Remote valleys and steep slopes support hill communities and transhumance routes.","elevationNote":"Up to ~1,300 m","statesCrossed":"[\"Adamawa\"]","character":"Border range, steep valleys, hill farming.","highlights":"[\"Cameroon border highlands\",\"Remote hill communities\"]","wikiUrl":"https://en.wikipedia.org/wiki/Alantika_Mountains","domain":"relief","isLabelAnchor":false},"geometry":{"type":"Point","coordinates":[13.941817310070505,10.64496485548012]}},{"type":"Feature","properties":{"layerId":"landforms","kind":"landforms","id":"landform-alantika","name":"Alantika Mountains","featureKind":"point","landformType":"mountain-range","sizeTier":"medium","type":"Border mountain range","summary":"Mountain chain on the Nigeria–Cameroon border in Adamawa.","description":"The Alantika range continues the Cameroon line of highlands into northeastern Adamawa. Remote valleys and steep slopes support hill communities and transhumance routes.","elevationNote":"Up to ~1,300 m","statesCrossed":"[\"Adamawa\"]","character":"Border range, steep valleys, hill farming.","highlights":"[\"Cameroon border highlands\",\"Remote hill communities\"]","wikiUrl":"https://en.wikipedia.org/wiki/Alantika_Mountains","domain":"relief","isLabelAnchor":false},"geometry":{"type":"Point","coordinates":[12.91593249988332,10.386373120008736]}},{"type":"Feature","properties":{"layerId":"landforms","kind":"landforms","id":"landform-bauchi-plateau","name":"Bauchi Plateau","featureKind":"point","landformType":"plateau","sizeTier":"major","type":"Dissected sandstone plateau","summary":"Broad upland of northeastern Nigeria including Yankari and Bauchi city.","description":"The Bauchi Plateau is a dissected upland of sandstones and inselbergs. Yankari National Park and Wikki Warm Springs sit on its margins. Bauchi city occupies a highland saddle.","elevationNote":"~500–800 m","statesCrossed":"[\"Bauchi\"]","character":"Sandstone inselbergs, savanna woodland, springs.","economy":"Agriculture, Yankari tourism, Bauchi urban services.","highlights":"[\"Yankari National Park\",\"Wikki Warm Springs\",\"Bauchi highland\"]","wikiUrl":"https://en.wikipedia.org/wiki/Yankari_National_Park","domain":"relief","isLabelAnchor":false},"geometry":{"type":"Point","coordinates":[9.758709350239094,9.733997312024654]}},{"type":"Feature","properties":{"layerId":"landforms","kind":"landforms","id":"landform-bauchi-plateau","name":"Bauchi Plateau","featureKind":"point","landformType":"plateau","sizeTier":"major","type":"Dissected sandstone plateau","summary":"Broad upland of northeastern Nigeria including Yankari and Bauchi city.","description":"The Bauchi Plateau is a dissected upland of sandstones and inselbergs. Yankari National Park and Wikki Warm Springs sit on its margins. Bauchi city occupies a highland saddle.","elevationNote":"~500–800 m","statesCrossed":"[\"Bauchi\"]","character":"Sandstone inselbergs, savanna woodland, springs.","economy":"Agriculture, Yankari tourism, Bauchi urban services.","highlights":"[\"Yankari National Park\",\"Wikki Warm Springs\",\"Bauchi highland\"]","wikiUrl":"https://en.wikipedia.org/wiki/Yankari_National_Park","domain":"relief","isLabelAnchor":false},"geometry":{"type":"Point","coordinates":[10.380421545299665,10.090463896836448]}},{"type":"Feature","properties":{"layerId":"landforms","kind":"landforms","id":"landform-bauchi-plateau","name":"Bauchi Plateau","featureKind":"point","landformType":"plateau","sizeTier":"major","type":"Dissected sandstone plateau","summary":"Broad upland of northeastern Nigeria including Yankari and Bauchi city.","description":"The Bauchi Plateau is a dissected upland of sandstones and inselbergs. Yankari National Park and Wikki Warm Springs sit on its margins. Bauchi city occupies a highland saddle.","elevationNote":"~500–800 m","statesCrossed":"[\"Bauchi\"]","character":"Sandstone inselbergs, savanna woodland, springs.","economy":"Agriculture, Yankari tourism, Bauchi urban services.","highlights":"[\"Yankari National Park\",\"Wikki Warm Springs\",\"Bauchi highland\"]","wikiUrl":"https://en.wikipedia.org/wiki/Yankari_National_Park","domain":"relief","isLabelAnchor":false},"geometry":{"type":"Point","coordinates":[10.35512505488173,10.977730649660632]}},{"type":"Feature","properties":{"layerId":"landforms","kind":"landforms","id":"landform-bauchi-plateau","name":"Bauchi Plateau","featureKind":"point","landformType":"plateau","sizeTier":"major","type":"Dissected sandstone plateau","summary":"Broad upland of northeastern Nigeria including Yankari and Bauchi city.","description":"The Bauchi Plateau is a dissected upland of sandstones and inselbergs. Yankari National Park and Wikki Warm Springs sit on its margins. Bauchi city occupies a highland saddle.","elevationNote":"~500–800 m","statesCrossed":"[\"Bauchi\"]","character":"Sandstone inselbergs, savanna woodland, springs.","economy":"Agriculture, Yankari tourism, Bauchi urban services.","highlights":"[\"Yankari National Park\",\"Wikki Warm Springs\",\"Bauchi highland\"]","wikiUrl":"https://en.wikipedia.org/wiki/Yankari_National_Park","domain":"relief","isLabelAnchor":false},"geometry":{"type":"Point","coordinates":[9.427828701505183,10.943230554985357]}},{"type":"Feature","properties":{"layerId":"landforms","kind":"landforms","id":"landform-bauchi-plateau","name":"Bauchi Plateau","featureKind":"point","landformType":"plateau","sizeTier":"major","type":"Dissected sandstone plateau","summary":"Broad upland of northeastern Nigeria including Yankari and Bauchi city.","description":"The Bauchi Plateau is a dissected upland of sandstones and inselbergs. Yankari National Park and Wikki Warm Springs sit on its margins. Bauchi city occupies a highland saddle.","elevationNote":"~500–800 m","statesCrossed":"[\"Bauchi\"]","character":"Sandstone inselbergs, savanna woodland, springs.","economy":"Agriculture, Yankari tourism, Bauchi urban services.","highlights":"[\"Yankari National Park\",\"Wikki Warm Springs\",\"Bauchi highland\"]","wikiUrl":"https://en.wikipedia.org/wiki/Yankari_National_Park","domain":"relief","isLabelAnchor":false},"geometry":{"type":"Point","coordinates":[9.257286250932113,10.185669253382136]}},{"type":"Feature","properties":{"layerId":"landforms","kind":"landforms","id":"landform-bauchi-plateau","name":"Bauchi Plateau","featureKind":"point","landformType":"plateau","sizeTier":"major","type":"Dissected sandstone plateau","summary":"Broad upland of northeastern Nigeria including Yankari and Bauchi city.","description":"The Bauchi Plateau is a dissected upland of sandstones and inselbergs. Yankari National Park and Wikki Warm Springs sit on its margins. Bauchi city occupies a highland saddle.","elevationNote":"~500–800 m","statesCrossed":"[\"Bauchi\"]","character":"Sandstone inselbergs, savanna woodland, springs.","economy":"Agriculture, Yankari tourism, Bauchi urban services.","highlights":"[\"Yankari National Park\",\"Wikki Warm Springs\",\"Bauchi highland\"]","wikiUrl":"https://en.wikipedia.org/wiki/Yankari_National_Park","domain":"relief","isLabelAnchor":false},"geometry":{"type":"Point","coordinates":[9.540885467025443,10.36]}},{"type":"Feature","properties":{"layerId":"landforms","kind":"landforms","id":"landform-bauchi-plateau","name":"Bauchi Plateau","featureKind":"point","landformType":"plateau","sizeTier":"major","type":"Dissected sandstone plateau","summary":"Broad upland of northeastern Nigeria including Yankari and Bauchi city.","description":"The Bauchi Plateau is a dissected upland of sandstones and inselbergs. Yankari National Park and Wikki Warm Springs sit on its margins. Bauchi city occupies a highland saddle.","elevationNote":"~500–800 m","statesCrossed":"[\"Bauchi\"]","character":"Sandstone inselbergs, savanna woodland, springs.","economy":"Agriculture, Yankari tourism, Bauchi urban services.","highlights":"[\"Yankari National Park\",\"Wikki Warm Springs\",\"Bauchi highland\"]","wikiUrl":"https://en.wikipedia.org/wiki/Yankari_National_Park","domain":"relief","isLabelAnchor":true},"geometry":{"type":"Point","coordinates":[10.099114532974557,10.36]}},{"type":"Feature","properties":{"layerId":"landforms","kind":"landforms","id":"landform-gotels","name":"Gotel Mountains","featureKind":"point","landformType":"mountain-range","sizeTier":"medium","type":"Border mountain range","summary":"Highland range in eastern Adamawa along the Cameroon frontier.","description":"The Gotel Mountains form part of the Cameroon highland chain entering Nigeria near the Taraba–Adamawa border. Terrain is rugged with forested slopes and seasonal streams.","elevationNote":"Up to ~1,400 m","statesCrossed":"[\"Adamawa\"]","character":"Forest slopes, border highland, seasonal streams.","highlights":"[\"Cameroon chain extension\",\"Eastern Adamawa relief\"]","wikiUrl":"https://en.wikipedia.org/wiki/Gotel_Mountains","domain":"relief","isLabelAnchor":false},"geometry":{"type":"Point","coordinates":[12.325139258078101,9.280667454060428]}},{"type":"Feature","properties":{"layerId":"landforms","kind":"landforms","id":"landform-gotels","name":"Gotel Mountains","featureKind":"point","landformType":"mountain-range","sizeTier":"medium","type":"Border mountain range","summary":"Highland range in eastern Adamawa along the Cameroon frontier.","description":"The Gotel Mountains form part of the Cameroon highland chain entering Nigeria near the Taraba–Adamawa border. Terrain is rugged with forested slopes and seasonal streams.","elevationNote":"Up to ~1,400 m","statesCrossed":"[\"Adamawa\"]","character":"Forest slopes, border highland, seasonal streams.","highlights":"[\"Cameroon chain extension\",\"Eastern Adamawa relief\"]","wikiUrl":"https://en.wikipedia.org/wiki/Gotel_Mountains","domain":"relief","isLabelAnchor":false},"geometry":{"type":"Point","coordinates":[12.633189178143672,10.348466859227187]}},{"type":"Feature","properties":{"layerId":"landforms","kind":"landforms","id":"landform-gotels","name":"Gotel Mountains","featureKind":"point","landformType":"mountain-range","sizeTier":"medium","type":"Border mountain range","summary":"Highland range in eastern Adamawa along the Cameroon frontier.","description":"The Gotel Mountains form part of the Cameroon highland chain entering Nigeria near the Taraba–Adamawa border. Terrain is rugged with forested slopes and seasonal streams.","elevationNote":"Up to ~1,400 m","statesCrossed":"[\"Adamawa\"]","character":"Forest slopes, border highland, seasonal streams.","highlights":"[\"Cameroon chain extension\",\"Eastern Adamawa relief\"]","wikiUrl":"https://en.wikipedia.org/wiki/Gotel_Mountains","domain":"relief","isLabelAnchor":true},"geometry":{"type":"Point","coordinates":[11.580659211654796,9.962128301240542]}},{"type":"Feature","properties":{"layerId":"landforms","kind":"landforms","id":"landform-kabwir","name":"Kabwir Plateau","featureKind":"point","landformType":"plateau","sizeTier":"medium","type":"Granite plateau","summary":"High farming plateau in central Plateau State east of Jos.","description":"Kabwir is a granite plateau with cool-climate farming and scattered inselbergs. It is part of the wider Jos Plateau volcanic province but forms a distinct elevated block.","elevationNote":"~1,200–1,400 m","statesCrossed":"[\"Plateau\"]","character":"Granite plateau, potato and vegetable farming.","highlights":"[\"Central Plateau highland\",\"Cool-climate agriculture\"]","wikiUrl":"https://en.wikipedia.org/wiki/Plateau_State","domain":"relief","isLabelAnchor":false},"geometry":{"type":"Point","coordinates":[9.787134210273072,9.197315935360951]}},{"type":"Feature","properties":{"layerId":"landforms","kind":"landforms","id":"landform-kabwir","name":"Kabwir Plateau","featureKind":"point","landformType":"plateau","sizeTier":"medium","type":"Granite plateau","summary":"High farming plateau in central Plateau State east of Jos.","description":"Kabwir is a granite plateau with cool-climate farming and scattered inselbergs. It is part of the wider Jos Plateau volcanic province but forms a distinct elevated block.","elevationNote":"~1,200–1,400 m","statesCrossed":"[\"Plateau\"]","character":"Granite plateau, potato and vegetable farming.","highlights":"[\"Central Plateau highland\",\"Cool-climate agriculture\"]","wikiUrl":"https://en.wikipedia.org/wiki/Plateau_State","domain":"relief","isLabelAnchor":false},"geometry":{"type":"Point","coordinates":[9.405037375071775,8.979949134399789]}},{"type":"Feature","properties":{"layerId":"landforms","kind":"landforms","id":"landform-kabwir","name":"Kabwir Plateau","featureKind":"point","landformType":"plateau","sizeTier":"medium","type":"Granite plateau","summary":"High farming plateau in central Plateau State east of Jos.","description":"Kabwir is a granite plateau with cool-climate farming and scattered inselbergs. It is part of the wider Jos Plateau volcanic province but forms a distinct elevated block.","elevationNote":"~1,200–1,400 m","statesCrossed":"[\"Plateau\"]","character":"Granite plateau, potato and vegetable farming.","highlights":"[\"Central Plateau highland\",\"Cool-climate agriculture\"]","wikiUrl":"https://en.wikipedia.org/wiki/Plateau_State","domain":"relief","isLabelAnchor":true},"geometry":{"type":"Point","coordinates":[9.787013522016798,8.762658870876232]}},{"type":"Feature","properties":{"layerId":"landforms","kind":"landforms","id":"landform-kufena-hills","name":"Kufena Hills","featureKind":"point","landformType":"hill","sizeTier":"medium","type":"Granite hill range","summary":"Granite hills near Zaria in Kaduna State with notable peaks and springs.","description":"Kufena Hills rise above the Kaduna plain near Zaria. The range includes Kufena Hill itself and is culturally significant in Hausa geography.","elevationNote":"~800–900 m","statesCrossed":"[\"Kaduna\"]","character":"Granite hills, springs, Zaria hinterland.","highlights":"[\"Zaria landmark hills\",\"Granite outcrops\"]","wikiUrl":"https://en.wikipedia.org/wiki/Kufena_Hill","domain":"relief","isLabelAnchor":true},"geometry":{"type":"Point","coordinates":[7.237143384451227,10.339975436384817]}},{"type":"Feature","properties":{"layerId":"landforms","kind":"landforms","id":"landform-erin-ijesha","name":"Erin-Ijesha Hills (Olumirin)","featureKind":"point","landformType":"hill","sizeTier":"medium","type":"Escarpment hills & waterfalls","summary":"Famous seven-step Olumirin Falls in the Osun–Ekiti highlands.","description":"The Erin-Ijesha hills drop in cascades at Olumirin Falls, one of southwestern Nigeria's best-known natural landmarks. The slopes are forested with tourist trails.","elevationNote":"~300–500 m relief","statesCrossed":"[\"Osun\",\"Ekiti\"]","character":"Waterfalls, forested escarpment, tourism trails.","economy":"Tourism, cocoa belt farming.","highlights":"[\"Olumirin Falls\",\"Major southwest attraction\"]","wikiUrl":"https://en.wikipedia.org/wiki/Erin-Ijesha_Waterfalls","domain":"relief","isLabelAnchor":true},"geometry":{"type":"Point","coordinates":[4.626695324392324,7.5399864752526415]}},{"type":"Feature","properties":{"layerId":"landforms","kind":"landforms","id":"landform-ezeagu-hills","name":"Ezeagu Hills","featureKind":"point","landformType":"hill","sizeTier":"medium","type":"Sandstone hill complex","summary":"Hill and cave complex in Enugu State with a tourist cave and lake.","description":"Ezeagu Hills include a limestone/sandstone cave system and natural lake popular for weekend tourism from Enugu city. The hills mark the western edge of the Enugu Plateau.","elevationNote":"~400–550 m","statesCrossed":"[\"Enugu\"]","character":"Caves, lake, weekend tourism.","highlights":"[\"Ezeagu Tourist Complex\",\"Enugu weekend destination\"]","wikiUrl":"https://en.wikipedia.org/wiki/Ezeagu","domain":"relief","isLabelAnchor":true},"geometry":{"type":"Point","coordinates":[6.96091655598969,6.339980744093567]}},{"type":"Feature","properties":{"layerId":"landforms","kind":"landforms","id":"landform-farin-ruwa","name":"Farin Ruwa Highlands","featureKind":"point","landformType":"hill","sizeTier":"medium","type":"Highland waterfall region","summary":"Highland area of Nasarawa with one of West Africa's highest waterfalls.","description":"Farin Ruwa Falls drops from the Nasarawa highlands near the Jos Plateau margin. The surrounding hills are grassy with seasonal burns and pastoral use.","elevationNote":"~800–1,200 m","statesCrossed":"[\"Nasarawa\"]","character":"Waterfall gorge, highland grassland.","highlights":"[\"Farin Ruwa Falls\",\"Nasarawa highlands\"]","wikiUrl":"https://en.wikipedia.org/wiki/Farin_Ruwa_Falls","domain":"relief","isLabelAnchor":true},"geometry":{"type":"Point","coordinates":[8.441212804670162,9.379964168623893]}},{"type":"Feature","properties":{"layerId":"landforms","kind":"landforms","id":"landform-mount-patti","name":"Mount Patti","featureKind":"point","landformType":"peak","sizeTier":"medium","type":"Confluence viewpoint hill","summary":"Lokoja hill with panoramic views over the Niger–Benue confluence.","description":"Mount Patti overlooks Lokoja where the Niger and Benue rivers meet. It is historically linked to early colonial mapping and remains a key Kogi State landmark.","elevationNote":"~550 m (~458 m prominence above Lokoja)","statesCrossed":"[\"Kogi\"]","lon":7.802,"lat":7.796,"character":"Viewpoint, confluence overlook, historic trails.","highlights":"[\"Niger–Benue confluence views\",\"Lokoja landmark\"]","wikiUrl":"https://en.wikipedia.org/wiki/Mount_Patti","domain":"relief","isLabelAnchor":true},"geometry":{"type":"Point","coordinates":[7.802,7.796]}},{"type":"Feature","properties":{"layerId":"landforms","kind":"landforms","id":"landform-riyom-rocks","name":"Riyom Rock Formation","featureKind":"point","landformType":"inselberg","sizeTier":"medium","type":"Granite inselberg cluster","summary":"Famous balanced-rock inselbergs near Jos on the Plateau–Riyom road.","description":"Riyom Rocks are granite inselbergs with dramatic balancing boulders, widely photographed as a symbol of Plateau State geology.","elevationNote":"~1,200 m plateau margin","statesCrossed":"[\"Plateau\"]","lon":8.78,"lat":9.55,"character":"Balancing granite boulders, roadside landmark.","highlights":"[\"Iconic Plateau geology photo spot\",\"Granite inselbergs\"]","wikiUrl":"https://en.wikipedia.org/wiki/Riyom","domain":"relief","isLabelAnchor":true},"geometry":{"type":"Point","coordinates":[8.78,9.55]}},{"type":"Feature","properties":{"layerId":"landforms","kind":"landforms","id":"landform-wase-rock","name":"Wase Rock","featureKind":"point","landformType":"inselberg","sizeTier":"medium","type":"Volcanic plug","summary":"800 m volcanic inselberg rising from the Benue River plain near Wase.","description":"Wase Rock is a striking isolated volcanic plug near the Benue River in Plateau State. It is protected as a bird sanctuary and is visible for kilometres across the plain.","elevationNote":"~800 m height above surrounding plain","statesCrossed":"[\"Plateau\"]","lon":8.95,"lat":8.88,"character":"Volcanic plug, bird sanctuary, plain landmark.","highlights":"[\"Volcanic inselberg\",\"Benue plain landmark\"]","wikiUrl":"https://en.wikipedia.org/wiki/Wase_Rock","domain":"relief","isLabelAnchor":true},"geometry":{"type":"Point","coordinates":[8.95,8.88]}},{"type":"Feature","properties":{"layerId":"landforms","kind":"landforms","id":"landform-ado-awaye","name":"Ado Awaye Hills","featureKind":"point","landformType":"hill","sizeTier":"medium","type":"Hill with suspended lake","summary":"Oyo State hill famous for Iyake — one of Nigeria's only suspended lakes.","description":"Ado Awaye is a steep hill near Iseyin with the Iyake Suspended Lake in a crater-like depression. It has become a major hiking and tourism destination in Oyo State.","elevationNote":"~350–400 m above plain","statesCrossed":"[\"Oyo\"]","lon":3.43,"lat":7.58,"character":"Suspended lake, steep hiking trail.","highlights":"[\"Iyake Suspended Lake\",\"Oyo tourism landmark\"]","wikiUrl":"https://en.wikipedia.org/wiki/Ado_Awaye","domain":"relief","isLabelAnchor":true},"geometry":{"type":"Point","coordinates":[3.43,7.58]}}]}