{"type":"FeatureCollection","features":[{"type":"Feature","properties":{"layerId":"resources","kind":"resources","id":"resource-crude-oil-0","name":"Crude Oil (Niger Delta)","resourceType":"crude-oil","summary":"Nigeria's dominant mineral resource — Africa's largest crude producer, concentrated in the Niger Delta.","description":"Nigeria is Africa's largest crude-oil producer and a leading OPEC member. Reserves are concentrated in the Niger Delta basin, offshore deepwater, and shallows of the Gulf of Guinea. The Bonny Light and Forcados 40° blends are internationally traded benchmarks, and most crude is exported from Bonny, Forcados, Escravos, and Qua Iboe terminals. The industry has driven federal revenue since the 1970s while creating extensive environmental remediation, security, and political-economy challenges in the delta.","lon":7.15,"lat":4.45,"statesCrossed":"[\"Rivers\",\"Bayelsa\",\"Delta\",\"Akwa Ibom\",\"Cross River\",\"Edo\",\"Ondo\",\"Abia\",\"Imo\"]","reserveNote":"~37 billion barrels proven (pre-2024 revisions, varying by source)","productionNote":"~1.5–2.3 million bpd (excluding shut-ins and crude theft); deepwater share growing","type":"Light sweet crude oil (Bonny Light, Forcados, Qua Iboe, Escravos)","economy":"Dominant share of federal export earnings and government revenue; dominates JV/PSC fiscal terms.","climate":"Equatorial mangrove delta, shallow offshore, and deepwater blocks.","landmarks":"[\"Bonny Terminal\",\"Forcados Terminal\",\"Escravos GTL precinct\",\"Qua Iboe Terminal (QIT)\",\"AKPO & Egina deepwater FPSOs\"]","highlights":"[\"Africa's largest crude producer\",\"Bonny Light global benchmark\",\"Deepwater (Agbami, Egina, Bonga)\",\"NNPC Ltd & JV fiscal system\"]","wikiUrl":"https://en.wikipedia.org/wiki/Petroleum_industry_in_Nigeria","products":"[\"Gasoline / Premium Motor Spirit (PMS)\",\"Diesel / Automotive Gas Oil (AGO)\",\"Jet fuel / Aviation Turbine Kerosene (ATK)\",\"Liquefied Petroleum Gas (LPG) – cooking & power\",\"Naphtha – petrochemical & gasoline blending feedstock\",\"Kerosene – domestic lighting & cooking (DPK)\",\"Fuel oil – marine, power generation, industrial boilers\",\"Asphalt / bitumen – road paving & waterproofing\",\"Lubricants & base oils – engine oils & greases\",\"Petrochemical feedstock – ethylene, propylene, benzene\",\"Plastics, synthetic fibres, synthetic rubber\",\"Fertiliser (carbon black, sulphur byproducts)\"]","locations":"[{\"state\":\"Rivers\",\"siteName\":\"Bonny Terminal\",\"lon\":7.15,\"lat\":4.45},{\"state\":\"Bayelsa\",\"siteName\":\"Brass Terminal\",\"lon\":6.24,\"lat\":4.32},{\"state\":\"Delta\",\"siteName\":\"Forcados/Escravos Terminal\",\"lon\":5.16,\"lat\":5.33},{\"state\":\"Akwa Ibom\",\"siteName\":\"Qua Iboe Terminal (QIT)\",\"lon\":7.94,\"lat\":4.52},{\"state\":\"Cross River\",\"siteName\":\"Bakassi offshore fields\",\"lon\":8.7,\"lat\":4.55},{\"state\":\"Edo\",\"siteName\":\"Edo onshore oilfields\",\"lon\":6.05,\"lat\":6.1},{\"state\":\"Ondo\",\"siteName\":\"Aje offshore field\",\"lon\":4.6,\"lat\":5.85},{\"state\":\"Abia\",\"siteName\":\"Abia onshore oilfields\",\"lon\":7.4,\"lat\":5.05},{\"state\":\"Imo\",\"siteName\":\"Egbema oilfields\",\"lon\":6.8,\"lat\":5.4}]","resourceId":"resource-crude-oil","featureKind":"point","stateName":"Rivers","siteName":"Bonny Terminal"},"geometry":{"type":"Point","coordinates":[7.15,4.45]}},{"type":"Feature","properties":{"layerId":"resources","kind":"resources","id":"resource-crude-oil-1","name":"Crude Oil (Niger Delta)","resourceType":"crude-oil","summary":"Nigeria's dominant mineral resource — Africa's largest crude producer, concentrated in the Niger Delta.","description":"Nigeria is Africa's largest crude-oil producer and a leading OPEC member. Reserves are concentrated in the Niger Delta basin, offshore deepwater, and shallows of the Gulf of Guinea. The Bonny Light and Forcados 40° blends are internationally traded benchmarks, and most crude is exported from Bonny, Forcados, Escravos, and Qua Iboe terminals. The industry has driven federal revenue since the 1970s while creating extensive environmental remediation, security, and political-economy challenges in the delta.","lon":6.24,"lat":4.32,"statesCrossed":"[\"Rivers\",\"Bayelsa\",\"Delta\",\"Akwa Ibom\",\"Cross River\",\"Edo\",\"Ondo\",\"Abia\",\"Imo\"]","reserveNote":"~37 billion barrels proven (pre-2024 revisions, varying by source)","productionNote":"~1.5–2.3 million bpd (excluding shut-ins and crude theft); deepwater share growing","type":"Light sweet crude oil (Bonny Light, Forcados, Qua Iboe, Escravos)","economy":"Dominant share of federal export earnings and government revenue; dominates JV/PSC fiscal terms.","climate":"Equatorial mangrove delta, shallow offshore, and deepwater blocks.","landmarks":"[\"Bonny Terminal\",\"Forcados Terminal\",\"Escravos GTL precinct\",\"Qua Iboe Terminal (QIT)\",\"AKPO & Egina deepwater FPSOs\"]","highlights":"[\"Africa's largest crude producer\",\"Bonny Light global benchmark\",\"Deepwater (Agbami, Egina, Bonga)\",\"NNPC Ltd & JV fiscal system\"]","wikiUrl":"https://en.wikipedia.org/wiki/Petroleum_industry_in_Nigeria","products":"[\"Gasoline / Premium Motor Spirit (PMS)\",\"Diesel / Automotive Gas Oil (AGO)\",\"Jet fuel / Aviation Turbine Kerosene (ATK)\",\"Liquefied Petroleum Gas (LPG) – cooking & power\",\"Naphtha – petrochemical & gasoline blending feedstock\",\"Kerosene – domestic lighting & cooking (DPK)\",\"Fuel oil – marine, power generation, industrial boilers\",\"Asphalt / bitumen – road paving & waterproofing\",\"Lubricants & base oils – engine oils & greases\",\"Petrochemical feedstock – ethylene, propylene, benzene\",\"Plastics, synthetic fibres, synthetic rubber\",\"Fertiliser (carbon black, sulphur byproducts)\"]","locations":"[{\"state\":\"Rivers\",\"siteName\":\"Bonny Terminal\",\"lon\":7.15,\"lat\":4.45},{\"state\":\"Bayelsa\",\"siteName\":\"Brass Terminal\",\"lon\":6.24,\"lat\":4.32},{\"state\":\"Delta\",\"siteName\":\"Forcados/Escravos Terminal\",\"lon\":5.16,\"lat\":5.33},{\"state\":\"Akwa Ibom\",\"siteName\":\"Qua Iboe Terminal (QIT)\",\"lon\":7.94,\"lat\":4.52},{\"state\":\"Cross River\",\"siteName\":\"Bakassi offshore fields\",\"lon\":8.7,\"lat\":4.55},{\"state\":\"Edo\",\"siteName\":\"Edo onshore oilfields\",\"lon\":6.05,\"lat\":6.1},{\"state\":\"Ondo\",\"siteName\":\"Aje offshore field\",\"lon\":4.6,\"lat\":5.85},{\"state\":\"Abia\",\"siteName\":\"Abia onshore oilfields\",\"lon\":7.4,\"lat\":5.05},{\"state\":\"Imo\",\"siteName\":\"Egbema oilfields\",\"lon\":6.8,\"lat\":5.4}]","resourceId":"resource-crude-oil","featureKind":"point","stateName":"Bayelsa","siteName":"Brass Terminal"},"geometry":{"type":"Point","coordinates":[6.24,4.32]}},{"type":"Feature","properties":{"layerId":"resources","kind":"resources","id":"resource-crude-oil-2","name":"Crude Oil (Niger Delta)","resourceType":"crude-oil","summary":"Nigeria's dominant mineral resource — Africa's largest crude producer, concentrated in the Niger Delta.","description":"Nigeria is Africa's largest crude-oil producer and a leading OPEC member. Reserves are concentrated in the Niger Delta basin, offshore deepwater, and shallows of the Gulf of Guinea. The Bonny Light and Forcados 40° blends are internationally traded benchmarks, and most crude is exported from Bonny, Forcados, Escravos, and Qua Iboe terminals. The industry has driven federal revenue since the 1970s while creating extensive environmental remediation, security, and political-economy challenges in the delta.","lon":5.16,"lat":5.33,"statesCrossed":"[\"Rivers\",\"Bayelsa\",\"Delta\",\"Akwa Ibom\",\"Cross River\",\"Edo\",\"Ondo\",\"Abia\",\"Imo\"]","reserveNote":"~37 billion barrels proven (pre-2024 revisions, varying by source)","productionNote":"~1.5–2.3 million bpd (excluding shut-ins and crude theft); deepwater share growing","type":"Light sweet crude oil (Bonny Light, Forcados, Qua Iboe, Escravos)","economy":"Dominant share of federal export earnings and government revenue; dominates JV/PSC fiscal terms.","climate":"Equatorial mangrove delta, shallow offshore, and deepwater blocks.","landmarks":"[\"Bonny Terminal\",\"Forcados Terminal\",\"Escravos GTL precinct\",\"Qua Iboe Terminal (QIT)\",\"AKPO & Egina deepwater FPSOs\"]","highlights":"[\"Africa's largest crude producer\",\"Bonny Light global benchmark\",\"Deepwater (Agbami, Egina, Bonga)\",\"NNPC Ltd & JV fiscal system\"]","wikiUrl":"https://en.wikipedia.org/wiki/Petroleum_industry_in_Nigeria","products":"[\"Gasoline / Premium Motor Spirit (PMS)\",\"Diesel / Automotive Gas Oil (AGO)\",\"Jet fuel / Aviation Turbine Kerosene (ATK)\",\"Liquefied Petroleum Gas (LPG) – cooking & power\",\"Naphtha – petrochemical & gasoline blending feedstock\",\"Kerosene – domestic lighting & cooking (DPK)\",\"Fuel oil – marine, power generation, industrial boilers\",\"Asphalt / bitumen – road paving & waterproofing\",\"Lubricants & base oils – engine oils & greases\",\"Petrochemical feedstock – ethylene, propylene, benzene\",\"Plastics, synthetic fibres, synthetic rubber\",\"Fertiliser (carbon black, sulphur byproducts)\"]","locations":"[{\"state\":\"Rivers\",\"siteName\":\"Bonny Terminal\",\"lon\":7.15,\"lat\":4.45},{\"state\":\"Bayelsa\",\"siteName\":\"Brass Terminal\",\"lon\":6.24,\"lat\":4.32},{\"state\":\"Delta\",\"siteName\":\"Forcados/Escravos Terminal\",\"lon\":5.16,\"lat\":5.33},{\"state\":\"Akwa Ibom\",\"siteName\":\"Qua Iboe Terminal (QIT)\",\"lon\":7.94,\"lat\":4.52},{\"state\":\"Cross River\",\"siteName\":\"Bakassi offshore fields\",\"lon\":8.7,\"lat\":4.55},{\"state\":\"Edo\",\"siteName\":\"Edo onshore oilfields\",\"lon\":6.05,\"lat\":6.1},{\"state\":\"Ondo\",\"siteName\":\"Aje offshore field\",\"lon\":4.6,\"lat\":5.85},{\"state\":\"Abia\",\"siteName\":\"Abia onshore oilfields\",\"lon\":7.4,\"lat\":5.05},{\"state\":\"Imo\",\"siteName\":\"Egbema oilfields\",\"lon\":6.8,\"lat\":5.4}]","resourceId":"resource-crude-oil","featureKind":"point","stateName":"Delta","siteName":"Forcados/Escravos Terminal"},"geometry":{"type":"Point","coordinates":[5.16,5.33]}},{"type":"Feature","properties":{"layerId":"resources","kind":"resources","id":"resource-crude-oil-3","name":"Crude Oil (Niger Delta)","resourceType":"crude-oil","summary":"Nigeria's dominant mineral resource — Africa's largest crude producer, concentrated in the Niger Delta.","description":"Nigeria is Africa's largest crude-oil producer and a leading OPEC member. Reserves are concentrated in the Niger Delta basin, offshore deepwater, and shallows of the Gulf of Guinea. The Bonny Light and Forcados 40° blends are internationally traded benchmarks, and most crude is exported from Bonny, Forcados, Escravos, and Qua Iboe terminals. The industry has driven federal revenue since the 1970s while creating extensive environmental remediation, security, and political-economy challenges in the delta.","lon":7.94,"lat":4.52,"statesCrossed":"[\"Rivers\",\"Bayelsa\",\"Delta\",\"Akwa Ibom\",\"Cross River\",\"Edo\",\"Ondo\",\"Abia\",\"Imo\"]","reserveNote":"~37 billion barrels proven (pre-2024 revisions, varying by source)","productionNote":"~1.5–2.3 million bpd (excluding shut-ins and crude theft); deepwater share growing","type":"Light sweet crude oil (Bonny Light, Forcados, Qua Iboe, Escravos)","economy":"Dominant share of federal export earnings and government revenue; dominates JV/PSC fiscal terms.","climate":"Equatorial mangrove delta, shallow offshore, and deepwater blocks.","landmarks":"[\"Bonny Terminal\",\"Forcados Terminal\",\"Escravos GTL precinct\",\"Qua Iboe Terminal (QIT)\",\"AKPO & Egina deepwater FPSOs\"]","highlights":"[\"Africa's largest crude producer\",\"Bonny Light global benchmark\",\"Deepwater (Agbami, Egina, Bonga)\",\"NNPC Ltd & JV fiscal system\"]","wikiUrl":"https://en.wikipedia.org/wiki/Petroleum_industry_in_Nigeria","products":"[\"Gasoline / Premium Motor Spirit (PMS)\",\"Diesel / Automotive Gas Oil (AGO)\",\"Jet fuel / Aviation Turbine Kerosene (ATK)\",\"Liquefied Petroleum Gas (LPG) – cooking & power\",\"Naphtha – petrochemical & gasoline blending feedstock\",\"Kerosene – domestic lighting & cooking (DPK)\",\"Fuel oil – marine, power generation, industrial boilers\",\"Asphalt / bitumen – road paving & waterproofing\",\"Lubricants & base oils – engine oils & greases\",\"Petrochemical feedstock – ethylene, propylene, benzene\",\"Plastics, synthetic fibres, synthetic rubber\",\"Fertiliser (carbon black, sulphur byproducts)\"]","locations":"[{\"state\":\"Rivers\",\"siteName\":\"Bonny Terminal\",\"lon\":7.15,\"lat\":4.45},{\"state\":\"Bayelsa\",\"siteName\":\"Brass Terminal\",\"lon\":6.24,\"lat\":4.32},{\"state\":\"Delta\",\"siteName\":\"Forcados/Escravos Terminal\",\"lon\":5.16,\"lat\":5.33},{\"state\":\"Akwa Ibom\",\"siteName\":\"Qua Iboe Terminal (QIT)\",\"lon\":7.94,\"lat\":4.52},{\"state\":\"Cross River\",\"siteName\":\"Bakassi offshore fields\",\"lon\":8.7,\"lat\":4.55},{\"state\":\"Edo\",\"siteName\":\"Edo onshore oilfields\",\"lon\":6.05,\"lat\":6.1},{\"state\":\"Ondo\",\"siteName\":\"Aje offshore field\",\"lon\":4.6,\"lat\":5.85},{\"state\":\"Abia\",\"siteName\":\"Abia onshore oilfields\",\"lon\":7.4,\"lat\":5.05},{\"state\":\"Imo\",\"siteName\":\"Egbema oilfields\",\"lon\":6.8,\"lat\":5.4}]","resourceId":"resource-crude-oil","featureKind":"point","stateName":"Akwa Ibom","siteName":"Qua Iboe Terminal (QIT)"},"geometry":{"type":"Point","coordinates":[7.94,4.52]}},{"type":"Feature","properties":{"layerId":"resources","kind":"resources","id":"resource-crude-oil-4","name":"Crude Oil (Niger Delta)","resourceType":"crude-oil","summary":"Nigeria's dominant mineral resource — Africa's largest crude producer, concentrated in the Niger Delta.","description":"Nigeria is Africa's largest crude-oil producer and a leading OPEC member. Reserves are concentrated in the Niger Delta basin, offshore deepwater, and shallows of the Gulf of Guinea. The Bonny Light and Forcados 40° blends are internationally traded benchmarks, and most crude is exported from Bonny, Forcados, Escravos, and Qua Iboe terminals. The industry has driven federal revenue since the 1970s while creating extensive environmental remediation, security, and political-economy challenges in the delta.","lon":8.7,"lat":4.55,"statesCrossed":"[\"Rivers\",\"Bayelsa\",\"Delta\",\"Akwa Ibom\",\"Cross River\",\"Edo\",\"Ondo\",\"Abia\",\"Imo\"]","reserveNote":"~37 billion barrels proven (pre-2024 revisions, varying by source)","productionNote":"~1.5–2.3 million bpd (excluding shut-ins and crude theft); deepwater share growing","type":"Light sweet crude oil (Bonny Light, Forcados, Qua Iboe, Escravos)","economy":"Dominant share of federal export earnings and government revenue; dominates JV/PSC fiscal terms.","climate":"Equatorial mangrove delta, shallow offshore, and deepwater blocks.","landmarks":"[\"Bonny Terminal\",\"Forcados Terminal\",\"Escravos GTL precinct\",\"Qua Iboe Terminal (QIT)\",\"AKPO & Egina deepwater FPSOs\"]","highlights":"[\"Africa's largest crude producer\",\"Bonny Light global benchmark\",\"Deepwater (Agbami, Egina, Bonga)\",\"NNPC Ltd & JV fiscal system\"]","wikiUrl":"https://en.wikipedia.org/wiki/Petroleum_industry_in_Nigeria","products":"[\"Gasoline / Premium Motor Spirit (PMS)\",\"Diesel / Automotive Gas Oil (AGO)\",\"Jet fuel / Aviation Turbine Kerosene (ATK)\",\"Liquefied Petroleum Gas (LPG) – cooking & power\",\"Naphtha – petrochemical & gasoline blending feedstock\",\"Kerosene – domestic lighting & cooking (DPK)\",\"Fuel oil – marine, power generation, industrial boilers\",\"Asphalt / bitumen – road paving & waterproofing\",\"Lubricants & base oils – engine oils & greases\",\"Petrochemical feedstock – ethylene, propylene, benzene\",\"Plastics, synthetic fibres, synthetic rubber\",\"Fertiliser (carbon black, sulphur byproducts)\"]","locations":"[{\"state\":\"Rivers\",\"siteName\":\"Bonny Terminal\",\"lon\":7.15,\"lat\":4.45},{\"state\":\"Bayelsa\",\"siteName\":\"Brass Terminal\",\"lon\":6.24,\"lat\":4.32},{\"state\":\"Delta\",\"siteName\":\"Forcados/Escravos Terminal\",\"lon\":5.16,\"lat\":5.33},{\"state\":\"Akwa Ibom\",\"siteName\":\"Qua Iboe Terminal (QIT)\",\"lon\":7.94,\"lat\":4.52},{\"state\":\"Cross River\",\"siteName\":\"Bakassi offshore fields\",\"lon\":8.7,\"lat\":4.55},{\"state\":\"Edo\",\"siteName\":\"Edo onshore oilfields\",\"lon\":6.05,\"lat\":6.1},{\"state\":\"Ondo\",\"siteName\":\"Aje offshore field\",\"lon\":4.6,\"lat\":5.85},{\"state\":\"Abia\",\"siteName\":\"Abia onshore oilfields\",\"lon\":7.4,\"lat\":5.05},{\"state\":\"Imo\",\"siteName\":\"Egbema oilfields\",\"lon\":6.8,\"lat\":5.4}]","resourceId":"resource-crude-oil","featureKind":"point","stateName":"Cross River","siteName":"Bakassi offshore fields"},"geometry":{"type":"Point","coordinates":[8.7,4.55]}},{"type":"Feature","properties":{"layerId":"resources","kind":"resources","id":"resource-crude-oil-5","name":"Crude Oil (Niger Delta)","resourceType":"crude-oil","summary":"Nigeria's dominant mineral resource — Africa's largest crude producer, concentrated in the Niger Delta.","description":"Nigeria is Africa's largest crude-oil producer and a leading OPEC member. Reserves are concentrated in the Niger Delta basin, offshore deepwater, and shallows of the Gulf of Guinea. The Bonny Light and Forcados 40° blends are internationally traded benchmarks, and most crude is exported from Bonny, Forcados, Escravos, and Qua Iboe terminals. The industry has driven federal revenue since the 1970s while creating extensive environmental remediation, security, and political-economy challenges in the delta.","lon":6.05,"lat":6.1,"statesCrossed":"[\"Rivers\",\"Bayelsa\",\"Delta\",\"Akwa Ibom\",\"Cross River\",\"Edo\",\"Ondo\",\"Abia\",\"Imo\"]","reserveNote":"~37 billion barrels proven (pre-2024 revisions, varying by source)","productionNote":"~1.5–2.3 million bpd (excluding shut-ins and crude theft); deepwater share growing","type":"Light sweet crude oil (Bonny Light, Forcados, Qua Iboe, Escravos)","economy":"Dominant share of federal export earnings and government revenue; dominates JV/PSC fiscal terms.","climate":"Equatorial mangrove delta, shallow offshore, and deepwater blocks.","landmarks":"[\"Bonny Terminal\",\"Forcados Terminal\",\"Escravos GTL precinct\",\"Qua Iboe Terminal (QIT)\",\"AKPO & Egina deepwater FPSOs\"]","highlights":"[\"Africa's largest crude producer\",\"Bonny Light global benchmark\",\"Deepwater (Agbami, Egina, Bonga)\",\"NNPC Ltd & JV fiscal system\"]","wikiUrl":"https://en.wikipedia.org/wiki/Petroleum_industry_in_Nigeria","products":"[\"Gasoline / Premium Motor Spirit (PMS)\",\"Diesel / Automotive Gas Oil (AGO)\",\"Jet fuel / Aviation Turbine Kerosene (ATK)\",\"Liquefied Petroleum Gas (LPG) – cooking & power\",\"Naphtha – petrochemical & gasoline blending feedstock\",\"Kerosene – domestic lighting & cooking (DPK)\",\"Fuel oil – marine, power generation, industrial boilers\",\"Asphalt / bitumen – road paving & waterproofing\",\"Lubricants & base oils – engine oils & greases\",\"Petrochemical feedstock – ethylene, propylene, benzene\",\"Plastics, synthetic fibres, synthetic rubber\",\"Fertiliser (carbon black, sulphur byproducts)\"]","locations":"[{\"state\":\"Rivers\",\"siteName\":\"Bonny Terminal\",\"lon\":7.15,\"lat\":4.45},{\"state\":\"Bayelsa\",\"siteName\":\"Brass Terminal\",\"lon\":6.24,\"lat\":4.32},{\"state\":\"Delta\",\"siteName\":\"Forcados/Escravos Terminal\",\"lon\":5.16,\"lat\":5.33},{\"state\":\"Akwa Ibom\",\"siteName\":\"Qua Iboe Terminal (QIT)\",\"lon\":7.94,\"lat\":4.52},{\"state\":\"Cross River\",\"siteName\":\"Bakassi offshore fields\",\"lon\":8.7,\"lat\":4.55},{\"state\":\"Edo\",\"siteName\":\"Edo onshore oilfields\",\"lon\":6.05,\"lat\":6.1},{\"state\":\"Ondo\",\"siteName\":\"Aje offshore field\",\"lon\":4.6,\"lat\":5.85},{\"state\":\"Abia\",\"siteName\":\"Abia onshore oilfields\",\"lon\":7.4,\"lat\":5.05},{\"state\":\"Imo\",\"siteName\":\"Egbema oilfields\",\"lon\":6.8,\"lat\":5.4}]","resourceId":"resource-crude-oil","featureKind":"point","stateName":"Edo","siteName":"Edo onshore oilfields"},"geometry":{"type":"Point","coordinates":[6.05,6.1]}},{"type":"Feature","properties":{"layerId":"resources","kind":"resources","id":"resource-crude-oil-6","name":"Crude Oil (Niger Delta)","resourceType":"crude-oil","summary":"Nigeria's dominant mineral resource — Africa's largest crude producer, concentrated in the Niger Delta.","description":"Nigeria is Africa's largest crude-oil producer and a leading OPEC member. Reserves are concentrated in the Niger Delta basin, offshore deepwater, and shallows of the Gulf of Guinea. The Bonny Light and Forcados 40° blends are internationally traded benchmarks, and most crude is exported from Bonny, Forcados, Escravos, and Qua Iboe terminals. The industry has driven federal revenue since the 1970s while creating extensive environmental remediation, security, and political-economy challenges in the delta.","lon":4.6,"lat":5.85,"statesCrossed":"[\"Rivers\",\"Bayelsa\",\"Delta\",\"Akwa Ibom\",\"Cross River\",\"Edo\",\"Ondo\",\"Abia\",\"Imo\"]","reserveNote":"~37 billion barrels proven (pre-2024 revisions, varying by source)","productionNote":"~1.5–2.3 million bpd (excluding shut-ins and crude theft); deepwater share growing","type":"Light sweet crude oil (Bonny Light, Forcados, Qua Iboe, Escravos)","economy":"Dominant share of federal export earnings and government revenue; dominates JV/PSC fiscal terms.","climate":"Equatorial mangrove delta, shallow offshore, and deepwater blocks.","landmarks":"[\"Bonny Terminal\",\"Forcados Terminal\",\"Escravos GTL precinct\",\"Qua Iboe Terminal (QIT)\",\"AKPO & Egina deepwater FPSOs\"]","highlights":"[\"Africa's largest crude producer\",\"Bonny Light global benchmark\",\"Deepwater (Agbami, Egina, Bonga)\",\"NNPC Ltd & JV fiscal system\"]","wikiUrl":"https://en.wikipedia.org/wiki/Petroleum_industry_in_Nigeria","products":"[\"Gasoline / Premium Motor Spirit (PMS)\",\"Diesel / Automotive Gas Oil (AGO)\",\"Jet fuel / Aviation Turbine Kerosene (ATK)\",\"Liquefied Petroleum Gas (LPG) – cooking & power\",\"Naphtha – petrochemical & gasoline blending feedstock\",\"Kerosene – domestic lighting & cooking (DPK)\",\"Fuel oil – marine, power generation, industrial boilers\",\"Asphalt / bitumen – road paving & waterproofing\",\"Lubricants & base oils – engine oils & greases\",\"Petrochemical feedstock – ethylene, propylene, benzene\",\"Plastics, synthetic fibres, synthetic rubber\",\"Fertiliser (carbon black, sulphur byproducts)\"]","locations":"[{\"state\":\"Rivers\",\"siteName\":\"Bonny Terminal\",\"lon\":7.15,\"lat\":4.45},{\"state\":\"Bayelsa\",\"siteName\":\"Brass Terminal\",\"lon\":6.24,\"lat\":4.32},{\"state\":\"Delta\",\"siteName\":\"Forcados/Escravos Terminal\",\"lon\":5.16,\"lat\":5.33},{\"state\":\"Akwa Ibom\",\"siteName\":\"Qua Iboe Terminal (QIT)\",\"lon\":7.94,\"lat\":4.52},{\"state\":\"Cross River\",\"siteName\":\"Bakassi offshore fields\",\"lon\":8.7,\"lat\":4.55},{\"state\":\"Edo\",\"siteName\":\"Edo onshore oilfields\",\"lon\":6.05,\"lat\":6.1},{\"state\":\"Ondo\",\"siteName\":\"Aje offshore field\",\"lon\":4.6,\"lat\":5.85},{\"state\":\"Abia\",\"siteName\":\"Abia onshore oilfields\",\"lon\":7.4,\"lat\":5.05},{\"state\":\"Imo\",\"siteName\":\"Egbema oilfields\",\"lon\":6.8,\"lat\":5.4}]","resourceId":"resource-crude-oil","featureKind":"point","stateName":"Ondo","siteName":"Aje offshore field"},"geometry":{"type":"Point","coordinates":[4.6,5.85]}},{"type":"Feature","properties":{"layerId":"resources","kind":"resources","id":"resource-crude-oil-7","name":"Crude Oil (Niger Delta)","resourceType":"crude-oil","summary":"Nigeria's dominant mineral resource — Africa's largest crude producer, concentrated in the Niger Delta.","description":"Nigeria is Africa's largest crude-oil producer and a leading OPEC member. Reserves are concentrated in the Niger Delta basin, offshore deepwater, and shallows of the Gulf of Guinea. The Bonny Light and Forcados 40° blends are internationally traded benchmarks, and most crude is exported from Bonny, Forcados, Escravos, and Qua Iboe terminals. The industry has driven federal revenue since the 1970s while creating extensive environmental remediation, security, and political-economy challenges in the delta.","lon":7.4,"lat":5.05,"statesCrossed":"[\"Rivers\",\"Bayelsa\",\"Delta\",\"Akwa Ibom\",\"Cross River\",\"Edo\",\"Ondo\",\"Abia\",\"Imo\"]","reserveNote":"~37 billion barrels proven (pre-2024 revisions, varying by source)","productionNote":"~1.5–2.3 million bpd (excluding shut-ins and crude theft); deepwater share growing","type":"Light sweet crude oil (Bonny Light, Forcados, Qua Iboe, Escravos)","economy":"Dominant share of federal export earnings and government revenue; dominates JV/PSC fiscal terms.","climate":"Equatorial mangrove delta, shallow offshore, and deepwater blocks.","landmarks":"[\"Bonny Terminal\",\"Forcados Terminal\",\"Escravos GTL precinct\",\"Qua Iboe Terminal (QIT)\",\"AKPO & Egina deepwater FPSOs\"]","highlights":"[\"Africa's largest crude producer\",\"Bonny Light global benchmark\",\"Deepwater (Agbami, Egina, Bonga)\",\"NNPC Ltd & JV fiscal system\"]","wikiUrl":"https://en.wikipedia.org/wiki/Petroleum_industry_in_Nigeria","products":"[\"Gasoline / Premium Motor Spirit (PMS)\",\"Diesel / Automotive Gas Oil (AGO)\",\"Jet fuel / Aviation Turbine Kerosene (ATK)\",\"Liquefied Petroleum Gas (LPG) – cooking & power\",\"Naphtha – petrochemical & gasoline blending feedstock\",\"Kerosene – domestic lighting & cooking (DPK)\",\"Fuel oil – marine, power generation, industrial boilers\",\"Asphalt / bitumen – road paving & waterproofing\",\"Lubricants & base oils – engine oils & greases\",\"Petrochemical feedstock – ethylene, propylene, benzene\",\"Plastics, synthetic fibres, synthetic rubber\",\"Fertiliser (carbon black, sulphur byproducts)\"]","locations":"[{\"state\":\"Rivers\",\"siteName\":\"Bonny Terminal\",\"lon\":7.15,\"lat\":4.45},{\"state\":\"Bayelsa\",\"siteName\":\"Brass Terminal\",\"lon\":6.24,\"lat\":4.32},{\"state\":\"Delta\",\"siteName\":\"Forcados/Escravos Terminal\",\"lon\":5.16,\"lat\":5.33},{\"state\":\"Akwa Ibom\",\"siteName\":\"Qua Iboe Terminal (QIT)\",\"lon\":7.94,\"lat\":4.52},{\"state\":\"Cross River\",\"siteName\":\"Bakassi offshore fields\",\"lon\":8.7,\"lat\":4.55},{\"state\":\"Edo\",\"siteName\":\"Edo onshore oilfields\",\"lon\":6.05,\"lat\":6.1},{\"state\":\"Ondo\",\"siteName\":\"Aje offshore field\",\"lon\":4.6,\"lat\":5.85},{\"state\":\"Abia\",\"siteName\":\"Abia onshore oilfields\",\"lon\":7.4,\"lat\":5.05},{\"state\":\"Imo\",\"siteName\":\"Egbema oilfields\",\"lon\":6.8,\"lat\":5.4}]","resourceId":"resource-crude-oil","featureKind":"point","stateName":"Abia","siteName":"Abia onshore oilfields"},"geometry":{"type":"Point","coordinates":[7.4,5.05]}},{"type":"Feature","properties":{"layerId":"resources","kind":"resources","id":"resource-crude-oil-8","name":"Crude Oil (Niger Delta)","resourceType":"crude-oil","summary":"Nigeria's dominant mineral resource — Africa's largest crude producer, concentrated in the Niger Delta.","description":"Nigeria is Africa's largest crude-oil producer and a leading OPEC member. Reserves are concentrated in the Niger Delta basin, offshore deepwater, and shallows of the Gulf of Guinea. The Bonny Light and Forcados 40° blends are internationally traded benchmarks, and most crude is exported from Bonny, Forcados, Escravos, and Qua Iboe terminals. The industry has driven federal revenue since the 1970s while creating extensive environmental remediation, security, and political-economy challenges in the delta.","lon":6.8,"lat":5.4,"statesCrossed":"[\"Rivers\",\"Bayelsa\",\"Delta\",\"Akwa Ibom\",\"Cross River\",\"Edo\",\"Ondo\",\"Abia\",\"Imo\"]","reserveNote":"~37 billion barrels proven (pre-2024 revisions, varying by source)","productionNote":"~1.5–2.3 million bpd (excluding shut-ins and crude theft); deepwater share growing","type":"Light sweet crude oil (Bonny Light, Forcados, Qua Iboe, Escravos)","economy":"Dominant share of federal export earnings and government revenue; dominates JV/PSC fiscal terms.","climate":"Equatorial mangrove delta, shallow offshore, and deepwater blocks.","landmarks":"[\"Bonny Terminal\",\"Forcados Terminal\",\"Escravos GTL precinct\",\"Qua Iboe Terminal (QIT)\",\"AKPO & Egina deepwater FPSOs\"]","highlights":"[\"Africa's largest crude producer\",\"Bonny Light global benchmark\",\"Deepwater (Agbami, Egina, Bonga)\",\"NNPC Ltd & JV fiscal system\"]","wikiUrl":"https://en.wikipedia.org/wiki/Petroleum_industry_in_Nigeria","products":"[\"Gasoline / Premium Motor Spirit (PMS)\",\"Diesel / Automotive Gas Oil (AGO)\",\"Jet fuel / Aviation Turbine Kerosene (ATK)\",\"Liquefied Petroleum Gas (LPG) – cooking & power\",\"Naphtha – petrochemical & gasoline blending feedstock\",\"Kerosene – domestic lighting & cooking (DPK)\",\"Fuel oil – marine, power generation, industrial boilers\",\"Asphalt / bitumen – road paving & waterproofing\",\"Lubricants & base oils – engine oils & greases\",\"Petrochemical feedstock – ethylene, propylene, benzene\",\"Plastics, synthetic fibres, synthetic rubber\",\"Fertiliser (carbon black, sulphur byproducts)\"]","locations":"[{\"state\":\"Rivers\",\"siteName\":\"Bonny Terminal\",\"lon\":7.15,\"lat\":4.45},{\"state\":\"Bayelsa\",\"siteName\":\"Brass Terminal\",\"lon\":6.24,\"lat\":4.32},{\"state\":\"Delta\",\"siteName\":\"Forcados/Escravos Terminal\",\"lon\":5.16,\"lat\":5.33},{\"state\":\"Akwa Ibom\",\"siteName\":\"Qua Iboe Terminal (QIT)\",\"lon\":7.94,\"lat\":4.52},{\"state\":\"Cross River\",\"siteName\":\"Bakassi offshore fields\",\"lon\":8.7,\"lat\":4.55},{\"state\":\"Edo\",\"siteName\":\"Edo onshore oilfields\",\"lon\":6.05,\"lat\":6.1},{\"state\":\"Ondo\",\"siteName\":\"Aje offshore field\",\"lon\":4.6,\"lat\":5.85},{\"state\":\"Abia\",\"siteName\":\"Abia onshore oilfields\",\"lon\":7.4,\"lat\":5.05},{\"state\":\"Imo\",\"siteName\":\"Egbema oilfields\",\"lon\":6.8,\"lat\":5.4}]","resourceId":"resource-crude-oil","featureKind":"point","stateName":"Imo","siteName":"Egbema oilfields"},"geometry":{"type":"Point","coordinates":[6.8,5.4]}},{"type":"Feature","properties":{"layerId":"resources","kind":"resources","id":"resource-natural-gas-0","name":"Natural Gas (LNG & Associated)","resourceType":"natural-gas","summary":"Africa's largest proven gas reserves; LNG exports via Bonny NLNG and growing domestic gas & NIPCo networks.","description":"Nigeria holds Africa's largest proven natural-gas reserves, historically seen as associated gas flared from oil production. The Nigeria LNG (NLNG) plant at Bonny now ranks among the world's top LNG exporters, while the Escravos Gas-to-Liquids (EGTL), Obiafu-Obrikom gas gathering, Oben-Geregu pipeline, and the Ajaokuta-Kaduna-Kano (AKK) pipeline build a domestic gas grid for power, industry, and petrochemicals.","lon":7.15,"lat":4.45,"statesCrossed":"[\"Rivers\",\"Bayelsa\",\"Delta\",\"Edo\",\"Ondo\",\"Cross River\",\"Akwa Ibom\",\"Imo\",\"Kogi\",\"Abuja-FCT\",\"Kaduna\",\"Kano\"]","reserveNote":"~200+ trillion standard cubic feet proven (Tcf) — largest in Africa","productionNote":"NLNG ~22 Mtpa (6 trains); domestic gas expanding via AKK pipeline & DS Phases","type":"Associated & non-associated gas; LNG, LPG, CNG, GTL products","economy":"LNG exports, domestic power/gas-to-plant, fertiliser, new petrochemical hubs.","climate":"Delta swamps + shallow & deepwater blocks, northward gas grid.","landmarks":"[\"NLNG Bonny Terminal\",\"EGTL Escravos\",\"AKK gas pipeline\",\"Oben / Oben-Geregu\",\"Obiafu-Obrikom\"]","highlights":"[\"Largest gas reserves in Africa\",\"NLNG #1 African LNG exporter\",\"AKK pipeline to northern consumers\",\"Gas flare commercialisation\"]","wikiUrl":"https://en.wikipedia.org/wiki/Natural_gas_in_Nigeria","products":"[\"Liquefied Natural Gas (LNG) – ocean-borne export cargo\",\"Compressed Natural Gas (CNG) – transport & power\",\"Liquefied Petroleum Gas (LPG / propane-butane) – domestic cooking\",\"Electricity generation – open & combined-cycle gas turbines (the bulk of Nigeria's grid)\",\"Fertiliser – urea, ammonia, nitrogenous blends\",\"Methanol & methanol-to-olefins (MTO) petrochemical feedstock\",\"Hydrogen & blue hydrogen – steel, ammonia, refineries\",\"Gas-to-Liquids (GTL) diesel & naphtha (Escravos GTL)\",\"Pipeline gas – cement, steel, glass, ceramics, food processing\",\"Carbon black, acetic acid, formaldehyde, and downstream chemical intermediates\"]","locations":"[{\"state\":\"Rivers\",\"siteName\":\"NLNG Bonny Terminal\",\"lon\":7.15,\"lat\":4.45},{\"state\":\"Bayelsa\",\"siteName\":\"Bayelsa gas fields\",\"lon\":6.2,\"lat\":4.85},{\"state\":\"Delta\",\"siteName\":\"Escravos GTL precinct\",\"lon\":5.11,\"lat\":5.6},{\"state\":\"Edo\",\"siteName\":\"Oben gas plant\",\"lon\":6,\"lat\":6.9},{\"state\":\"Ondo\",\"siteName\":\"Ondo offshore gas\",\"lon\":4.8,\"lat\":5.95},{\"state\":\"Cross River\",\"siteName\":\"Cross River gas prospects\",\"lon\":8.3,\"lat\":5.6},{\"state\":\"Akwa Ibom\",\"siteName\":\"Ibom Power / Uquo hub\",\"lon\":7.85,\"lat\":4.66},{\"state\":\"Imo\",\"siteName\":\"Assa/Owaza gas fields\",\"lon\":6.9,\"lat\":5.4},{\"state\":\"Kogi\",\"siteName\":\"Ajaokuta gas corridor\",\"lon\":6.66,\"lat\":7.57},{\"state\":\"Abuja-FCT\",\"siteName\":\"AKK pipeline node, Abuja\",\"lon\":7.4,\"lat\":9.05},{\"state\":\"Kaduna\",\"siteName\":\"Kaduna refinery/pipeline hub\",\"lon\":7.44,\"lat\":10.52},{\"state\":\"Kano\",\"siteName\":\"Kano pipeline terminus\",\"lon\":8.52,\"lat\":11.92}]","resourceId":"resource-natural-gas","featureKind":"point","stateName":"Rivers","siteName":"NLNG Bonny Terminal"},"geometry":{"type":"Point","coordinates":[7.15,4.45]}},{"type":"Feature","properties":{"layerId":"resources","kind":"resources","id":"resource-natural-gas-1","name":"Natural Gas (LNG & Associated)","resourceType":"natural-gas","summary":"Africa's largest proven gas reserves; LNG exports via Bonny NLNG and growing domestic gas & NIPCo networks.","description":"Nigeria holds Africa's largest proven natural-gas reserves, historically seen as associated gas flared from oil production. The Nigeria LNG (NLNG) plant at Bonny now ranks among the world's top LNG exporters, while the Escravos Gas-to-Liquids (EGTL), Obiafu-Obrikom gas gathering, Oben-Geregu pipeline, and the Ajaokuta-Kaduna-Kano (AKK) pipeline build a domestic gas grid for power, industry, and petrochemicals.","lon":6.2,"lat":4.85,"statesCrossed":"[\"Rivers\",\"Bayelsa\",\"Delta\",\"Edo\",\"Ondo\",\"Cross River\",\"Akwa Ibom\",\"Imo\",\"Kogi\",\"Abuja-FCT\",\"Kaduna\",\"Kano\"]","reserveNote":"~200+ trillion standard cubic feet proven (Tcf) — largest in Africa","productionNote":"NLNG ~22 Mtpa (6 trains); domestic gas expanding via AKK pipeline & DS Phases","type":"Associated & non-associated gas; LNG, LPG, CNG, GTL products","economy":"LNG exports, domestic power/gas-to-plant, fertiliser, new petrochemical hubs.","climate":"Delta swamps + shallow & deepwater blocks, northward gas grid.","landmarks":"[\"NLNG Bonny Terminal\",\"EGTL Escravos\",\"AKK gas pipeline\",\"Oben / Oben-Geregu\",\"Obiafu-Obrikom\"]","highlights":"[\"Largest gas reserves in Africa\",\"NLNG #1 African LNG exporter\",\"AKK pipeline to northern consumers\",\"Gas flare commercialisation\"]","wikiUrl":"https://en.wikipedia.org/wiki/Natural_gas_in_Nigeria","products":"[\"Liquefied Natural Gas (LNG) – ocean-borne export cargo\",\"Compressed Natural Gas (CNG) – transport & power\",\"Liquefied Petroleum Gas (LPG / propane-butane) – domestic cooking\",\"Electricity generation – open & combined-cycle gas turbines (the bulk of Nigeria's grid)\",\"Fertiliser – urea, ammonia, nitrogenous blends\",\"Methanol & methanol-to-olefins (MTO) petrochemical feedstock\",\"Hydrogen & blue hydrogen – steel, ammonia, refineries\",\"Gas-to-Liquids (GTL) diesel & naphtha (Escravos GTL)\",\"Pipeline gas – cement, steel, glass, ceramics, food processing\",\"Carbon black, acetic acid, formaldehyde, and downstream chemical intermediates\"]","locations":"[{\"state\":\"Rivers\",\"siteName\":\"NLNG Bonny Terminal\",\"lon\":7.15,\"lat\":4.45},{\"state\":\"Bayelsa\",\"siteName\":\"Bayelsa gas fields\",\"lon\":6.2,\"lat\":4.85},{\"state\":\"Delta\",\"siteName\":\"Escravos GTL precinct\",\"lon\":5.11,\"lat\":5.6},{\"state\":\"Edo\",\"siteName\":\"Oben gas plant\",\"lon\":6,\"lat\":6.9},{\"state\":\"Ondo\",\"siteName\":\"Ondo offshore gas\",\"lon\":4.8,\"lat\":5.95},{\"state\":\"Cross River\",\"siteName\":\"Cross River gas prospects\",\"lon\":8.3,\"lat\":5.6},{\"state\":\"Akwa Ibom\",\"siteName\":\"Ibom Power / Uquo hub\",\"lon\":7.85,\"lat\":4.66},{\"state\":\"Imo\",\"siteName\":\"Assa/Owaza gas fields\",\"lon\":6.9,\"lat\":5.4},{\"state\":\"Kogi\",\"siteName\":\"Ajaokuta gas corridor\",\"lon\":6.66,\"lat\":7.57},{\"state\":\"Abuja-FCT\",\"siteName\":\"AKK pipeline node, Abuja\",\"lon\":7.4,\"lat\":9.05},{\"state\":\"Kaduna\",\"siteName\":\"Kaduna refinery/pipeline hub\",\"lon\":7.44,\"lat\":10.52},{\"state\":\"Kano\",\"siteName\":\"Kano pipeline terminus\",\"lon\":8.52,\"lat\":11.92}]","resourceId":"resource-natural-gas","featureKind":"point","stateName":"Bayelsa","siteName":"Bayelsa gas fields"},"geometry":{"type":"Point","coordinates":[6.2,4.85]}},{"type":"Feature","properties":{"layerId":"resources","kind":"resources","id":"resource-natural-gas-2","name":"Natural Gas (LNG & Associated)","resourceType":"natural-gas","summary":"Africa's largest proven gas reserves; LNG exports via Bonny NLNG and growing domestic gas & NIPCo networks.","description":"Nigeria holds Africa's largest proven natural-gas reserves, historically seen as associated gas flared from oil production. The Nigeria LNG (NLNG) plant at Bonny now ranks among the world's top LNG exporters, while the Escravos Gas-to-Liquids (EGTL), Obiafu-Obrikom gas gathering, Oben-Geregu pipeline, and the Ajaokuta-Kaduna-Kano (AKK) pipeline build a domestic gas grid for power, industry, and petrochemicals.","lon":5.11,"lat":5.6,"statesCrossed":"[\"Rivers\",\"Bayelsa\",\"Delta\",\"Edo\",\"Ondo\",\"Cross River\",\"Akwa Ibom\",\"Imo\",\"Kogi\",\"Abuja-FCT\",\"Kaduna\",\"Kano\"]","reserveNote":"~200+ trillion standard cubic feet proven (Tcf) — largest in Africa","productionNote":"NLNG ~22 Mtpa (6 trains); domestic gas expanding via AKK pipeline & DS Phases","type":"Associated & non-associated gas; LNG, LPG, CNG, GTL products","economy":"LNG exports, domestic power/gas-to-plant, fertiliser, new petrochemical hubs.","climate":"Delta swamps + shallow & deepwater blocks, northward gas grid.","landmarks":"[\"NLNG Bonny Terminal\",\"EGTL Escravos\",\"AKK gas pipeline\",\"Oben / Oben-Geregu\",\"Obiafu-Obrikom\"]","highlights":"[\"Largest gas reserves in Africa\",\"NLNG #1 African LNG exporter\",\"AKK pipeline to northern consumers\",\"Gas flare commercialisation\"]","wikiUrl":"https://en.wikipedia.org/wiki/Natural_gas_in_Nigeria","products":"[\"Liquefied Natural Gas (LNG) – ocean-borne export cargo\",\"Compressed Natural Gas (CNG) – transport & power\",\"Liquefied Petroleum Gas (LPG / propane-butane) – domestic cooking\",\"Electricity generation – open & combined-cycle gas turbines (the bulk of Nigeria's grid)\",\"Fertiliser – urea, ammonia, nitrogenous blends\",\"Methanol & methanol-to-olefins (MTO) petrochemical feedstock\",\"Hydrogen & blue hydrogen – steel, ammonia, refineries\",\"Gas-to-Liquids (GTL) diesel & naphtha (Escravos GTL)\",\"Pipeline gas – cement, steel, glass, ceramics, food processing\",\"Carbon black, acetic acid, formaldehyde, and downstream chemical intermediates\"]","locations":"[{\"state\":\"Rivers\",\"siteName\":\"NLNG Bonny Terminal\",\"lon\":7.15,\"lat\":4.45},{\"state\":\"Bayelsa\",\"siteName\":\"Bayelsa gas fields\",\"lon\":6.2,\"lat\":4.85},{\"state\":\"Delta\",\"siteName\":\"Escravos GTL precinct\",\"lon\":5.11,\"lat\":5.6},{\"state\":\"Edo\",\"siteName\":\"Oben gas plant\",\"lon\":6,\"lat\":6.9},{\"state\":\"Ondo\",\"siteName\":\"Ondo offshore gas\",\"lon\":4.8,\"lat\":5.95},{\"state\":\"Cross River\",\"siteName\":\"Cross River gas prospects\",\"lon\":8.3,\"lat\":5.6},{\"state\":\"Akwa Ibom\",\"siteName\":\"Ibom Power / Uquo hub\",\"lon\":7.85,\"lat\":4.66},{\"state\":\"Imo\",\"siteName\":\"Assa/Owaza gas fields\",\"lon\":6.9,\"lat\":5.4},{\"state\":\"Kogi\",\"siteName\":\"Ajaokuta gas corridor\",\"lon\":6.66,\"lat\":7.57},{\"state\":\"Abuja-FCT\",\"siteName\":\"AKK pipeline node, Abuja\",\"lon\":7.4,\"lat\":9.05},{\"state\":\"Kaduna\",\"siteName\":\"Kaduna refinery/pipeline hub\",\"lon\":7.44,\"lat\":10.52},{\"state\":\"Kano\",\"siteName\":\"Kano pipeline terminus\",\"lon\":8.52,\"lat\":11.92}]","resourceId":"resource-natural-gas","featureKind":"point","stateName":"Delta","siteName":"Escravos GTL precinct"},"geometry":{"type":"Point","coordinates":[5.11,5.6]}},{"type":"Feature","properties":{"layerId":"resources","kind":"resources","id":"resource-natural-gas-3","name":"Natural Gas (LNG & Associated)","resourceType":"natural-gas","summary":"Africa's largest proven gas reserves; LNG exports via Bonny NLNG and growing domestic gas & NIPCo networks.","description":"Nigeria holds Africa's largest proven natural-gas reserves, historically seen as associated gas flared from oil production. The Nigeria LNG (NLNG) plant at Bonny now ranks among the world's top LNG exporters, while the Escravos Gas-to-Liquids (EGTL), Obiafu-Obrikom gas gathering, Oben-Geregu pipeline, and the Ajaokuta-Kaduna-Kano (AKK) pipeline build a domestic gas grid for power, industry, and petrochemicals.","lon":6,"lat":6.9,"statesCrossed":"[\"Rivers\",\"Bayelsa\",\"Delta\",\"Edo\",\"Ondo\",\"Cross River\",\"Akwa Ibom\",\"Imo\",\"Kogi\",\"Abuja-FCT\",\"Kaduna\",\"Kano\"]","reserveNote":"~200+ trillion standard cubic feet proven (Tcf) — largest in Africa","productionNote":"NLNG ~22 Mtpa (6 trains); domestic gas expanding via AKK pipeline & DS Phases","type":"Associated & non-associated gas; LNG, LPG, CNG, GTL products","economy":"LNG exports, domestic power/gas-to-plant, fertiliser, new petrochemical hubs.","climate":"Delta swamps + shallow & deepwater blocks, northward gas grid.","landmarks":"[\"NLNG Bonny Terminal\",\"EGTL Escravos\",\"AKK gas pipeline\",\"Oben / Oben-Geregu\",\"Obiafu-Obrikom\"]","highlights":"[\"Largest gas reserves in Africa\",\"NLNG #1 African LNG exporter\",\"AKK pipeline to northern consumers\",\"Gas flare commercialisation\"]","wikiUrl":"https://en.wikipedia.org/wiki/Natural_gas_in_Nigeria","products":"[\"Liquefied Natural Gas (LNG) – ocean-borne export cargo\",\"Compressed Natural Gas (CNG) – transport & power\",\"Liquefied Petroleum Gas (LPG / propane-butane) – domestic cooking\",\"Electricity generation – open & combined-cycle gas turbines (the bulk of Nigeria's grid)\",\"Fertiliser – urea, ammonia, nitrogenous blends\",\"Methanol & methanol-to-olefins (MTO) petrochemical feedstock\",\"Hydrogen & blue hydrogen – steel, ammonia, refineries\",\"Gas-to-Liquids (GTL) diesel & naphtha (Escravos GTL)\",\"Pipeline gas – cement, steel, glass, ceramics, food processing\",\"Carbon black, acetic acid, formaldehyde, and downstream chemical intermediates\"]","locations":"[{\"state\":\"Rivers\",\"siteName\":\"NLNG Bonny Terminal\",\"lon\":7.15,\"lat\":4.45},{\"state\":\"Bayelsa\",\"siteName\":\"Bayelsa gas fields\",\"lon\":6.2,\"lat\":4.85},{\"state\":\"Delta\",\"siteName\":\"Escravos GTL precinct\",\"lon\":5.11,\"lat\":5.6},{\"state\":\"Edo\",\"siteName\":\"Oben gas plant\",\"lon\":6,\"lat\":6.9},{\"state\":\"Ondo\",\"siteName\":\"Ondo offshore gas\",\"lon\":4.8,\"lat\":5.95},{\"state\":\"Cross River\",\"siteName\":\"Cross River gas prospects\",\"lon\":8.3,\"lat\":5.6},{\"state\":\"Akwa Ibom\",\"siteName\":\"Ibom Power / Uquo hub\",\"lon\":7.85,\"lat\":4.66},{\"state\":\"Imo\",\"siteName\":\"Assa/Owaza gas fields\",\"lon\":6.9,\"lat\":5.4},{\"state\":\"Kogi\",\"siteName\":\"Ajaokuta gas corridor\",\"lon\":6.66,\"lat\":7.57},{\"state\":\"Abuja-FCT\",\"siteName\":\"AKK pipeline node, Abuja\",\"lon\":7.4,\"lat\":9.05},{\"state\":\"Kaduna\",\"siteName\":\"Kaduna refinery/pipeline hub\",\"lon\":7.44,\"lat\":10.52},{\"state\":\"Kano\",\"siteName\":\"Kano pipeline terminus\",\"lon\":8.52,\"lat\":11.92}]","resourceId":"resource-natural-gas","featureKind":"point","stateName":"Edo","siteName":"Oben gas plant"},"geometry":{"type":"Point","coordinates":[6,6.9]}},{"type":"Feature","properties":{"layerId":"resources","kind":"resources","id":"resource-natural-gas-4","name":"Natural Gas (LNG & Associated)","resourceType":"natural-gas","summary":"Africa's largest proven gas reserves; LNG exports via Bonny NLNG and growing domestic gas & NIPCo networks.","description":"Nigeria holds Africa's largest proven natural-gas reserves, historically seen as associated gas flared from oil production. The Nigeria LNG (NLNG) plant at Bonny now ranks among the world's top LNG exporters, while the Escravos Gas-to-Liquids (EGTL), Obiafu-Obrikom gas gathering, Oben-Geregu pipeline, and the Ajaokuta-Kaduna-Kano (AKK) pipeline build a domestic gas grid for power, industry, and petrochemicals.","lon":4.8,"lat":5.95,"statesCrossed":"[\"Rivers\",\"Bayelsa\",\"Delta\",\"Edo\",\"Ondo\",\"Cross River\",\"Akwa Ibom\",\"Imo\",\"Kogi\",\"Abuja-FCT\",\"Kaduna\",\"Kano\"]","reserveNote":"~200+ trillion standard cubic feet proven (Tcf) — largest in Africa","productionNote":"NLNG ~22 Mtpa (6 trains); domestic gas expanding via AKK pipeline & DS Phases","type":"Associated & non-associated gas; LNG, LPG, CNG, GTL products","economy":"LNG exports, domestic power/gas-to-plant, fertiliser, new petrochemical hubs.","climate":"Delta swamps + shallow & deepwater blocks, northward gas grid.","landmarks":"[\"NLNG Bonny Terminal\",\"EGTL Escravos\",\"AKK gas pipeline\",\"Oben / Oben-Geregu\",\"Obiafu-Obrikom\"]","highlights":"[\"Largest gas reserves in Africa\",\"NLNG #1 African LNG exporter\",\"AKK pipeline to northern consumers\",\"Gas flare commercialisation\"]","wikiUrl":"https://en.wikipedia.org/wiki/Natural_gas_in_Nigeria","products":"[\"Liquefied Natural Gas (LNG) – ocean-borne export cargo\",\"Compressed Natural Gas (CNG) – transport & power\",\"Liquefied Petroleum Gas (LPG / propane-butane) – domestic cooking\",\"Electricity generation – open & combined-cycle gas turbines (the bulk of Nigeria's grid)\",\"Fertiliser – urea, ammonia, nitrogenous blends\",\"Methanol & methanol-to-olefins (MTO) petrochemical feedstock\",\"Hydrogen & blue hydrogen – steel, ammonia, refineries\",\"Gas-to-Liquids (GTL) diesel & naphtha (Escravos GTL)\",\"Pipeline gas – cement, steel, glass, ceramics, food processing\",\"Carbon black, acetic acid, formaldehyde, and downstream chemical intermediates\"]","locations":"[{\"state\":\"Rivers\",\"siteName\":\"NLNG Bonny Terminal\",\"lon\":7.15,\"lat\":4.45},{\"state\":\"Bayelsa\",\"siteName\":\"Bayelsa gas fields\",\"lon\":6.2,\"lat\":4.85},{\"state\":\"Delta\",\"siteName\":\"Escravos GTL precinct\",\"lon\":5.11,\"lat\":5.6},{\"state\":\"Edo\",\"siteName\":\"Oben gas plant\",\"lon\":6,\"lat\":6.9},{\"state\":\"Ondo\",\"siteName\":\"Ondo offshore gas\",\"lon\":4.8,\"lat\":5.95},{\"state\":\"Cross River\",\"siteName\":\"Cross River gas prospects\",\"lon\":8.3,\"lat\":5.6},{\"state\":\"Akwa Ibom\",\"siteName\":\"Ibom Power / Uquo hub\",\"lon\":7.85,\"lat\":4.66},{\"state\":\"Imo\",\"siteName\":\"Assa/Owaza gas fields\",\"lon\":6.9,\"lat\":5.4},{\"state\":\"Kogi\",\"siteName\":\"Ajaokuta gas corridor\",\"lon\":6.66,\"lat\":7.57},{\"state\":\"Abuja-FCT\",\"siteName\":\"AKK pipeline node, Abuja\",\"lon\":7.4,\"lat\":9.05},{\"state\":\"Kaduna\",\"siteName\":\"Kaduna refinery/pipeline hub\",\"lon\":7.44,\"lat\":10.52},{\"state\":\"Kano\",\"siteName\":\"Kano pipeline terminus\",\"lon\":8.52,\"lat\":11.92}]","resourceId":"resource-natural-gas","featureKind":"point","stateName":"Ondo","siteName":"Ondo offshore gas"},"geometry":{"type":"Point","coordinates":[4.8,5.95]}},{"type":"Feature","properties":{"layerId":"resources","kind":"resources","id":"resource-natural-gas-5","name":"Natural Gas (LNG & Associated)","resourceType":"natural-gas","summary":"Africa's largest proven gas reserves; LNG exports via Bonny NLNG and growing domestic gas & NIPCo networks.","description":"Nigeria holds Africa's largest proven natural-gas reserves, historically seen as associated gas flared from oil production. The Nigeria LNG (NLNG) plant at Bonny now ranks among the world's top LNG exporters, while the Escravos Gas-to-Liquids (EGTL), Obiafu-Obrikom gas gathering, Oben-Geregu pipeline, and the Ajaokuta-Kaduna-Kano (AKK) pipeline build a domestic gas grid for power, industry, and petrochemicals.","lon":8.3,"lat":5.6,"statesCrossed":"[\"Rivers\",\"Bayelsa\",\"Delta\",\"Edo\",\"Ondo\",\"Cross River\",\"Akwa Ibom\",\"Imo\",\"Kogi\",\"Abuja-FCT\",\"Kaduna\",\"Kano\"]","reserveNote":"~200+ trillion standard cubic feet proven (Tcf) — largest in Africa","productionNote":"NLNG ~22 Mtpa (6 trains); domestic gas expanding via AKK pipeline & DS Phases","type":"Associated & non-associated gas; LNG, LPG, CNG, GTL products","economy":"LNG exports, domestic power/gas-to-plant, fertiliser, new petrochemical hubs.","climate":"Delta swamps + shallow & deepwater blocks, northward gas grid.","landmarks":"[\"NLNG Bonny Terminal\",\"EGTL Escravos\",\"AKK gas pipeline\",\"Oben / Oben-Geregu\",\"Obiafu-Obrikom\"]","highlights":"[\"Largest gas reserves in Africa\",\"NLNG #1 African LNG exporter\",\"AKK pipeline to northern consumers\",\"Gas flare commercialisation\"]","wikiUrl":"https://en.wikipedia.org/wiki/Natural_gas_in_Nigeria","products":"[\"Liquefied Natural Gas (LNG) – ocean-borne export cargo\",\"Compressed Natural Gas (CNG) – transport & power\",\"Liquefied Petroleum Gas (LPG / propane-butane) – domestic cooking\",\"Electricity generation – open & combined-cycle gas turbines (the bulk of Nigeria's grid)\",\"Fertiliser – urea, ammonia, nitrogenous blends\",\"Methanol & methanol-to-olefins (MTO) petrochemical feedstock\",\"Hydrogen & blue hydrogen – steel, ammonia, refineries\",\"Gas-to-Liquids (GTL) diesel & naphtha (Escravos GTL)\",\"Pipeline gas – cement, steel, glass, ceramics, food processing\",\"Carbon black, acetic acid, formaldehyde, and downstream chemical intermediates\"]","locations":"[{\"state\":\"Rivers\",\"siteName\":\"NLNG Bonny Terminal\",\"lon\":7.15,\"lat\":4.45},{\"state\":\"Bayelsa\",\"siteName\":\"Bayelsa gas fields\",\"lon\":6.2,\"lat\":4.85},{\"state\":\"Delta\",\"siteName\":\"Escravos GTL precinct\",\"lon\":5.11,\"lat\":5.6},{\"state\":\"Edo\",\"siteName\":\"Oben gas plant\",\"lon\":6,\"lat\":6.9},{\"state\":\"Ondo\",\"siteName\":\"Ondo offshore gas\",\"lon\":4.8,\"lat\":5.95},{\"state\":\"Cross River\",\"siteName\":\"Cross River gas prospects\",\"lon\":8.3,\"lat\":5.6},{\"state\":\"Akwa Ibom\",\"siteName\":\"Ibom Power / Uquo hub\",\"lon\":7.85,\"lat\":4.66},{\"state\":\"Imo\",\"siteName\":\"Assa/Owaza gas fields\",\"lon\":6.9,\"lat\":5.4},{\"state\":\"Kogi\",\"siteName\":\"Ajaokuta gas corridor\",\"lon\":6.66,\"lat\":7.57},{\"state\":\"Abuja-FCT\",\"siteName\":\"AKK pipeline node, Abuja\",\"lon\":7.4,\"lat\":9.05},{\"state\":\"Kaduna\",\"siteName\":\"Kaduna refinery/pipeline hub\",\"lon\":7.44,\"lat\":10.52},{\"state\":\"Kano\",\"siteName\":\"Kano pipeline terminus\",\"lon\":8.52,\"lat\":11.92}]","resourceId":"resource-natural-gas","featureKind":"point","stateName":"Cross River","siteName":"Cross River gas prospects"},"geometry":{"type":"Point","coordinates":[8.3,5.6]}},{"type":"Feature","properties":{"layerId":"resources","kind":"resources","id":"resource-natural-gas-6","name":"Natural Gas (LNG & Associated)","resourceType":"natural-gas","summary":"Africa's largest proven gas reserves; LNG exports via Bonny NLNG and growing domestic gas & NIPCo networks.","description":"Nigeria holds Africa's largest proven natural-gas reserves, historically seen as associated gas flared from oil production. The Nigeria LNG (NLNG) plant at Bonny now ranks among the world's top LNG exporters, while the Escravos Gas-to-Liquids (EGTL), Obiafu-Obrikom gas gathering, Oben-Geregu pipeline, and the Ajaokuta-Kaduna-Kano (AKK) pipeline build a domestic gas grid for power, industry, and petrochemicals.","lon":7.85,"lat":4.66,"statesCrossed":"[\"Rivers\",\"Bayelsa\",\"Delta\",\"Edo\",\"Ondo\",\"Cross River\",\"Akwa Ibom\",\"Imo\",\"Kogi\",\"Abuja-FCT\",\"Kaduna\",\"Kano\"]","reserveNote":"~200+ trillion standard cubic feet proven (Tcf) — largest in Africa","productionNote":"NLNG ~22 Mtpa (6 trains); domestic gas expanding via AKK pipeline & DS Phases","type":"Associated & non-associated gas; LNG, LPG, CNG, GTL products","economy":"LNG exports, domestic power/gas-to-plant, fertiliser, new petrochemical hubs.","climate":"Delta swamps + shallow & deepwater blocks, northward gas grid.","landmarks":"[\"NLNG Bonny Terminal\",\"EGTL Escravos\",\"AKK gas pipeline\",\"Oben / Oben-Geregu\",\"Obiafu-Obrikom\"]","highlights":"[\"Largest gas reserves in Africa\",\"NLNG #1 African LNG exporter\",\"AKK pipeline to northern consumers\",\"Gas flare commercialisation\"]","wikiUrl":"https://en.wikipedia.org/wiki/Natural_gas_in_Nigeria","products":"[\"Liquefied Natural Gas (LNG) – ocean-borne export cargo\",\"Compressed Natural Gas (CNG) – transport & power\",\"Liquefied Petroleum Gas (LPG / propane-butane) – domestic cooking\",\"Electricity generation – open & combined-cycle gas turbines (the bulk of Nigeria's grid)\",\"Fertiliser – urea, ammonia, nitrogenous blends\",\"Methanol & methanol-to-olefins (MTO) petrochemical feedstock\",\"Hydrogen & blue hydrogen – steel, ammonia, refineries\",\"Gas-to-Liquids (GTL) diesel & naphtha (Escravos GTL)\",\"Pipeline gas – cement, steel, glass, ceramics, food processing\",\"Carbon black, acetic acid, formaldehyde, and downstream chemical intermediates\"]","locations":"[{\"state\":\"Rivers\",\"siteName\":\"NLNG Bonny Terminal\",\"lon\":7.15,\"lat\":4.45},{\"state\":\"Bayelsa\",\"siteName\":\"Bayelsa gas fields\",\"lon\":6.2,\"lat\":4.85},{\"state\":\"Delta\",\"siteName\":\"Escravos GTL precinct\",\"lon\":5.11,\"lat\":5.6},{\"state\":\"Edo\",\"siteName\":\"Oben gas plant\",\"lon\":6,\"lat\":6.9},{\"state\":\"Ondo\",\"siteName\":\"Ondo offshore gas\",\"lon\":4.8,\"lat\":5.95},{\"state\":\"Cross River\",\"siteName\":\"Cross River gas prospects\",\"lon\":8.3,\"lat\":5.6},{\"state\":\"Akwa Ibom\",\"siteName\":\"Ibom Power / Uquo hub\",\"lon\":7.85,\"lat\":4.66},{\"state\":\"Imo\",\"siteName\":\"Assa/Owaza gas fields\",\"lon\":6.9,\"lat\":5.4},{\"state\":\"Kogi\",\"siteName\":\"Ajaokuta gas corridor\",\"lon\":6.66,\"lat\":7.57},{\"state\":\"Abuja-FCT\",\"siteName\":\"AKK pipeline node, Abuja\",\"lon\":7.4,\"lat\":9.05},{\"state\":\"Kaduna\",\"siteName\":\"Kaduna refinery/pipeline hub\",\"lon\":7.44,\"lat\":10.52},{\"state\":\"Kano\",\"siteName\":\"Kano pipeline terminus\",\"lon\":8.52,\"lat\":11.92}]","resourceId":"resource-natural-gas","featureKind":"point","stateName":"Akwa Ibom","siteName":"Ibom Power / Uquo hub"},"geometry":{"type":"Point","coordinates":[7.85,4.66]}},{"type":"Feature","properties":{"layerId":"resources","kind":"resources","id":"resource-natural-gas-7","name":"Natural Gas (LNG & Associated)","resourceType":"natural-gas","summary":"Africa's largest proven gas reserves; LNG exports via Bonny NLNG and growing domestic gas & NIPCo networks.","description":"Nigeria holds Africa's largest proven natural-gas reserves, historically seen as associated gas flared from oil production. The Nigeria LNG (NLNG) plant at Bonny now ranks among the world's top LNG exporters, while the Escravos Gas-to-Liquids (EGTL), Obiafu-Obrikom gas gathering, Oben-Geregu pipeline, and the Ajaokuta-Kaduna-Kano (AKK) pipeline build a domestic gas grid for power, industry, and petrochemicals.","lon":6.9,"lat":5.4,"statesCrossed":"[\"Rivers\",\"Bayelsa\",\"Delta\",\"Edo\",\"Ondo\",\"Cross River\",\"Akwa Ibom\",\"Imo\",\"Kogi\",\"Abuja-FCT\",\"Kaduna\",\"Kano\"]","reserveNote":"~200+ trillion standard cubic feet proven (Tcf) — largest in Africa","productionNote":"NLNG ~22 Mtpa (6 trains); domestic gas expanding via AKK pipeline & DS Phases","type":"Associated & non-associated gas; LNG, LPG, CNG, GTL products","economy":"LNG exports, domestic power/gas-to-plant, fertiliser, new petrochemical hubs.","climate":"Delta swamps + shallow & deepwater blocks, northward gas grid.","landmarks":"[\"NLNG Bonny Terminal\",\"EGTL Escravos\",\"AKK gas pipeline\",\"Oben / Oben-Geregu\",\"Obiafu-Obrikom\"]","highlights":"[\"Largest gas reserves in Africa\",\"NLNG #1 African LNG exporter\",\"AKK pipeline to northern consumers\",\"Gas flare commercialisation\"]","wikiUrl":"https://en.wikipedia.org/wiki/Natural_gas_in_Nigeria","products":"[\"Liquefied Natural Gas (LNG) – ocean-borne export cargo\",\"Compressed Natural Gas (CNG) – transport & power\",\"Liquefied Petroleum Gas (LPG / propane-butane) – domestic cooking\",\"Electricity generation – open & combined-cycle gas turbines (the bulk of Nigeria's grid)\",\"Fertiliser – urea, ammonia, nitrogenous blends\",\"Methanol & methanol-to-olefins (MTO) petrochemical feedstock\",\"Hydrogen & blue hydrogen – steel, ammonia, refineries\",\"Gas-to-Liquids (GTL) diesel & naphtha (Escravos GTL)\",\"Pipeline gas – cement, steel, glass, ceramics, food processing\",\"Carbon black, acetic acid, formaldehyde, and downstream chemical intermediates\"]","locations":"[{\"state\":\"Rivers\",\"siteName\":\"NLNG Bonny Terminal\",\"lon\":7.15,\"lat\":4.45},{\"state\":\"Bayelsa\",\"siteName\":\"Bayelsa gas fields\",\"lon\":6.2,\"lat\":4.85},{\"state\":\"Delta\",\"siteName\":\"Escravos GTL precinct\",\"lon\":5.11,\"lat\":5.6},{\"state\":\"Edo\",\"siteName\":\"Oben gas plant\",\"lon\":6,\"lat\":6.9},{\"state\":\"Ondo\",\"siteName\":\"Ondo offshore gas\",\"lon\":4.8,\"lat\":5.95},{\"state\":\"Cross River\",\"siteName\":\"Cross River gas prospects\",\"lon\":8.3,\"lat\":5.6},{\"state\":\"Akwa Ibom\",\"siteName\":\"Ibom Power / Uquo hub\",\"lon\":7.85,\"lat\":4.66},{\"state\":\"Imo\",\"siteName\":\"Assa/Owaza gas fields\",\"lon\":6.9,\"lat\":5.4},{\"state\":\"Kogi\",\"siteName\":\"Ajaokuta gas corridor\",\"lon\":6.66,\"lat\":7.57},{\"state\":\"Abuja-FCT\",\"siteName\":\"AKK pipeline node, Abuja\",\"lon\":7.4,\"lat\":9.05},{\"state\":\"Kaduna\",\"siteName\":\"Kaduna refinery/pipeline hub\",\"lon\":7.44,\"lat\":10.52},{\"state\":\"Kano\",\"siteName\":\"Kano pipeline terminus\",\"lon\":8.52,\"lat\":11.92}]","resourceId":"resource-natural-gas","featureKind":"point","stateName":"Imo","siteName":"Assa/Owaza gas fields"},"geometry":{"type":"Point","coordinates":[6.9,5.4]}},{"type":"Feature","properties":{"layerId":"resources","kind":"resources","id":"resource-natural-gas-8","name":"Natural Gas (LNG & Associated)","resourceType":"natural-gas","summary":"Africa's largest proven gas reserves; LNG exports via Bonny NLNG and growing domestic gas & NIPCo networks.","description":"Nigeria holds Africa's largest proven natural-gas reserves, historically seen as associated gas flared from oil production. The Nigeria LNG (NLNG) plant at Bonny now ranks among the world's top LNG exporters, while the Escravos Gas-to-Liquids (EGTL), Obiafu-Obrikom gas gathering, Oben-Geregu pipeline, and the Ajaokuta-Kaduna-Kano (AKK) pipeline build a domestic gas grid for power, industry, and petrochemicals.","lon":6.66,"lat":7.57,"statesCrossed":"[\"Rivers\",\"Bayelsa\",\"Delta\",\"Edo\",\"Ondo\",\"Cross River\",\"Akwa Ibom\",\"Imo\",\"Kogi\",\"Abuja-FCT\",\"Kaduna\",\"Kano\"]","reserveNote":"~200+ trillion standard cubic feet proven (Tcf) — largest in Africa","productionNote":"NLNG ~22 Mtpa (6 trains); domestic gas expanding via AKK pipeline & DS Phases","type":"Associated & non-associated gas; LNG, LPG, CNG, GTL products","economy":"LNG exports, domestic power/gas-to-plant, fertiliser, new petrochemical hubs.","climate":"Delta swamps + shallow & deepwater blocks, northward gas grid.","landmarks":"[\"NLNG Bonny Terminal\",\"EGTL Escravos\",\"AKK gas pipeline\",\"Oben / Oben-Geregu\",\"Obiafu-Obrikom\"]","highlights":"[\"Largest gas reserves in Africa\",\"NLNG #1 African LNG exporter\",\"AKK pipeline to northern consumers\",\"Gas flare commercialisation\"]","wikiUrl":"https://en.wikipedia.org/wiki/Natural_gas_in_Nigeria","products":"[\"Liquefied Natural Gas (LNG) – ocean-borne export cargo\",\"Compressed Natural Gas (CNG) – transport & power\",\"Liquefied Petroleum Gas (LPG / propane-butane) – domestic cooking\",\"Electricity generation – open & combined-cycle gas turbines (the bulk of Nigeria's grid)\",\"Fertiliser – urea, ammonia, nitrogenous blends\",\"Methanol & methanol-to-olefins (MTO) petrochemical feedstock\",\"Hydrogen & blue hydrogen – steel, ammonia, refineries\",\"Gas-to-Liquids (GTL) diesel & naphtha (Escravos GTL)\",\"Pipeline gas – cement, steel, glass, ceramics, food processing\",\"Carbon black, acetic acid, formaldehyde, and downstream chemical intermediates\"]","locations":"[{\"state\":\"Rivers\",\"siteName\":\"NLNG Bonny Terminal\",\"lon\":7.15,\"lat\":4.45},{\"state\":\"Bayelsa\",\"siteName\":\"Bayelsa gas fields\",\"lon\":6.2,\"lat\":4.85},{\"state\":\"Delta\",\"siteName\":\"Escravos GTL precinct\",\"lon\":5.11,\"lat\":5.6},{\"state\":\"Edo\",\"siteName\":\"Oben gas plant\",\"lon\":6,\"lat\":6.9},{\"state\":\"Ondo\",\"siteName\":\"Ondo offshore gas\",\"lon\":4.8,\"lat\":5.95},{\"state\":\"Cross River\",\"siteName\":\"Cross River gas prospects\",\"lon\":8.3,\"lat\":5.6},{\"state\":\"Akwa Ibom\",\"siteName\":\"Ibom Power / Uquo hub\",\"lon\":7.85,\"lat\":4.66},{\"state\":\"Imo\",\"siteName\":\"Assa/Owaza gas fields\",\"lon\":6.9,\"lat\":5.4},{\"state\":\"Kogi\",\"siteName\":\"Ajaokuta gas corridor\",\"lon\":6.66,\"lat\":7.57},{\"state\":\"Abuja-FCT\",\"siteName\":\"AKK pipeline node, Abuja\",\"lon\":7.4,\"lat\":9.05},{\"state\":\"Kaduna\",\"siteName\":\"Kaduna refinery/pipeline hub\",\"lon\":7.44,\"lat\":10.52},{\"state\":\"Kano\",\"siteName\":\"Kano pipeline terminus\",\"lon\":8.52,\"lat\":11.92}]","resourceId":"resource-natural-gas","featureKind":"point","stateName":"Kogi","siteName":"Ajaokuta gas corridor"},"geometry":{"type":"Point","coordinates":[6.66,7.57]}},{"type":"Feature","properties":{"layerId":"resources","kind":"resources","id":"resource-natural-gas-9","name":"Natural Gas (LNG & Associated)","resourceType":"natural-gas","summary":"Africa's largest proven gas reserves; LNG exports via Bonny NLNG and growing domestic gas & NIPCo networks.","description":"Nigeria holds Africa's largest proven natural-gas reserves, historically seen as associated gas flared from oil production. The Nigeria LNG (NLNG) plant at Bonny now ranks among the world's top LNG exporters, while the Escravos Gas-to-Liquids (EGTL), Obiafu-Obrikom gas gathering, Oben-Geregu pipeline, and the Ajaokuta-Kaduna-Kano (AKK) pipeline build a domestic gas grid for power, industry, and petrochemicals.","lon":7.4,"lat":9.05,"statesCrossed":"[\"Rivers\",\"Bayelsa\",\"Delta\",\"Edo\",\"Ondo\",\"Cross River\",\"Akwa Ibom\",\"Imo\",\"Kogi\",\"Abuja-FCT\",\"Kaduna\",\"Kano\"]","reserveNote":"~200+ trillion standard cubic feet proven (Tcf) — largest in Africa","productionNote":"NLNG ~22 Mtpa (6 trains); domestic gas expanding via AKK pipeline & DS Phases","type":"Associated & non-associated gas; LNG, LPG, CNG, GTL products","economy":"LNG exports, domestic power/gas-to-plant, fertiliser, new petrochemical hubs.","climate":"Delta swamps + shallow & deepwater blocks, northward gas grid.","landmarks":"[\"NLNG Bonny Terminal\",\"EGTL Escravos\",\"AKK gas pipeline\",\"Oben / Oben-Geregu\",\"Obiafu-Obrikom\"]","highlights":"[\"Largest gas reserves in Africa\",\"NLNG #1 African LNG exporter\",\"AKK pipeline to northern consumers\",\"Gas flare commercialisation\"]","wikiUrl":"https://en.wikipedia.org/wiki/Natural_gas_in_Nigeria","products":"[\"Liquefied Natural Gas (LNG) – ocean-borne export cargo\",\"Compressed Natural Gas (CNG) – transport & power\",\"Liquefied Petroleum Gas (LPG / propane-butane) – domestic cooking\",\"Electricity generation – open & combined-cycle gas turbines (the bulk of Nigeria's grid)\",\"Fertiliser – urea, ammonia, nitrogenous blends\",\"Methanol & methanol-to-olefins (MTO) petrochemical feedstock\",\"Hydrogen & blue hydrogen – steel, ammonia, refineries\",\"Gas-to-Liquids (GTL) diesel & naphtha (Escravos GTL)\",\"Pipeline gas – cement, steel, glass, ceramics, food processing\",\"Carbon black, acetic acid, formaldehyde, and downstream chemical intermediates\"]","locations":"[{\"state\":\"Rivers\",\"siteName\":\"NLNG Bonny Terminal\",\"lon\":7.15,\"lat\":4.45},{\"state\":\"Bayelsa\",\"siteName\":\"Bayelsa gas fields\",\"lon\":6.2,\"lat\":4.85},{\"state\":\"Delta\",\"siteName\":\"Escravos GTL precinct\",\"lon\":5.11,\"lat\":5.6},{\"state\":\"Edo\",\"siteName\":\"Oben gas plant\",\"lon\":6,\"lat\":6.9},{\"state\":\"Ondo\",\"siteName\":\"Ondo offshore gas\",\"lon\":4.8,\"lat\":5.95},{\"state\":\"Cross River\",\"siteName\":\"Cross River gas prospects\",\"lon\":8.3,\"lat\":5.6},{\"state\":\"Akwa Ibom\",\"siteName\":\"Ibom Power / Uquo hub\",\"lon\":7.85,\"lat\":4.66},{\"state\":\"Imo\",\"siteName\":\"Assa/Owaza gas fields\",\"lon\":6.9,\"lat\":5.4},{\"state\":\"Kogi\",\"siteName\":\"Ajaokuta gas corridor\",\"lon\":6.66,\"lat\":7.57},{\"state\":\"Abuja-FCT\",\"siteName\":\"AKK pipeline node, Abuja\",\"lon\":7.4,\"lat\":9.05},{\"state\":\"Kaduna\",\"siteName\":\"Kaduna refinery/pipeline hub\",\"lon\":7.44,\"lat\":10.52},{\"state\":\"Kano\",\"siteName\":\"Kano pipeline terminus\",\"lon\":8.52,\"lat\":11.92}]","resourceId":"resource-natural-gas","featureKind":"point","stateName":"Abuja-FCT","siteName":"AKK pipeline node, Abuja"},"geometry":{"type":"Point","coordinates":[7.4,9.05]}},{"type":"Feature","properties":{"layerId":"resources","kind":"resources","id":"resource-natural-gas-10","name":"Natural Gas (LNG & Associated)","resourceType":"natural-gas","summary":"Africa's largest proven gas reserves; LNG exports via Bonny NLNG and growing domestic gas & NIPCo networks.","description":"Nigeria holds Africa's largest proven natural-gas reserves, historically seen as associated gas flared from oil production. The Nigeria LNG (NLNG) plant at Bonny now ranks among the world's top LNG exporters, while the Escravos Gas-to-Liquids (EGTL), Obiafu-Obrikom gas gathering, Oben-Geregu pipeline, and the Ajaokuta-Kaduna-Kano (AKK) pipeline build a domestic gas grid for power, industry, and petrochemicals.","lon":7.44,"lat":10.52,"statesCrossed":"[\"Rivers\",\"Bayelsa\",\"Delta\",\"Edo\",\"Ondo\",\"Cross River\",\"Akwa Ibom\",\"Imo\",\"Kogi\",\"Abuja-FCT\",\"Kaduna\",\"Kano\"]","reserveNote":"~200+ trillion standard cubic feet proven (Tcf) — largest in Africa","productionNote":"NLNG ~22 Mtpa (6 trains); domestic gas expanding via AKK pipeline & DS Phases","type":"Associated & non-associated gas; LNG, LPG, CNG, GTL products","economy":"LNG exports, domestic power/gas-to-plant, fertiliser, new petrochemical hubs.","climate":"Delta swamps + shallow & deepwater blocks, northward gas grid.","landmarks":"[\"NLNG Bonny Terminal\",\"EGTL Escravos\",\"AKK gas pipeline\",\"Oben / Oben-Geregu\",\"Obiafu-Obrikom\"]","highlights":"[\"Largest gas reserves in Africa\",\"NLNG #1 African LNG exporter\",\"AKK pipeline to northern consumers\",\"Gas flare commercialisation\"]","wikiUrl":"https://en.wikipedia.org/wiki/Natural_gas_in_Nigeria","products":"[\"Liquefied Natural Gas (LNG) – ocean-borne export cargo\",\"Compressed Natural Gas (CNG) – transport & power\",\"Liquefied Petroleum Gas (LPG / propane-butane) – domestic cooking\",\"Electricity generation – open & combined-cycle gas turbines (the bulk of Nigeria's grid)\",\"Fertiliser – urea, ammonia, nitrogenous blends\",\"Methanol & methanol-to-olefins (MTO) petrochemical feedstock\",\"Hydrogen & blue hydrogen – steel, ammonia, refineries\",\"Gas-to-Liquids (GTL) diesel & naphtha (Escravos GTL)\",\"Pipeline gas – cement, steel, glass, ceramics, food processing\",\"Carbon black, acetic acid, formaldehyde, and downstream chemical intermediates\"]","locations":"[{\"state\":\"Rivers\",\"siteName\":\"NLNG Bonny Terminal\",\"lon\":7.15,\"lat\":4.45},{\"state\":\"Bayelsa\",\"siteName\":\"Bayelsa gas fields\",\"lon\":6.2,\"lat\":4.85},{\"state\":\"Delta\",\"siteName\":\"Escravos GTL precinct\",\"lon\":5.11,\"lat\":5.6},{\"state\":\"Edo\",\"siteName\":\"Oben gas plant\",\"lon\":6,\"lat\":6.9},{\"state\":\"Ondo\",\"siteName\":\"Ondo offshore gas\",\"lon\":4.8,\"lat\":5.95},{\"state\":\"Cross River\",\"siteName\":\"Cross River gas prospects\",\"lon\":8.3,\"lat\":5.6},{\"state\":\"Akwa Ibom\",\"siteName\":\"Ibom Power / Uquo hub\",\"lon\":7.85,\"lat\":4.66},{\"state\":\"Imo\",\"siteName\":\"Assa/Owaza gas fields\",\"lon\":6.9,\"lat\":5.4},{\"state\":\"Kogi\",\"siteName\":\"Ajaokuta gas corridor\",\"lon\":6.66,\"lat\":7.57},{\"state\":\"Abuja-FCT\",\"siteName\":\"AKK pipeline node, Abuja\",\"lon\":7.4,\"lat\":9.05},{\"state\":\"Kaduna\",\"siteName\":\"Kaduna refinery/pipeline hub\",\"lon\":7.44,\"lat\":10.52},{\"state\":\"Kano\",\"siteName\":\"Kano pipeline terminus\",\"lon\":8.52,\"lat\":11.92}]","resourceId":"resource-natural-gas","featureKind":"point","stateName":"Kaduna","siteName":"Kaduna refinery/pipeline hub"},"geometry":{"type":"Point","coordinates":[7.44,10.52]}},{"type":"Feature","properties":{"layerId":"resources","kind":"resources","id":"resource-natural-gas-11","name":"Natural Gas (LNG & Associated)","resourceType":"natural-gas","summary":"Africa's largest proven gas reserves; LNG exports via Bonny NLNG and growing domestic gas & NIPCo networks.","description":"Nigeria holds Africa's largest proven natural-gas reserves, historically seen as associated gas flared from oil production. The Nigeria LNG (NLNG) plant at Bonny now ranks among the world's top LNG exporters, while the Escravos Gas-to-Liquids (EGTL), Obiafu-Obrikom gas gathering, Oben-Geregu pipeline, and the Ajaokuta-Kaduna-Kano (AKK) pipeline build a domestic gas grid for power, industry, and petrochemicals.","lon":8.52,"lat":11.92,"statesCrossed":"[\"Rivers\",\"Bayelsa\",\"Delta\",\"Edo\",\"Ondo\",\"Cross River\",\"Akwa Ibom\",\"Imo\",\"Kogi\",\"Abuja-FCT\",\"Kaduna\",\"Kano\"]","reserveNote":"~200+ trillion standard cubic feet proven (Tcf) — largest in Africa","productionNote":"NLNG ~22 Mtpa (6 trains); domestic gas expanding via AKK pipeline & DS Phases","type":"Associated & non-associated gas; LNG, LPG, CNG, GTL products","economy":"LNG exports, domestic power/gas-to-plant, fertiliser, new petrochemical hubs.","climate":"Delta swamps + shallow & deepwater blocks, northward gas grid.","landmarks":"[\"NLNG Bonny Terminal\",\"EGTL Escravos\",\"AKK gas pipeline\",\"Oben / Oben-Geregu\",\"Obiafu-Obrikom\"]","highlights":"[\"Largest gas reserves in Africa\",\"NLNG #1 African LNG exporter\",\"AKK pipeline to northern consumers\",\"Gas flare commercialisation\"]","wikiUrl":"https://en.wikipedia.org/wiki/Natural_gas_in_Nigeria","products":"[\"Liquefied Natural Gas (LNG) – ocean-borne export cargo\",\"Compressed Natural Gas (CNG) – transport & power\",\"Liquefied Petroleum Gas (LPG / propane-butane) – domestic cooking\",\"Electricity generation – open & combined-cycle gas turbines (the bulk of Nigeria's grid)\",\"Fertiliser – urea, ammonia, nitrogenous blends\",\"Methanol & methanol-to-olefins (MTO) petrochemical feedstock\",\"Hydrogen & blue hydrogen – steel, ammonia, refineries\",\"Gas-to-Liquids (GTL) diesel & naphtha (Escravos GTL)\",\"Pipeline gas – cement, steel, glass, ceramics, food processing\",\"Carbon black, acetic acid, formaldehyde, and downstream chemical intermediates\"]","locations":"[{\"state\":\"Rivers\",\"siteName\":\"NLNG Bonny Terminal\",\"lon\":7.15,\"lat\":4.45},{\"state\":\"Bayelsa\",\"siteName\":\"Bayelsa gas fields\",\"lon\":6.2,\"lat\":4.85},{\"state\":\"Delta\",\"siteName\":\"Escravos GTL precinct\",\"lon\":5.11,\"lat\":5.6},{\"state\":\"Edo\",\"siteName\":\"Oben gas plant\",\"lon\":6,\"lat\":6.9},{\"state\":\"Ondo\",\"siteName\":\"Ondo offshore gas\",\"lon\":4.8,\"lat\":5.95},{\"state\":\"Cross River\",\"siteName\":\"Cross River gas prospects\",\"lon\":8.3,\"lat\":5.6},{\"state\":\"Akwa Ibom\",\"siteName\":\"Ibom Power / Uquo hub\",\"lon\":7.85,\"lat\":4.66},{\"state\":\"Imo\",\"siteName\":\"Assa/Owaza gas fields\",\"lon\":6.9,\"lat\":5.4},{\"state\":\"Kogi\",\"siteName\":\"Ajaokuta gas corridor\",\"lon\":6.66,\"lat\":7.57},{\"state\":\"Abuja-FCT\",\"siteName\":\"AKK pipeline node, Abuja\",\"lon\":7.4,\"lat\":9.05},{\"state\":\"Kaduna\",\"siteName\":\"Kaduna refinery/pipeline hub\",\"lon\":7.44,\"lat\":10.52},{\"state\":\"Kano\",\"siteName\":\"Kano pipeline terminus\",\"lon\":8.52,\"lat\":11.92}]","resourceId":"resource-natural-gas","featureKind":"point","stateName":"Kano","siteName":"Kano pipeline terminus"},"geometry":{"type":"Point","coordinates":[8.52,11.92]}},{"type":"Feature","properties":{"layerId":"resources","kind":"resources","id":"resource-coal-enu-0","name":"Coal (Enugu / Middle Belt)","resourceType":"coal","summary":"Historic Enugu sub-bituminous coalfields — Nigeria's first mineral export, now targeting power & cement.","description":"Coal was Nigeria's first systematic solid-mineral industry, with the Enugu (Udi hills) fields powering port railways and export trade from Port Harcourt by the 1920s–50s. Modern efforts focus on sub-bituminous coal for captive power, cement blending, and proposed mine-mouth power stations (Kogi, Benue, Enugu, and Nasarawa).","lon":7.5,"lat":6.45,"statesCrossed":"[\"Enugu\",\"Kogi\",\"Benue\",\"Nasarawa\",\"Ebonyi\",\"Imo\"]","reserveNote":"~2.4 billion tonnes indicated coal / lignite estimates","productionNote":"Historic 300,000 tpa peak; small artisanal + rehabilitation projects since","type":"Sub-bituminous coal (Enugu & Benue lignite)","economy":"Coal to power, cement additives, domestic energy in coal belts.","climate":"Guinea savanna–forest transition belt, Udi and Mambilla foothills.","landmarks":"[\"Ogbete / Udi Coalfields\",\"Koton Karfe / Kogi coal belt\",\"Benue lignite blocks\"]","highlights":"[\"First mineral export boom\",\"Mine-mouth power plants (proposed)\",\"Enugu heritage mining town\"]","wikiUrl":"https://en.wikipedia.org/wiki/Coal_mining_in_Nigeria","products":"[\"Electricity generation – captive & mine-mouth coal-fired power plants\",\"Cement manufacturing – blended with petroleum coke for kiln heat\",\"Domestic heating briquettes – household & small-scale industry\",\"Synthetic liquid fuels (CTL – coal-to-liquids) under study\",\"Steel / smelting heat source – metallurgical coal for coke ovens\",\"Industrial process heat – food, tobacco, textiles, brick kilns\",\"Activated carbon – water purification & gold recovery\",\"Coal-bed methane (CBM) – gas production from coal seams\"]","locations":"[{\"state\":\"Enugu\",\"siteName\":\"Ogbete/Udi Coalfields\",\"lon\":7.5,\"lat\":6.45},{\"state\":\"Kogi\",\"siteName\":\"Okaba/Ogboyaga coal\",\"lon\":7.65,\"lat\":7.6},{\"state\":\"Benue\",\"siteName\":\"Owukpa coal\",\"lon\":8.13,\"lat\":7},{\"state\":\"Nasarawa\",\"siteName\":\"Obi coal\",\"lon\":8.4,\"lat\":8.5},{\"state\":\"Ebonyi\",\"siteName\":\"Ebonyi coal occurrences\",\"lon\":8.08,\"lat\":6.27},{\"state\":\"Imo\",\"siteName\":\"Imo lignite occurrences\",\"lon\":7.03,\"lat\":5.5}]","resourceId":"resource-coal-enu","featureKind":"point","stateName":"Enugu","siteName":"Ogbete/Udi Coalfields"},"geometry":{"type":"Point","coordinates":[7.5,6.45]}},{"type":"Feature","properties":{"layerId":"resources","kind":"resources","id":"resource-coal-enu-1","name":"Coal (Enugu / Middle Belt)","resourceType":"coal","summary":"Historic Enugu sub-bituminous coalfields — Nigeria's first mineral export, now targeting power & cement.","description":"Coal was Nigeria's first systematic solid-mineral industry, with the Enugu (Udi hills) fields powering port railways and export trade from Port Harcourt by the 1920s–50s. Modern efforts focus on sub-bituminous coal for captive power, cement blending, and proposed mine-mouth power stations (Kogi, Benue, Enugu, and Nasarawa).","lon":7.65,"lat":7.6,"statesCrossed":"[\"Enugu\",\"Kogi\",\"Benue\",\"Nasarawa\",\"Ebonyi\",\"Imo\"]","reserveNote":"~2.4 billion tonnes indicated coal / lignite estimates","productionNote":"Historic 300,000 tpa peak; small artisanal + rehabilitation projects since","type":"Sub-bituminous coal (Enugu & Benue lignite)","economy":"Coal to power, cement additives, domestic energy in coal belts.","climate":"Guinea savanna–forest transition belt, Udi and Mambilla foothills.","landmarks":"[\"Ogbete / Udi Coalfields\",\"Koton Karfe / Kogi coal belt\",\"Benue lignite blocks\"]","highlights":"[\"First mineral export boom\",\"Mine-mouth power plants (proposed)\",\"Enugu heritage mining town\"]","wikiUrl":"https://en.wikipedia.org/wiki/Coal_mining_in_Nigeria","products":"[\"Electricity generation – captive & mine-mouth coal-fired power plants\",\"Cement manufacturing – blended with petroleum coke for kiln heat\",\"Domestic heating briquettes – household & small-scale industry\",\"Synthetic liquid fuels (CTL – coal-to-liquids) under study\",\"Steel / smelting heat source – metallurgical coal for coke ovens\",\"Industrial process heat – food, tobacco, textiles, brick kilns\",\"Activated carbon – water purification & gold recovery\",\"Coal-bed methane (CBM) – gas production from coal seams\"]","locations":"[{\"state\":\"Enugu\",\"siteName\":\"Ogbete/Udi Coalfields\",\"lon\":7.5,\"lat\":6.45},{\"state\":\"Kogi\",\"siteName\":\"Okaba/Ogboyaga coal\",\"lon\":7.65,\"lat\":7.6},{\"state\":\"Benue\",\"siteName\":\"Owukpa coal\",\"lon\":8.13,\"lat\":7},{\"state\":\"Nasarawa\",\"siteName\":\"Obi coal\",\"lon\":8.4,\"lat\":8.5},{\"state\":\"Ebonyi\",\"siteName\":\"Ebonyi coal occurrences\",\"lon\":8.08,\"lat\":6.27},{\"state\":\"Imo\",\"siteName\":\"Imo lignite occurrences\",\"lon\":7.03,\"lat\":5.5}]","resourceId":"resource-coal-enu","featureKind":"point","stateName":"Kogi","siteName":"Okaba/Ogboyaga coal"},"geometry":{"type":"Point","coordinates":[7.65,7.6]}},{"type":"Feature","properties":{"layerId":"resources","kind":"resources","id":"resource-coal-enu-2","name":"Coal (Enugu / Middle Belt)","resourceType":"coal","summary":"Historic Enugu sub-bituminous coalfields — Nigeria's first mineral export, now targeting power & cement.","description":"Coal was Nigeria's first systematic solid-mineral industry, with the Enugu (Udi hills) fields powering port railways and export trade from Port Harcourt by the 1920s–50s. Modern efforts focus on sub-bituminous coal for captive power, cement blending, and proposed mine-mouth power stations (Kogi, Benue, Enugu, and Nasarawa).","lon":8.13,"lat":7,"statesCrossed":"[\"Enugu\",\"Kogi\",\"Benue\",\"Nasarawa\",\"Ebonyi\",\"Imo\"]","reserveNote":"~2.4 billion tonnes indicated coal / lignite estimates","productionNote":"Historic 300,000 tpa peak; small artisanal + rehabilitation projects since","type":"Sub-bituminous coal (Enugu & Benue lignite)","economy":"Coal to power, cement additives, domestic energy in coal belts.","climate":"Guinea savanna–forest transition belt, Udi and Mambilla foothills.","landmarks":"[\"Ogbete / Udi Coalfields\",\"Koton Karfe / Kogi coal belt\",\"Benue lignite blocks\"]","highlights":"[\"First mineral export boom\",\"Mine-mouth power plants (proposed)\",\"Enugu heritage mining town\"]","wikiUrl":"https://en.wikipedia.org/wiki/Coal_mining_in_Nigeria","products":"[\"Electricity generation – captive & mine-mouth coal-fired power plants\",\"Cement manufacturing – blended with petroleum coke for kiln heat\",\"Domestic heating briquettes – household & small-scale industry\",\"Synthetic liquid fuels (CTL – coal-to-liquids) under study\",\"Steel / smelting heat source – metallurgical coal for coke ovens\",\"Industrial process heat – food, tobacco, textiles, brick kilns\",\"Activated carbon – water purification & gold recovery\",\"Coal-bed methane (CBM) – gas production from coal seams\"]","locations":"[{\"state\":\"Enugu\",\"siteName\":\"Ogbete/Udi Coalfields\",\"lon\":7.5,\"lat\":6.45},{\"state\":\"Kogi\",\"siteName\":\"Okaba/Ogboyaga coal\",\"lon\":7.65,\"lat\":7.6},{\"state\":\"Benue\",\"siteName\":\"Owukpa coal\",\"lon\":8.13,\"lat\":7},{\"state\":\"Nasarawa\",\"siteName\":\"Obi coal\",\"lon\":8.4,\"lat\":8.5},{\"state\":\"Ebonyi\",\"siteName\":\"Ebonyi coal occurrences\",\"lon\":8.08,\"lat\":6.27},{\"state\":\"Imo\",\"siteName\":\"Imo lignite occurrences\",\"lon\":7.03,\"lat\":5.5}]","resourceId":"resource-coal-enu","featureKind":"point","stateName":"Benue","siteName":"Owukpa coal"},"geometry":{"type":"Point","coordinates":[8.13,7]}},{"type":"Feature","properties":{"layerId":"resources","kind":"resources","id":"resource-coal-enu-3","name":"Coal (Enugu / Middle Belt)","resourceType":"coal","summary":"Historic Enugu sub-bituminous coalfields — Nigeria's first mineral export, now targeting power & cement.","description":"Coal was Nigeria's first systematic solid-mineral industry, with the Enugu (Udi hills) fields powering port railways and export trade from Port Harcourt by the 1920s–50s. Modern efforts focus on sub-bituminous coal for captive power, cement blending, and proposed mine-mouth power stations (Kogi, Benue, Enugu, and Nasarawa).","lon":8.4,"lat":8.5,"statesCrossed":"[\"Enugu\",\"Kogi\",\"Benue\",\"Nasarawa\",\"Ebonyi\",\"Imo\"]","reserveNote":"~2.4 billion tonnes indicated coal / lignite estimates","productionNote":"Historic 300,000 tpa peak; small artisanal + rehabilitation projects since","type":"Sub-bituminous coal (Enugu & Benue lignite)","economy":"Coal to power, cement additives, domestic energy in coal belts.","climate":"Guinea savanna–forest transition belt, Udi and Mambilla foothills.","landmarks":"[\"Ogbete / Udi Coalfields\",\"Koton Karfe / Kogi coal belt\",\"Benue lignite blocks\"]","highlights":"[\"First mineral export boom\",\"Mine-mouth power plants (proposed)\",\"Enugu heritage mining town\"]","wikiUrl":"https://en.wikipedia.org/wiki/Coal_mining_in_Nigeria","products":"[\"Electricity generation – captive & mine-mouth coal-fired power plants\",\"Cement manufacturing – blended with petroleum coke for kiln heat\",\"Domestic heating briquettes – household & small-scale industry\",\"Synthetic liquid fuels (CTL – coal-to-liquids) under study\",\"Steel / smelting heat source – metallurgical coal for coke ovens\",\"Industrial process heat – food, tobacco, textiles, brick kilns\",\"Activated carbon – water purification & gold recovery\",\"Coal-bed methane (CBM) – gas production from coal seams\"]","locations":"[{\"state\":\"Enugu\",\"siteName\":\"Ogbete/Udi Coalfields\",\"lon\":7.5,\"lat\":6.45},{\"state\":\"Kogi\",\"siteName\":\"Okaba/Ogboyaga coal\",\"lon\":7.65,\"lat\":7.6},{\"state\":\"Benue\",\"siteName\":\"Owukpa coal\",\"lon\":8.13,\"lat\":7},{\"state\":\"Nasarawa\",\"siteName\":\"Obi coal\",\"lon\":8.4,\"lat\":8.5},{\"state\":\"Ebonyi\",\"siteName\":\"Ebonyi coal occurrences\",\"lon\":8.08,\"lat\":6.27},{\"state\":\"Imo\",\"siteName\":\"Imo lignite occurrences\",\"lon\":7.03,\"lat\":5.5}]","resourceId":"resource-coal-enu","featureKind":"point","stateName":"Nasarawa","siteName":"Obi coal"},"geometry":{"type":"Point","coordinates":[8.4,8.5]}},{"type":"Feature","properties":{"layerId":"resources","kind":"resources","id":"resource-coal-enu-4","name":"Coal (Enugu / Middle Belt)","resourceType":"coal","summary":"Historic Enugu sub-bituminous coalfields — Nigeria's first mineral export, now targeting power & cement.","description":"Coal was Nigeria's first systematic solid-mineral industry, with the Enugu (Udi hills) fields powering port railways and export trade from Port Harcourt by the 1920s–50s. Modern efforts focus on sub-bituminous coal for captive power, cement blending, and proposed mine-mouth power stations (Kogi, Benue, Enugu, and Nasarawa).","lon":8.08,"lat":6.27,"statesCrossed":"[\"Enugu\",\"Kogi\",\"Benue\",\"Nasarawa\",\"Ebonyi\",\"Imo\"]","reserveNote":"~2.4 billion tonnes indicated coal / lignite estimates","productionNote":"Historic 300,000 tpa peak; small artisanal + rehabilitation projects since","type":"Sub-bituminous coal (Enugu & Benue lignite)","economy":"Coal to power, cement additives, domestic energy in coal belts.","climate":"Guinea savanna–forest transition belt, Udi and Mambilla foothills.","landmarks":"[\"Ogbete / Udi Coalfields\",\"Koton Karfe / Kogi coal belt\",\"Benue lignite blocks\"]","highlights":"[\"First mineral export boom\",\"Mine-mouth power plants (proposed)\",\"Enugu heritage mining town\"]","wikiUrl":"https://en.wikipedia.org/wiki/Coal_mining_in_Nigeria","products":"[\"Electricity generation – captive & mine-mouth coal-fired power plants\",\"Cement manufacturing – blended with petroleum coke for kiln heat\",\"Domestic heating briquettes – household & small-scale industry\",\"Synthetic liquid fuels (CTL – coal-to-liquids) under study\",\"Steel / smelting heat source – metallurgical coal for coke ovens\",\"Industrial process heat – food, tobacco, textiles, brick kilns\",\"Activated carbon – water purification & gold recovery\",\"Coal-bed methane (CBM) – gas production from coal seams\"]","locations":"[{\"state\":\"Enugu\",\"siteName\":\"Ogbete/Udi Coalfields\",\"lon\":7.5,\"lat\":6.45},{\"state\":\"Kogi\",\"siteName\":\"Okaba/Ogboyaga coal\",\"lon\":7.65,\"lat\":7.6},{\"state\":\"Benue\",\"siteName\":\"Owukpa coal\",\"lon\":8.13,\"lat\":7},{\"state\":\"Nasarawa\",\"siteName\":\"Obi coal\",\"lon\":8.4,\"lat\":8.5},{\"state\":\"Ebonyi\",\"siteName\":\"Ebonyi coal occurrences\",\"lon\":8.08,\"lat\":6.27},{\"state\":\"Imo\",\"siteName\":\"Imo lignite occurrences\",\"lon\":7.03,\"lat\":5.5}]","resourceId":"resource-coal-enu","featureKind":"point","stateName":"Ebonyi","siteName":"Ebonyi coal occurrences"},"geometry":{"type":"Point","coordinates":[8.08,6.27]}},{"type":"Feature","properties":{"layerId":"resources","kind":"resources","id":"resource-coal-enu-5","name":"Coal (Enugu / Middle Belt)","resourceType":"coal","summary":"Historic Enugu sub-bituminous coalfields — Nigeria's first mineral export, now targeting power & cement.","description":"Coal was Nigeria's first systematic solid-mineral industry, with the Enugu (Udi hills) fields powering port railways and export trade from Port Harcourt by the 1920s–50s. Modern efforts focus on sub-bituminous coal for captive power, cement blending, and proposed mine-mouth power stations (Kogi, Benue, Enugu, and Nasarawa).","lon":7.03,"lat":5.5,"statesCrossed":"[\"Enugu\",\"Kogi\",\"Benue\",\"Nasarawa\",\"Ebonyi\",\"Imo\"]","reserveNote":"~2.4 billion tonnes indicated coal / lignite estimates","productionNote":"Historic 300,000 tpa peak; small artisanal + rehabilitation projects since","type":"Sub-bituminous coal (Enugu & Benue lignite)","economy":"Coal to power, cement additives, domestic energy in coal belts.","climate":"Guinea savanna–forest transition belt, Udi and Mambilla foothills.","landmarks":"[\"Ogbete / Udi Coalfields\",\"Koton Karfe / Kogi coal belt\",\"Benue lignite blocks\"]","highlights":"[\"First mineral export boom\",\"Mine-mouth power plants (proposed)\",\"Enugu heritage mining town\"]","wikiUrl":"https://en.wikipedia.org/wiki/Coal_mining_in_Nigeria","products":"[\"Electricity generation – captive & mine-mouth coal-fired power plants\",\"Cement manufacturing – blended with petroleum coke for kiln heat\",\"Domestic heating briquettes – household & small-scale industry\",\"Synthetic liquid fuels (CTL – coal-to-liquids) under study\",\"Steel / smelting heat source – metallurgical coal for coke ovens\",\"Industrial process heat – food, tobacco, textiles, brick kilns\",\"Activated carbon – water purification & gold recovery\",\"Coal-bed methane (CBM) – gas production from coal seams\"]","locations":"[{\"state\":\"Enugu\",\"siteName\":\"Ogbete/Udi Coalfields\",\"lon\":7.5,\"lat\":6.45},{\"state\":\"Kogi\",\"siteName\":\"Okaba/Ogboyaga coal\",\"lon\":7.65,\"lat\":7.6},{\"state\":\"Benue\",\"siteName\":\"Owukpa coal\",\"lon\":8.13,\"lat\":7},{\"state\":\"Nasarawa\",\"siteName\":\"Obi coal\",\"lon\":8.4,\"lat\":8.5},{\"state\":\"Ebonyi\",\"siteName\":\"Ebonyi coal occurrences\",\"lon\":8.08,\"lat\":6.27},{\"state\":\"Imo\",\"siteName\":\"Imo lignite occurrences\",\"lon\":7.03,\"lat\":5.5}]","resourceId":"resource-coal-enu","featureKind":"point","stateName":"Imo","siteName":"Imo lignite occurrences"},"geometry":{"type":"Point","coordinates":[7.03,5.5]}},{"type":"Feature","properties":{"layerId":"resources","kind":"resources","id":"resource-tin-jos-0","name":"Tin & Columbite (Jos Plateau)","resourceType":"tin-columbite","summary":"World-famous Jos Plateau alluvial tin and columbite deposits — a 20th-century mining legacy.","description":"Tin and columbite (niobium-tantalum ore) were mined on the Jos Plateau from 1904 through the 1970s, driven by dredging of alluvial gravels. This created the landscape of mine ponds, reclaimed farmlands, and gullies that still shape the plateau. Remnant artisanal workings continue, and Nigeria is now exploring rare-metal pegmatites downstream of old leases.","lon":8.89,"lat":9.92,"statesCrossed":"[\"Plateau\",\"Nasarawa\",\"Kaduna\",\"Bauchi\"]","reserveNote":"Pegmatites with tin-tantalum-niobium still in-situ; reserve estimates vary","productionNote":"Peak 1960s production made Nigeria a leading tin supplier; artisanal only today","type":"Cassiterite tin, columbite (niobium), tantalite & lithium-cesium-tantalum pegmatites","economy":"Heritage mining; current artisanal tin + rare metals exploration for batteries market.","climate":"Highland Jos Plateau climate; cooler, rainfall influenced by orography.","landmarks":"[\"Jos Museum of Traditional Nigerian Architecture + mining exhibits\",\"Barikin Ladi mining ponds\",\"Kuru / Rayfield heritage areas\"]","highlights":"[\"Jos alluvial tin heritage\",\"Columbite-tantalum (rare metals)\",\"Mine pond & erosion landscape\"]","wikiUrl":"https://en.wikipedia.org/wiki/Jos_Plateau","products":"[\"Tin metal (Sn) – solders for electronics assembly\",\"Tinplate – food & beverage cans, aerosol containers\",\"Tin alloys – bronze, bearing metals, pewter, fusible alloys\",\"Niobium (columbite) – high-strength low-alloy (HSLA) steel for pipelines & structural\",\"Niobium superalloys – jet engines, gas turbines, rocket nozzles\",\"Tantalum (from columbite-tantalite ores) – electrolytic capacitors for phones & EVs\",\"Lithium byproducts (from Jos pegmatites) – Li-ion battery precursor salts\",\"Tin chemicals – PVC heat stabilisers, plating, catalysts, glass polishing\"]","locations":"[{\"state\":\"Plateau\",\"siteName\":\"Jos tin fields\",\"lon\":8.89,\"lat\":9.92},{\"state\":\"Nasarawa\",\"siteName\":\"Wamba/Akwanga tin\",\"lon\":8.4,\"lat\":8.9},{\"state\":\"Kaduna\",\"siteName\":\"Kagoro tin belt\",\"lon\":8.3,\"lat\":9.6},{\"state\":\"Bauchi\",\"siteName\":\"Bununu/Tafawa Balewa tin\",\"lon\":9.7,\"lat\":9.9}]","resourceId":"resource-tin-jos","featureKind":"point","stateName":"Plateau","siteName":"Jos tin fields"},"geometry":{"type":"Point","coordinates":[8.89,9.92]}},{"type":"Feature","properties":{"layerId":"resources","kind":"resources","id":"resource-tin-jos-1","name":"Tin & Columbite (Jos Plateau)","resourceType":"tin-columbite","summary":"World-famous Jos Plateau alluvial tin and columbite deposits — a 20th-century mining legacy.","description":"Tin and columbite (niobium-tantalum ore) were mined on the Jos Plateau from 1904 through the 1970s, driven by dredging of alluvial gravels. This created the landscape of mine ponds, reclaimed farmlands, and gullies that still shape the plateau. Remnant artisanal workings continue, and Nigeria is now exploring rare-metal pegmatites downstream of old leases.","lon":8.4,"lat":8.9,"statesCrossed":"[\"Plateau\",\"Nasarawa\",\"Kaduna\",\"Bauchi\"]","reserveNote":"Pegmatites with tin-tantalum-niobium still in-situ; reserve estimates vary","productionNote":"Peak 1960s production made Nigeria a leading tin supplier; artisanal only today","type":"Cassiterite tin, columbite (niobium), tantalite & lithium-cesium-tantalum pegmatites","economy":"Heritage mining; current artisanal tin + rare metals exploration for batteries market.","climate":"Highland Jos Plateau climate; cooler, rainfall influenced by orography.","landmarks":"[\"Jos Museum of Traditional Nigerian Architecture + mining exhibits\",\"Barikin Ladi mining ponds\",\"Kuru / Rayfield heritage areas\"]","highlights":"[\"Jos alluvial tin heritage\",\"Columbite-tantalum (rare metals)\",\"Mine pond & erosion landscape\"]","wikiUrl":"https://en.wikipedia.org/wiki/Jos_Plateau","products":"[\"Tin metal (Sn) – solders for electronics assembly\",\"Tinplate – food & beverage cans, aerosol containers\",\"Tin alloys – bronze, bearing metals, pewter, fusible alloys\",\"Niobium (columbite) – high-strength low-alloy (HSLA) steel for pipelines & structural\",\"Niobium superalloys – jet engines, gas turbines, rocket nozzles\",\"Tantalum (from columbite-tantalite ores) – electrolytic capacitors for phones & EVs\",\"Lithium byproducts (from Jos pegmatites) – Li-ion battery precursor salts\",\"Tin chemicals – PVC heat stabilisers, plating, catalysts, glass polishing\"]","locations":"[{\"state\":\"Plateau\",\"siteName\":\"Jos tin fields\",\"lon\":8.89,\"lat\":9.92},{\"state\":\"Nasarawa\",\"siteName\":\"Wamba/Akwanga tin\",\"lon\":8.4,\"lat\":8.9},{\"state\":\"Kaduna\",\"siteName\":\"Kagoro tin belt\",\"lon\":8.3,\"lat\":9.6},{\"state\":\"Bauchi\",\"siteName\":\"Bununu/Tafawa Balewa tin\",\"lon\":9.7,\"lat\":9.9}]","resourceId":"resource-tin-jos","featureKind":"point","stateName":"Nasarawa","siteName":"Wamba/Akwanga tin"},"geometry":{"type":"Point","coordinates":[8.4,8.9]}},{"type":"Feature","properties":{"layerId":"resources","kind":"resources","id":"resource-tin-jos-2","name":"Tin & Columbite (Jos Plateau)","resourceType":"tin-columbite","summary":"World-famous Jos Plateau alluvial tin and columbite deposits — a 20th-century mining legacy.","description":"Tin and columbite (niobium-tantalum ore) were mined on the Jos Plateau from 1904 through the 1970s, driven by dredging of alluvial gravels. This created the landscape of mine ponds, reclaimed farmlands, and gullies that still shape the plateau. Remnant artisanal workings continue, and Nigeria is now exploring rare-metal pegmatites downstream of old leases.","lon":8.3,"lat":9.6,"statesCrossed":"[\"Plateau\",\"Nasarawa\",\"Kaduna\",\"Bauchi\"]","reserveNote":"Pegmatites with tin-tantalum-niobium still in-situ; reserve estimates vary","productionNote":"Peak 1960s production made Nigeria a leading tin supplier; artisanal only today","type":"Cassiterite tin, columbite (niobium), tantalite & lithium-cesium-tantalum pegmatites","economy":"Heritage mining; current artisanal tin + rare metals exploration for batteries market.","climate":"Highland Jos Plateau climate; cooler, rainfall influenced by orography.","landmarks":"[\"Jos Museum of Traditional Nigerian Architecture + mining exhibits\",\"Barikin Ladi mining ponds\",\"Kuru / Rayfield heritage areas\"]","highlights":"[\"Jos alluvial tin heritage\",\"Columbite-tantalum (rare metals)\",\"Mine pond & erosion landscape\"]","wikiUrl":"https://en.wikipedia.org/wiki/Jos_Plateau","products":"[\"Tin metal (Sn) – solders for electronics assembly\",\"Tinplate – food & beverage cans, aerosol containers\",\"Tin alloys – bronze, bearing metals, pewter, fusible alloys\",\"Niobium (columbite) – high-strength low-alloy (HSLA) steel for pipelines & structural\",\"Niobium superalloys – jet engines, gas turbines, rocket nozzles\",\"Tantalum (from columbite-tantalite ores) – electrolytic capacitors for phones & EVs\",\"Lithium byproducts (from Jos pegmatites) – Li-ion battery precursor salts\",\"Tin chemicals – PVC heat stabilisers, plating, catalysts, glass polishing\"]","locations":"[{\"state\":\"Plateau\",\"siteName\":\"Jos tin fields\",\"lon\":8.89,\"lat\":9.92},{\"state\":\"Nasarawa\",\"siteName\":\"Wamba/Akwanga tin\",\"lon\":8.4,\"lat\":8.9},{\"state\":\"Kaduna\",\"siteName\":\"Kagoro tin belt\",\"lon\":8.3,\"lat\":9.6},{\"state\":\"Bauchi\",\"siteName\":\"Bununu/Tafawa Balewa tin\",\"lon\":9.7,\"lat\":9.9}]","resourceId":"resource-tin-jos","featureKind":"point","stateName":"Kaduna","siteName":"Kagoro tin belt"},"geometry":{"type":"Point","coordinates":[8.3,9.6]}},{"type":"Feature","properties":{"layerId":"resources","kind":"resources","id":"resource-tin-jos-3","name":"Tin & Columbite (Jos Plateau)","resourceType":"tin-columbite","summary":"World-famous Jos Plateau alluvial tin and columbite deposits — a 20th-century mining legacy.","description":"Tin and columbite (niobium-tantalum ore) were mined on the Jos Plateau from 1904 through the 1970s, driven by dredging of alluvial gravels. This created the landscape of mine ponds, reclaimed farmlands, and gullies that still shape the plateau. Remnant artisanal workings continue, and Nigeria is now exploring rare-metal pegmatites downstream of old leases.","lon":9.7,"lat":9.9,"statesCrossed":"[\"Plateau\",\"Nasarawa\",\"Kaduna\",\"Bauchi\"]","reserveNote":"Pegmatites with tin-tantalum-niobium still in-situ; reserve estimates vary","productionNote":"Peak 1960s production made Nigeria a leading tin supplier; artisanal only today","type":"Cassiterite tin, columbite (niobium), tantalite & lithium-cesium-tantalum pegmatites","economy":"Heritage mining; current artisanal tin + rare metals exploration for batteries market.","climate":"Highland Jos Plateau climate; cooler, rainfall influenced by orography.","landmarks":"[\"Jos Museum of Traditional Nigerian Architecture + mining exhibits\",\"Barikin Ladi mining ponds\",\"Kuru / Rayfield heritage areas\"]","highlights":"[\"Jos alluvial tin heritage\",\"Columbite-tantalum (rare metals)\",\"Mine pond & erosion landscape\"]","wikiUrl":"https://en.wikipedia.org/wiki/Jos_Plateau","products":"[\"Tin metal (Sn) – solders for electronics assembly\",\"Tinplate – food & beverage cans, aerosol containers\",\"Tin alloys – bronze, bearing metals, pewter, fusible alloys\",\"Niobium (columbite) – high-strength low-alloy (HSLA) steel for pipelines & structural\",\"Niobium superalloys – jet engines, gas turbines, rocket nozzles\",\"Tantalum (from columbite-tantalite ores) – electrolytic capacitors for phones & EVs\",\"Lithium byproducts (from Jos pegmatites) – Li-ion battery precursor salts\",\"Tin chemicals – PVC heat stabilisers, plating, catalysts, glass polishing\"]","locations":"[{\"state\":\"Plateau\",\"siteName\":\"Jos tin fields\",\"lon\":8.89,\"lat\":9.92},{\"state\":\"Nasarawa\",\"siteName\":\"Wamba/Akwanga tin\",\"lon\":8.4,\"lat\":8.9},{\"state\":\"Kaduna\",\"siteName\":\"Kagoro tin belt\",\"lon\":8.3,\"lat\":9.6},{\"state\":\"Bauchi\",\"siteName\":\"Bununu/Tafawa Balewa tin\",\"lon\":9.7,\"lat\":9.9}]","resourceId":"resource-tin-jos","featureKind":"point","stateName":"Bauchi","siteName":"Bununu/Tafawa Balewa tin"},"geometry":{"type":"Point","coordinates":[9.7,9.9]}},{"type":"Feature","properties":{"layerId":"resources","kind":"resources","id":"resource-iron-ore-0","name":"Iron Ore (Itakpe, Agbaja & Koton-Karfe)","resourceType":"iron-ore","summary":"Itakpe iron-ore deposit supplies the Ajaokuta Steel Complex and the National Iron Ore Mining Company (NIOMCO).","description":"Nigeria's principal iron ore deposits are the Itakpe hematite-magnetite ore (Kogi) and the Agbaja oolitic iron formation (Kogi/Enugu). NIOMCO at Itakpe ships beneficiated ore via rail to Ajaokuta and Delta Steel (Aladja), supporting Nigeria's long-delayed domestic steel programme. Recent interest includes direct-reduction iron for the Dangote-led Obajana/Ajaokuta revival efforts.","lon":6.31,"lat":7.53,"statesCrossed":"[\"Kogi\",\"Enugu\",\"Anambra\",\"Federal Capital Territory\",\"Nasarawa\",\"Benue\"]","reserveNote":"Itakpe proven + Agbaja indicated >2 billion tonnes of iron-formation","productionNote":"NIOMCO: ~1-2 Mtpa beneficiated pellets/ore for Ajaokuta & Aladja","type":"Itakpe magnetite-hematite, Agbaja oolitic iron, NSIA-backed Itakpe pellet upgrade","economy":"Steel industry feedstock, Ajaokuta & Aladja steel mills supply chain.","climate":"Guinea savanna on the Kogi plateau; proximity to Niger confluence.","landmarks":"[\"Itakpe Iron Ore Mine\",\"NIOMCO Beneficiation Plant\",\"Ajaokuta Steel Complex\",\"Itakpe–Warri railway\"]","highlights":"[\"Itakpe NIOMCO\",\"Agbaja oolitic iron belt\",\"Ajaokuta steel revival anchor\"]","wikiUrl":"https://en.wikipedia.org/wiki/Ajaokuta_Steel_Company","products":"[\"Pig iron – blast-furnace intermediate for steelmaking\",\"Steel rebars – concrete reinforcement (construction sector)\",\"Structural steel – beams, angles, plates, sections (I, H, C)\",\"Steel sheets & coils – roofing, automobiles, appliances, tinplate base\",\"Beneficiated iron-ore pellets – feedstock for direct-reduction and blast furnaces\",\"Direct Reduced Iron (DRI / sponge iron) – EAF steelmaking feed\",\"Wire rods & drawn wire – nails, welding electrodes, mesh, fencing\",\"Cast iron & ductile iron – pipes, manhole covers, engine blocks, cookware\"]","locations":"[{\"state\":\"Kogi\",\"siteName\":\"Itakpe iron ore mine\",\"lon\":6.31,\"lat\":7.53},{\"state\":\"Enugu\",\"siteName\":\"Enugu iron occurrences\",\"lon\":7.5,\"lat\":6.5},{\"state\":\"Anambra\",\"siteName\":\"Anambra iron occurrences\",\"lon\":6.94,\"lat\":6.21},{\"state\":\"Federal Capital Territory\",\"siteName\":\"Gwagwalada iron occurrence\",\"lon\":7.08,\"lat\":8.94},{\"state\":\"Nasarawa\",\"siteName\":\"Nasarawa iron occurrence\",\"lon\":8.53,\"lat\":8.53},{\"state\":\"Benue\",\"siteName\":\"Benue iron occurrence\",\"lon\":8.7,\"lat\":7.3}]","resourceId":"resource-iron-ore","featureKind":"point","stateName":"Kogi","siteName":"Itakpe iron ore mine"},"geometry":{"type":"Point","coordinates":[6.31,7.53]}},{"type":"Feature","properties":{"layerId":"resources","kind":"resources","id":"resource-iron-ore-1","name":"Iron Ore (Itakpe, Agbaja & Koton-Karfe)","resourceType":"iron-ore","summary":"Itakpe iron-ore deposit supplies the Ajaokuta Steel Complex and the National Iron Ore Mining Company (NIOMCO).","description":"Nigeria's principal iron ore deposits are the Itakpe hematite-magnetite ore (Kogi) and the Agbaja oolitic iron formation (Kogi/Enugu). NIOMCO at Itakpe ships beneficiated ore via rail to Ajaokuta and Delta Steel (Aladja), supporting Nigeria's long-delayed domestic steel programme. Recent interest includes direct-reduction iron for the Dangote-led Obajana/Ajaokuta revival efforts.","lon":7.5,"lat":6.5,"statesCrossed":"[\"Kogi\",\"Enugu\",\"Anambra\",\"Federal Capital Territory\",\"Nasarawa\",\"Benue\"]","reserveNote":"Itakpe proven + Agbaja indicated >2 billion tonnes of iron-formation","productionNote":"NIOMCO: ~1-2 Mtpa beneficiated pellets/ore for Ajaokuta & Aladja","type":"Itakpe magnetite-hematite, Agbaja oolitic iron, NSIA-backed Itakpe pellet upgrade","economy":"Steel industry feedstock, Ajaokuta & Aladja steel mills supply chain.","climate":"Guinea savanna on the Kogi plateau; proximity to Niger confluence.","landmarks":"[\"Itakpe Iron Ore Mine\",\"NIOMCO Beneficiation Plant\",\"Ajaokuta Steel Complex\",\"Itakpe–Warri railway\"]","highlights":"[\"Itakpe NIOMCO\",\"Agbaja oolitic iron belt\",\"Ajaokuta steel revival anchor\"]","wikiUrl":"https://en.wikipedia.org/wiki/Ajaokuta_Steel_Company","products":"[\"Pig iron – blast-furnace intermediate for steelmaking\",\"Steel rebars – concrete reinforcement (construction sector)\",\"Structural steel – beams, angles, plates, sections (I, H, C)\",\"Steel sheets & coils – roofing, automobiles, appliances, tinplate base\",\"Beneficiated iron-ore pellets – feedstock for direct-reduction and blast furnaces\",\"Direct Reduced Iron (DRI / sponge iron) – EAF steelmaking feed\",\"Wire rods & drawn wire – nails, welding electrodes, mesh, fencing\",\"Cast iron & ductile iron – pipes, manhole covers, engine blocks, cookware\"]","locations":"[{\"state\":\"Kogi\",\"siteName\":\"Itakpe iron ore mine\",\"lon\":6.31,\"lat\":7.53},{\"state\":\"Enugu\",\"siteName\":\"Enugu iron occurrences\",\"lon\":7.5,\"lat\":6.5},{\"state\":\"Anambra\",\"siteName\":\"Anambra iron occurrences\",\"lon\":6.94,\"lat\":6.21},{\"state\":\"Federal Capital Territory\",\"siteName\":\"Gwagwalada iron occurrence\",\"lon\":7.08,\"lat\":8.94},{\"state\":\"Nasarawa\",\"siteName\":\"Nasarawa iron occurrence\",\"lon\":8.53,\"lat\":8.53},{\"state\":\"Benue\",\"siteName\":\"Benue iron occurrence\",\"lon\":8.7,\"lat\":7.3}]","resourceId":"resource-iron-ore","featureKind":"point","stateName":"Enugu","siteName":"Enugu iron occurrences"},"geometry":{"type":"Point","coordinates":[7.5,6.5]}},{"type":"Feature","properties":{"layerId":"resources","kind":"resources","id":"resource-iron-ore-2","name":"Iron Ore (Itakpe, Agbaja & Koton-Karfe)","resourceType":"iron-ore","summary":"Itakpe iron-ore deposit supplies the Ajaokuta Steel Complex and the National Iron Ore Mining Company (NIOMCO).","description":"Nigeria's principal iron ore deposits are the Itakpe hematite-magnetite ore (Kogi) and the Agbaja oolitic iron formation (Kogi/Enugu). NIOMCO at Itakpe ships beneficiated ore via rail to Ajaokuta and Delta Steel (Aladja), supporting Nigeria's long-delayed domestic steel programme. Recent interest includes direct-reduction iron for the Dangote-led Obajana/Ajaokuta revival efforts.","lon":6.94,"lat":6.21,"statesCrossed":"[\"Kogi\",\"Enugu\",\"Anambra\",\"Federal Capital Territory\",\"Nasarawa\",\"Benue\"]","reserveNote":"Itakpe proven + Agbaja indicated >2 billion tonnes of iron-formation","productionNote":"NIOMCO: ~1-2 Mtpa beneficiated pellets/ore for Ajaokuta & Aladja","type":"Itakpe magnetite-hematite, Agbaja oolitic iron, NSIA-backed Itakpe pellet upgrade","economy":"Steel industry feedstock, Ajaokuta & Aladja steel mills supply chain.","climate":"Guinea savanna on the Kogi plateau; proximity to Niger confluence.","landmarks":"[\"Itakpe Iron Ore Mine\",\"NIOMCO Beneficiation Plant\",\"Ajaokuta Steel Complex\",\"Itakpe–Warri railway\"]","highlights":"[\"Itakpe NIOMCO\",\"Agbaja oolitic iron belt\",\"Ajaokuta steel revival anchor\"]","wikiUrl":"https://en.wikipedia.org/wiki/Ajaokuta_Steel_Company","products":"[\"Pig iron – blast-furnace intermediate for steelmaking\",\"Steel rebars – concrete reinforcement (construction sector)\",\"Structural steel – beams, angles, plates, sections (I, H, C)\",\"Steel sheets & coils – roofing, automobiles, appliances, tinplate base\",\"Beneficiated iron-ore pellets – feedstock for direct-reduction and blast furnaces\",\"Direct Reduced Iron (DRI / sponge iron) – EAF steelmaking feed\",\"Wire rods & drawn wire – nails, welding electrodes, mesh, fencing\",\"Cast iron & ductile iron – pipes, manhole covers, engine blocks, cookware\"]","locations":"[{\"state\":\"Kogi\",\"siteName\":\"Itakpe iron ore mine\",\"lon\":6.31,\"lat\":7.53},{\"state\":\"Enugu\",\"siteName\":\"Enugu iron occurrences\",\"lon\":7.5,\"lat\":6.5},{\"state\":\"Anambra\",\"siteName\":\"Anambra iron occurrences\",\"lon\":6.94,\"lat\":6.21},{\"state\":\"Federal Capital Territory\",\"siteName\":\"Gwagwalada iron occurrence\",\"lon\":7.08,\"lat\":8.94},{\"state\":\"Nasarawa\",\"siteName\":\"Nasarawa iron occurrence\",\"lon\":8.53,\"lat\":8.53},{\"state\":\"Benue\",\"siteName\":\"Benue iron occurrence\",\"lon\":8.7,\"lat\":7.3}]","resourceId":"resource-iron-ore","featureKind":"point","stateName":"Anambra","siteName":"Anambra iron occurrences"},"geometry":{"type":"Point","coordinates":[6.94,6.21]}},{"type":"Feature","properties":{"layerId":"resources","kind":"resources","id":"resource-iron-ore-3","name":"Iron Ore (Itakpe, Agbaja & Koton-Karfe)","resourceType":"iron-ore","summary":"Itakpe iron-ore deposit supplies the Ajaokuta Steel Complex and the National Iron Ore Mining Company (NIOMCO).","description":"Nigeria's principal iron ore deposits are the Itakpe hematite-magnetite ore (Kogi) and the Agbaja oolitic iron formation (Kogi/Enugu). NIOMCO at Itakpe ships beneficiated ore via rail to Ajaokuta and Delta Steel (Aladja), supporting Nigeria's long-delayed domestic steel programme. Recent interest includes direct-reduction iron for the Dangote-led Obajana/Ajaokuta revival efforts.","lon":7.08,"lat":8.94,"statesCrossed":"[\"Kogi\",\"Enugu\",\"Anambra\",\"Federal Capital Territory\",\"Nasarawa\",\"Benue\"]","reserveNote":"Itakpe proven + Agbaja indicated >2 billion tonnes of iron-formation","productionNote":"NIOMCO: ~1-2 Mtpa beneficiated pellets/ore for Ajaokuta & Aladja","type":"Itakpe magnetite-hematite, Agbaja oolitic iron, NSIA-backed Itakpe pellet upgrade","economy":"Steel industry feedstock, Ajaokuta & Aladja steel mills supply chain.","climate":"Guinea savanna on the Kogi plateau; proximity to Niger confluence.","landmarks":"[\"Itakpe Iron Ore Mine\",\"NIOMCO Beneficiation Plant\",\"Ajaokuta Steel Complex\",\"Itakpe–Warri railway\"]","highlights":"[\"Itakpe NIOMCO\",\"Agbaja oolitic iron belt\",\"Ajaokuta steel revival anchor\"]","wikiUrl":"https://en.wikipedia.org/wiki/Ajaokuta_Steel_Company","products":"[\"Pig iron – blast-furnace intermediate for steelmaking\",\"Steel rebars – concrete reinforcement (construction sector)\",\"Structural steel – beams, angles, plates, sections (I, H, C)\",\"Steel sheets & coils – roofing, automobiles, appliances, tinplate base\",\"Beneficiated iron-ore pellets – feedstock for direct-reduction and blast furnaces\",\"Direct Reduced Iron (DRI / sponge iron) – EAF steelmaking feed\",\"Wire rods & drawn wire – nails, welding electrodes, mesh, fencing\",\"Cast iron & ductile iron – pipes, manhole covers, engine blocks, cookware\"]","locations":"[{\"state\":\"Kogi\",\"siteName\":\"Itakpe iron ore mine\",\"lon\":6.31,\"lat\":7.53},{\"state\":\"Enugu\",\"siteName\":\"Enugu iron occurrences\",\"lon\":7.5,\"lat\":6.5},{\"state\":\"Anambra\",\"siteName\":\"Anambra iron occurrences\",\"lon\":6.94,\"lat\":6.21},{\"state\":\"Federal Capital Territory\",\"siteName\":\"Gwagwalada iron occurrence\",\"lon\":7.08,\"lat\":8.94},{\"state\":\"Nasarawa\",\"siteName\":\"Nasarawa iron occurrence\",\"lon\":8.53,\"lat\":8.53},{\"state\":\"Benue\",\"siteName\":\"Benue iron occurrence\",\"lon\":8.7,\"lat\":7.3}]","resourceId":"resource-iron-ore","featureKind":"point","stateName":"Federal Capital Territory","siteName":"Gwagwalada iron occurrence"},"geometry":{"type":"Point","coordinates":[7.08,8.94]}},{"type":"Feature","properties":{"layerId":"resources","kind":"resources","id":"resource-iron-ore-4","name":"Iron Ore (Itakpe, Agbaja & Koton-Karfe)","resourceType":"iron-ore","summary":"Itakpe iron-ore deposit supplies the Ajaokuta Steel Complex and the National Iron Ore Mining Company (NIOMCO).","description":"Nigeria's principal iron ore deposits are the Itakpe hematite-magnetite ore (Kogi) and the Agbaja oolitic iron formation (Kogi/Enugu). NIOMCO at Itakpe ships beneficiated ore via rail to Ajaokuta and Delta Steel (Aladja), supporting Nigeria's long-delayed domestic steel programme. Recent interest includes direct-reduction iron for the Dangote-led Obajana/Ajaokuta revival efforts.","lon":8.53,"lat":8.53,"statesCrossed":"[\"Kogi\",\"Enugu\",\"Anambra\",\"Federal Capital Territory\",\"Nasarawa\",\"Benue\"]","reserveNote":"Itakpe proven + Agbaja indicated >2 billion tonnes of iron-formation","productionNote":"NIOMCO: ~1-2 Mtpa beneficiated pellets/ore for Ajaokuta & Aladja","type":"Itakpe magnetite-hematite, Agbaja oolitic iron, NSIA-backed Itakpe pellet upgrade","economy":"Steel industry feedstock, Ajaokuta & Aladja steel mills supply chain.","climate":"Guinea savanna on the Kogi plateau; proximity to Niger confluence.","landmarks":"[\"Itakpe Iron Ore Mine\",\"NIOMCO Beneficiation Plant\",\"Ajaokuta Steel Complex\",\"Itakpe–Warri railway\"]","highlights":"[\"Itakpe NIOMCO\",\"Agbaja oolitic iron belt\",\"Ajaokuta steel revival anchor\"]","wikiUrl":"https://en.wikipedia.org/wiki/Ajaokuta_Steel_Company","products":"[\"Pig iron – blast-furnace intermediate for steelmaking\",\"Steel rebars – concrete reinforcement (construction sector)\",\"Structural steel – beams, angles, plates, sections (I, H, C)\",\"Steel sheets & coils – roofing, automobiles, appliances, tinplate base\",\"Beneficiated iron-ore pellets – feedstock for direct-reduction and blast furnaces\",\"Direct Reduced Iron (DRI / sponge iron) – EAF steelmaking feed\",\"Wire rods & drawn wire – nails, welding electrodes, mesh, fencing\",\"Cast iron & ductile iron – pipes, manhole covers, engine blocks, cookware\"]","locations":"[{\"state\":\"Kogi\",\"siteName\":\"Itakpe iron ore mine\",\"lon\":6.31,\"lat\":7.53},{\"state\":\"Enugu\",\"siteName\":\"Enugu iron occurrences\",\"lon\":7.5,\"lat\":6.5},{\"state\":\"Anambra\",\"siteName\":\"Anambra iron occurrences\",\"lon\":6.94,\"lat\":6.21},{\"state\":\"Federal Capital Territory\",\"siteName\":\"Gwagwalada iron occurrence\",\"lon\":7.08,\"lat\":8.94},{\"state\":\"Nasarawa\",\"siteName\":\"Nasarawa iron occurrence\",\"lon\":8.53,\"lat\":8.53},{\"state\":\"Benue\",\"siteName\":\"Benue iron occurrence\",\"lon\":8.7,\"lat\":7.3}]","resourceId":"resource-iron-ore","featureKind":"point","stateName":"Nasarawa","siteName":"Nasarawa iron occurrence"},"geometry":{"type":"Point","coordinates":[8.53,8.53]}},{"type":"Feature","properties":{"layerId":"resources","kind":"resources","id":"resource-iron-ore-5","name":"Iron Ore (Itakpe, Agbaja & Koton-Karfe)","resourceType":"iron-ore","summary":"Itakpe iron-ore deposit supplies the Ajaokuta Steel Complex and the National Iron Ore Mining Company (NIOMCO).","description":"Nigeria's principal iron ore deposits are the Itakpe hematite-magnetite ore (Kogi) and the Agbaja oolitic iron formation (Kogi/Enugu). NIOMCO at Itakpe ships beneficiated ore via rail to Ajaokuta and Delta Steel (Aladja), supporting Nigeria's long-delayed domestic steel programme. Recent interest includes direct-reduction iron for the Dangote-led Obajana/Ajaokuta revival efforts.","lon":8.7,"lat":7.3,"statesCrossed":"[\"Kogi\",\"Enugu\",\"Anambra\",\"Federal Capital Territory\",\"Nasarawa\",\"Benue\"]","reserveNote":"Itakpe proven + Agbaja indicated >2 billion tonnes of iron-formation","productionNote":"NIOMCO: ~1-2 Mtpa beneficiated pellets/ore for Ajaokuta & Aladja","type":"Itakpe magnetite-hematite, Agbaja oolitic iron, NSIA-backed Itakpe pellet upgrade","economy":"Steel industry feedstock, Ajaokuta & Aladja steel mills supply chain.","climate":"Guinea savanna on the Kogi plateau; proximity to Niger confluence.","landmarks":"[\"Itakpe Iron Ore Mine\",\"NIOMCO Beneficiation Plant\",\"Ajaokuta Steel Complex\",\"Itakpe–Warri railway\"]","highlights":"[\"Itakpe NIOMCO\",\"Agbaja oolitic iron belt\",\"Ajaokuta steel revival anchor\"]","wikiUrl":"https://en.wikipedia.org/wiki/Ajaokuta_Steel_Company","products":"[\"Pig iron – blast-furnace intermediate for steelmaking\",\"Steel rebars – concrete reinforcement (construction sector)\",\"Structural steel – beams, angles, plates, sections (I, H, C)\",\"Steel sheets & coils – roofing, automobiles, appliances, tinplate base\",\"Beneficiated iron-ore pellets – feedstock for direct-reduction and blast furnaces\",\"Direct Reduced Iron (DRI / sponge iron) – EAF steelmaking feed\",\"Wire rods & drawn wire – nails, welding electrodes, mesh, fencing\",\"Cast iron & ductile iron – pipes, manhole covers, engine blocks, cookware\"]","locations":"[{\"state\":\"Kogi\",\"siteName\":\"Itakpe iron ore mine\",\"lon\":6.31,\"lat\":7.53},{\"state\":\"Enugu\",\"siteName\":\"Enugu iron occurrences\",\"lon\":7.5,\"lat\":6.5},{\"state\":\"Anambra\",\"siteName\":\"Anambra iron occurrences\",\"lon\":6.94,\"lat\":6.21},{\"state\":\"Federal Capital Territory\",\"siteName\":\"Gwagwalada iron occurrence\",\"lon\":7.08,\"lat\":8.94},{\"state\":\"Nasarawa\",\"siteName\":\"Nasarawa iron occurrence\",\"lon\":8.53,\"lat\":8.53},{\"state\":\"Benue\",\"siteName\":\"Benue iron occurrence\",\"lon\":8.7,\"lat\":7.3}]","resourceId":"resource-iron-ore","featureKind":"point","stateName":"Benue","siteName":"Benue iron occurrence"},"geometry":{"type":"Point","coordinates":[8.7,7.3]}},{"type":"Feature","properties":{"layerId":"resources","kind":"resources","id":"resource-gold-sbw-0","name":"Gold (Northwest & Southwest Belts)","resourceType":"gold","summary":"Emerging artisanal-to-industrial gold province across Zamfara, Kebbi, Kaduna, Osun and Niger.","description":"Nigeria is increasingly recognised as a gold-bearing nation. Primary activity is artisanal and small-scale gold mining (ASGM) across a northwest Zamfara–Kebbi–Kaduna belt, plus the Ife-Ilesha schist belt in Osun/Ekiti. Formal large-scale mines are now under development, with the Presidential Artisanal Gold Mining Initiative (PAGMI) seeking to formalise production and reduce security and child-labour risks.","lon":6.1,"lat":12.3,"statesCrossed":"[\"Zamfara\",\"Kebbi\",\"Kaduna\",\"Katsina\",\"Niger\",\"Osun\",\"Ekiti\",\"Kwara\",\"Kogi\"]","reserveNote":"Millions of ounces indicated; world-class deposits targeted by juniors","productionNote":"Several tonnes per year (mostly informal; PAGMI formalisation ongoing)","type":"Lode & alluvial gold, Birimian-like schist belts of Nigeria","economy":"ASGM livelihoods, formalisation via PAGMI, new junior miners & royalties.","climate":"Sudan savanna northwest & Yoruba southwest, both with gold-bearing schists.","landmarks":"[\"Zamfara goldfields (Maru, Anka, Bakura)\",\"Osun Ilesha-Ife schist belt\",\"Niger State Kwonu/Igeram areas\"]","highlights":"[\"ASGM → formalisation via PAGMI\",\"NW + SW schist belts\",\"Junior mining active\"]","wikiUrl":"https://en.wikipedia.org/wiki/Gold_mining","products":"[\"Jewellery & artisanal goldsmithing – the largest end-use in Nigeria\",\"Investment gold – bullion bars, coins, Central Bank reserves\",\"Industrial electroplating – corrosion-resistant coatings on electronics contacts\",\"Electronics connectors & bonding wires – integrated circuits, PCBs, SIM cards\",\"Dental alloys – crowns, bridges, inlays, prosthetic dentistry\",\"Aerospace & defence – gold-coated reflectors, infrared shielding, radar\",\"Catalysts – gold catalysts for vinyl acetate monomer (VAM) & pollution control\",\"Decorative gilding – architectural leaf, textiles, traditional regalia\"]","locations":"[{\"state\":\"Zamfara\",\"siteName\":\"Anka/Maru gold belt\",\"lon\":6.1,\"lat\":12.3},{\"state\":\"Kebbi\",\"siteName\":\"Kebbi gold occurrences\",\"lon\":4.2,\"lat\":11.5},{\"state\":\"Kaduna\",\"siteName\":\"Birnin Gwari gold\",\"lon\":6.78,\"lat\":11},{\"state\":\"Katsina\",\"siteName\":\"Katsina gold occurrences\",\"lon\":7.6,\"lat\":12.9},{\"state\":\"Niger\",\"siteName\":\"Kontagora gold occurrences\",\"lon\":5.47,\"lat\":10.4},{\"state\":\"Osun\",\"siteName\":\"Osun gold occurrences\",\"lon\":4.5,\"lat\":7.6},{\"state\":\"Ekiti\",\"siteName\":\"Ekiti gold occurrences\",\"lon\":5.22,\"lat\":7.66},{\"state\":\"Kwara\",\"siteName\":\"Kwara gold occurrences\",\"lon\":4.55,\"lat\":8.5},{\"state\":\"Kogi\",\"siteName\":\"Kogi gold occurrences\",\"lon\":6.74,\"lat\":7.73}]","resourceId":"resource-gold-sbw","featureKind":"point","stateName":"Zamfara","siteName":"Anka/Maru gold belt"},"geometry":{"type":"Point","coordinates":[6.1,12.3]}},{"type":"Feature","properties":{"layerId":"resources","kind":"resources","id":"resource-gold-sbw-1","name":"Gold (Northwest & Southwest Belts)","resourceType":"gold","summary":"Emerging artisanal-to-industrial gold province across Zamfara, Kebbi, Kaduna, Osun and Niger.","description":"Nigeria is increasingly recognised as a gold-bearing nation. Primary activity is artisanal and small-scale gold mining (ASGM) across a northwest Zamfara–Kebbi–Kaduna belt, plus the Ife-Ilesha schist belt in Osun/Ekiti. Formal large-scale mines are now under development, with the Presidential Artisanal Gold Mining Initiative (PAGMI) seeking to formalise production and reduce security and child-labour risks.","lon":4.2,"lat":11.5,"statesCrossed":"[\"Zamfara\",\"Kebbi\",\"Kaduna\",\"Katsina\",\"Niger\",\"Osun\",\"Ekiti\",\"Kwara\",\"Kogi\"]","reserveNote":"Millions of ounces indicated; world-class deposits targeted by juniors","productionNote":"Several tonnes per year (mostly informal; PAGMI formalisation ongoing)","type":"Lode & alluvial gold, Birimian-like schist belts of Nigeria","economy":"ASGM livelihoods, formalisation via PAGMI, new junior miners & royalties.","climate":"Sudan savanna northwest & Yoruba southwest, both with gold-bearing schists.","landmarks":"[\"Zamfara goldfields (Maru, Anka, Bakura)\",\"Osun Ilesha-Ife schist belt\",\"Niger State Kwonu/Igeram areas\"]","highlights":"[\"ASGM → formalisation via PAGMI\",\"NW + SW schist belts\",\"Junior mining active\"]","wikiUrl":"https://en.wikipedia.org/wiki/Gold_mining","products":"[\"Jewellery & artisanal goldsmithing – the largest end-use in Nigeria\",\"Investment gold – bullion bars, coins, Central Bank reserves\",\"Industrial electroplating – corrosion-resistant coatings on electronics contacts\",\"Electronics connectors & bonding wires – integrated circuits, PCBs, SIM cards\",\"Dental alloys – crowns, bridges, inlays, prosthetic dentistry\",\"Aerospace & defence – gold-coated reflectors, infrared shielding, radar\",\"Catalysts – gold catalysts for vinyl acetate monomer (VAM) & pollution control\",\"Decorative gilding – architectural leaf, textiles, traditional regalia\"]","locations":"[{\"state\":\"Zamfara\",\"siteName\":\"Anka/Maru gold belt\",\"lon\":6.1,\"lat\":12.3},{\"state\":\"Kebbi\",\"siteName\":\"Kebbi gold occurrences\",\"lon\":4.2,\"lat\":11.5},{\"state\":\"Kaduna\",\"siteName\":\"Birnin Gwari gold\",\"lon\":6.78,\"lat\":11},{\"state\":\"Katsina\",\"siteName\":\"Katsina gold occurrences\",\"lon\":7.6,\"lat\":12.9},{\"state\":\"Niger\",\"siteName\":\"Kontagora gold occurrences\",\"lon\":5.47,\"lat\":10.4},{\"state\":\"Osun\",\"siteName\":\"Osun gold occurrences\",\"lon\":4.5,\"lat\":7.6},{\"state\":\"Ekiti\",\"siteName\":\"Ekiti gold occurrences\",\"lon\":5.22,\"lat\":7.66},{\"state\":\"Kwara\",\"siteName\":\"Kwara gold occurrences\",\"lon\":4.55,\"lat\":8.5},{\"state\":\"Kogi\",\"siteName\":\"Kogi gold occurrences\",\"lon\":6.74,\"lat\":7.73}]","resourceId":"resource-gold-sbw","featureKind":"point","stateName":"Kebbi","siteName":"Kebbi gold occurrences"},"geometry":{"type":"Point","coordinates":[4.2,11.5]}},{"type":"Feature","properties":{"layerId":"resources","kind":"resources","id":"resource-gold-sbw-2","name":"Gold (Northwest & Southwest Belts)","resourceType":"gold","summary":"Emerging artisanal-to-industrial gold province across Zamfara, Kebbi, Kaduna, Osun and Niger.","description":"Nigeria is increasingly recognised as a gold-bearing nation. Primary activity is artisanal and small-scale gold mining (ASGM) across a northwest Zamfara–Kebbi–Kaduna belt, plus the Ife-Ilesha schist belt in Osun/Ekiti. Formal large-scale mines are now under development, with the Presidential Artisanal Gold Mining Initiative (PAGMI) seeking to formalise production and reduce security and child-labour risks.","lon":6.78,"lat":11,"statesCrossed":"[\"Zamfara\",\"Kebbi\",\"Kaduna\",\"Katsina\",\"Niger\",\"Osun\",\"Ekiti\",\"Kwara\",\"Kogi\"]","reserveNote":"Millions of ounces indicated; world-class deposits targeted by juniors","productionNote":"Several tonnes per year (mostly informal; PAGMI formalisation ongoing)","type":"Lode & alluvial gold, Birimian-like schist belts of Nigeria","economy":"ASGM livelihoods, formalisation via PAGMI, new junior miners & royalties.","climate":"Sudan savanna northwest & Yoruba southwest, both with gold-bearing schists.","landmarks":"[\"Zamfara goldfields (Maru, Anka, Bakura)\",\"Osun Ilesha-Ife schist belt\",\"Niger State Kwonu/Igeram areas\"]","highlights":"[\"ASGM → formalisation via PAGMI\",\"NW + SW schist belts\",\"Junior mining active\"]","wikiUrl":"https://en.wikipedia.org/wiki/Gold_mining","products":"[\"Jewellery & artisanal goldsmithing – the largest end-use in Nigeria\",\"Investment gold – bullion bars, coins, Central Bank reserves\",\"Industrial electroplating – corrosion-resistant coatings on electronics contacts\",\"Electronics connectors & bonding wires – integrated circuits, PCBs, SIM cards\",\"Dental alloys – crowns, bridges, inlays, prosthetic dentistry\",\"Aerospace & defence – gold-coated reflectors, infrared shielding, radar\",\"Catalysts – gold catalysts for vinyl acetate monomer (VAM) & pollution control\",\"Decorative gilding – architectural leaf, textiles, traditional regalia\"]","locations":"[{\"state\":\"Zamfara\",\"siteName\":\"Anka/Maru gold belt\",\"lon\":6.1,\"lat\":12.3},{\"state\":\"Kebbi\",\"siteName\":\"Kebbi gold occurrences\",\"lon\":4.2,\"lat\":11.5},{\"state\":\"Kaduna\",\"siteName\":\"Birnin Gwari gold\",\"lon\":6.78,\"lat\":11},{\"state\":\"Katsina\",\"siteName\":\"Katsina gold occurrences\",\"lon\":7.6,\"lat\":12.9},{\"state\":\"Niger\",\"siteName\":\"Kontagora gold occurrences\",\"lon\":5.47,\"lat\":10.4},{\"state\":\"Osun\",\"siteName\":\"Osun gold occurrences\",\"lon\":4.5,\"lat\":7.6},{\"state\":\"Ekiti\",\"siteName\":\"Ekiti gold occurrences\",\"lon\":5.22,\"lat\":7.66},{\"state\":\"Kwara\",\"siteName\":\"Kwara gold occurrences\",\"lon\":4.55,\"lat\":8.5},{\"state\":\"Kogi\",\"siteName\":\"Kogi gold occurrences\",\"lon\":6.74,\"lat\":7.73}]","resourceId":"resource-gold-sbw","featureKind":"point","stateName":"Kaduna","siteName":"Birnin Gwari gold"},"geometry":{"type":"Point","coordinates":[6.78,11]}},{"type":"Feature","properties":{"layerId":"resources","kind":"resources","id":"resource-gold-sbw-3","name":"Gold (Northwest & Southwest Belts)","resourceType":"gold","summary":"Emerging artisanal-to-industrial gold province across Zamfara, Kebbi, Kaduna, Osun and Niger.","description":"Nigeria is increasingly recognised as a gold-bearing nation. Primary activity is artisanal and small-scale gold mining (ASGM) across a northwest Zamfara–Kebbi–Kaduna belt, plus the Ife-Ilesha schist belt in Osun/Ekiti. Formal large-scale mines are now under development, with the Presidential Artisanal Gold Mining Initiative (PAGMI) seeking to formalise production and reduce security and child-labour risks.","lon":7.6,"lat":12.9,"statesCrossed":"[\"Zamfara\",\"Kebbi\",\"Kaduna\",\"Katsina\",\"Niger\",\"Osun\",\"Ekiti\",\"Kwara\",\"Kogi\"]","reserveNote":"Millions of ounces indicated; world-class deposits targeted by juniors","productionNote":"Several tonnes per year (mostly informal; PAGMI formalisation ongoing)","type":"Lode & alluvial gold, Birimian-like schist belts of Nigeria","economy":"ASGM livelihoods, formalisation via PAGMI, new junior miners & royalties.","climate":"Sudan savanna northwest & Yoruba southwest, both with gold-bearing schists.","landmarks":"[\"Zamfara goldfields (Maru, Anka, Bakura)\",\"Osun Ilesha-Ife schist belt\",\"Niger State Kwonu/Igeram areas\"]","highlights":"[\"ASGM → formalisation via PAGMI\",\"NW + SW schist belts\",\"Junior mining active\"]","wikiUrl":"https://en.wikipedia.org/wiki/Gold_mining","products":"[\"Jewellery & artisanal goldsmithing – the largest end-use in Nigeria\",\"Investment gold – bullion bars, coins, Central Bank reserves\",\"Industrial electroplating – corrosion-resistant coatings on electronics contacts\",\"Electronics connectors & bonding wires – integrated circuits, PCBs, SIM cards\",\"Dental alloys – crowns, bridges, inlays, prosthetic dentistry\",\"Aerospace & defence – gold-coated reflectors, infrared shielding, radar\",\"Catalysts – gold catalysts for vinyl acetate monomer (VAM) & pollution control\",\"Decorative gilding – architectural leaf, textiles, traditional regalia\"]","locations":"[{\"state\":\"Zamfara\",\"siteName\":\"Anka/Maru gold belt\",\"lon\":6.1,\"lat\":12.3},{\"state\":\"Kebbi\",\"siteName\":\"Kebbi gold occurrences\",\"lon\":4.2,\"lat\":11.5},{\"state\":\"Kaduna\",\"siteName\":\"Birnin Gwari gold\",\"lon\":6.78,\"lat\":11},{\"state\":\"Katsina\",\"siteName\":\"Katsina gold occurrences\",\"lon\":7.6,\"lat\":12.9},{\"state\":\"Niger\",\"siteName\":\"Kontagora gold occurrences\",\"lon\":5.47,\"lat\":10.4},{\"state\":\"Osun\",\"siteName\":\"Osun gold occurrences\",\"lon\":4.5,\"lat\":7.6},{\"state\":\"Ekiti\",\"siteName\":\"Ekiti gold occurrences\",\"lon\":5.22,\"lat\":7.66},{\"state\":\"Kwara\",\"siteName\":\"Kwara gold occurrences\",\"lon\":4.55,\"lat\":8.5},{\"state\":\"Kogi\",\"siteName\":\"Kogi gold occurrences\",\"lon\":6.74,\"lat\":7.73}]","resourceId":"resource-gold-sbw","featureKind":"point","stateName":"Katsina","siteName":"Katsina gold occurrences"},"geometry":{"type":"Point","coordinates":[7.6,12.9]}},{"type":"Feature","properties":{"layerId":"resources","kind":"resources","id":"resource-gold-sbw-4","name":"Gold (Northwest & Southwest Belts)","resourceType":"gold","summary":"Emerging artisanal-to-industrial gold province across Zamfara, Kebbi, Kaduna, Osun and Niger.","description":"Nigeria is increasingly recognised as a gold-bearing nation. Primary activity is artisanal and small-scale gold mining (ASGM) across a northwest Zamfara–Kebbi–Kaduna belt, plus the Ife-Ilesha schist belt in Osun/Ekiti. Formal large-scale mines are now under development, with the Presidential Artisanal Gold Mining Initiative (PAGMI) seeking to formalise production and reduce security and child-labour risks.","lon":5.47,"lat":10.4,"statesCrossed":"[\"Zamfara\",\"Kebbi\",\"Kaduna\",\"Katsina\",\"Niger\",\"Osun\",\"Ekiti\",\"Kwara\",\"Kogi\"]","reserveNote":"Millions of ounces indicated; world-class deposits targeted by juniors","productionNote":"Several tonnes per year (mostly informal; PAGMI formalisation ongoing)","type":"Lode & alluvial gold, Birimian-like schist belts of Nigeria","economy":"ASGM livelihoods, formalisation via PAGMI, new junior miners & royalties.","climate":"Sudan savanna northwest & Yoruba southwest, both with gold-bearing schists.","landmarks":"[\"Zamfara goldfields (Maru, Anka, Bakura)\",\"Osun Ilesha-Ife schist belt\",\"Niger State Kwonu/Igeram areas\"]","highlights":"[\"ASGM → formalisation via PAGMI\",\"NW + SW schist belts\",\"Junior mining active\"]","wikiUrl":"https://en.wikipedia.org/wiki/Gold_mining","products":"[\"Jewellery & artisanal goldsmithing – the largest end-use in Nigeria\",\"Investment gold – bullion bars, coins, Central Bank reserves\",\"Industrial electroplating – corrosion-resistant coatings on electronics contacts\",\"Electronics connectors & bonding wires – integrated circuits, PCBs, SIM cards\",\"Dental alloys – crowns, bridges, inlays, prosthetic dentistry\",\"Aerospace & defence – gold-coated reflectors, infrared shielding, radar\",\"Catalysts – gold catalysts for vinyl acetate monomer (VAM) & pollution control\",\"Decorative gilding – architectural leaf, textiles, traditional regalia\"]","locations":"[{\"state\":\"Zamfara\",\"siteName\":\"Anka/Maru gold belt\",\"lon\":6.1,\"lat\":12.3},{\"state\":\"Kebbi\",\"siteName\":\"Kebbi gold occurrences\",\"lon\":4.2,\"lat\":11.5},{\"state\":\"Kaduna\",\"siteName\":\"Birnin Gwari gold\",\"lon\":6.78,\"lat\":11},{\"state\":\"Katsina\",\"siteName\":\"Katsina gold occurrences\",\"lon\":7.6,\"lat\":12.9},{\"state\":\"Niger\",\"siteName\":\"Kontagora gold occurrences\",\"lon\":5.47,\"lat\":10.4},{\"state\":\"Osun\",\"siteName\":\"Osun gold occurrences\",\"lon\":4.5,\"lat\":7.6},{\"state\":\"Ekiti\",\"siteName\":\"Ekiti gold occurrences\",\"lon\":5.22,\"lat\":7.66},{\"state\":\"Kwara\",\"siteName\":\"Kwara gold occurrences\",\"lon\":4.55,\"lat\":8.5},{\"state\":\"Kogi\",\"siteName\":\"Kogi gold occurrences\",\"lon\":6.74,\"lat\":7.73}]","resourceId":"resource-gold-sbw","featureKind":"point","stateName":"Niger","siteName":"Kontagora gold occurrences"},"geometry":{"type":"Point","coordinates":[5.47,10.4]}},{"type":"Feature","properties":{"layerId":"resources","kind":"resources","id":"resource-gold-sbw-5","name":"Gold (Northwest & Southwest Belts)","resourceType":"gold","summary":"Emerging artisanal-to-industrial gold province across Zamfara, Kebbi, Kaduna, Osun and Niger.","description":"Nigeria is increasingly recognised as a gold-bearing nation. Primary activity is artisanal and small-scale gold mining (ASGM) across a northwest Zamfara–Kebbi–Kaduna belt, plus the Ife-Ilesha schist belt in Osun/Ekiti. Formal large-scale mines are now under development, with the Presidential Artisanal Gold Mining Initiative (PAGMI) seeking to formalise production and reduce security and child-labour risks.","lon":4.5,"lat":7.6,"statesCrossed":"[\"Zamfara\",\"Kebbi\",\"Kaduna\",\"Katsina\",\"Niger\",\"Osun\",\"Ekiti\",\"Kwara\",\"Kogi\"]","reserveNote":"Millions of ounces indicated; world-class deposits targeted by juniors","productionNote":"Several tonnes per year (mostly informal; PAGMI formalisation ongoing)","type":"Lode & alluvial gold, Birimian-like schist belts of Nigeria","economy":"ASGM livelihoods, formalisation via PAGMI, new junior miners & royalties.","climate":"Sudan savanna northwest & Yoruba southwest, both with gold-bearing schists.","landmarks":"[\"Zamfara goldfields (Maru, Anka, Bakura)\",\"Osun Ilesha-Ife schist belt\",\"Niger State Kwonu/Igeram areas\"]","highlights":"[\"ASGM → formalisation via PAGMI\",\"NW + SW schist belts\",\"Junior mining active\"]","wikiUrl":"https://en.wikipedia.org/wiki/Gold_mining","products":"[\"Jewellery & artisanal goldsmithing – the largest end-use in Nigeria\",\"Investment gold – bullion bars, coins, Central Bank reserves\",\"Industrial electroplating – corrosion-resistant coatings on electronics contacts\",\"Electronics connectors & bonding wires – integrated circuits, PCBs, SIM cards\",\"Dental alloys – crowns, bridges, inlays, prosthetic dentistry\",\"Aerospace & defence – gold-coated reflectors, infrared shielding, radar\",\"Catalysts – gold catalysts for vinyl acetate monomer (VAM) & pollution control\",\"Decorative gilding – architectural leaf, textiles, traditional regalia\"]","locations":"[{\"state\":\"Zamfara\",\"siteName\":\"Anka/Maru gold belt\",\"lon\":6.1,\"lat\":12.3},{\"state\":\"Kebbi\",\"siteName\":\"Kebbi gold occurrences\",\"lon\":4.2,\"lat\":11.5},{\"state\":\"Kaduna\",\"siteName\":\"Birnin Gwari gold\",\"lon\":6.78,\"lat\":11},{\"state\":\"Katsina\",\"siteName\":\"Katsina gold occurrences\",\"lon\":7.6,\"lat\":12.9},{\"state\":\"Niger\",\"siteName\":\"Kontagora gold occurrences\",\"lon\":5.47,\"lat\":10.4},{\"state\":\"Osun\",\"siteName\":\"Osun gold occurrences\",\"lon\":4.5,\"lat\":7.6},{\"state\":\"Ekiti\",\"siteName\":\"Ekiti gold occurrences\",\"lon\":5.22,\"lat\":7.66},{\"state\":\"Kwara\",\"siteName\":\"Kwara gold occurrences\",\"lon\":4.55,\"lat\":8.5},{\"state\":\"Kogi\",\"siteName\":\"Kogi gold occurrences\",\"lon\":6.74,\"lat\":7.73}]","resourceId":"resource-gold-sbw","featureKind":"point","stateName":"Osun","siteName":"Osun gold occurrences"},"geometry":{"type":"Point","coordinates":[4.5,7.6]}},{"type":"Feature","properties":{"layerId":"resources","kind":"resources","id":"resource-gold-sbw-6","name":"Gold (Northwest & Southwest Belts)","resourceType":"gold","summary":"Emerging artisanal-to-industrial gold province across Zamfara, Kebbi, Kaduna, Osun and Niger.","description":"Nigeria is increasingly recognised as a gold-bearing nation. Primary activity is artisanal and small-scale gold mining (ASGM) across a northwest Zamfara–Kebbi–Kaduna belt, plus the Ife-Ilesha schist belt in Osun/Ekiti. Formal large-scale mines are now under development, with the Presidential Artisanal Gold Mining Initiative (PAGMI) seeking to formalise production and reduce security and child-labour risks.","lon":5.22,"lat":7.66,"statesCrossed":"[\"Zamfara\",\"Kebbi\",\"Kaduna\",\"Katsina\",\"Niger\",\"Osun\",\"Ekiti\",\"Kwara\",\"Kogi\"]","reserveNote":"Millions of ounces indicated; world-class deposits targeted by juniors","productionNote":"Several tonnes per year (mostly informal; PAGMI formalisation ongoing)","type":"Lode & alluvial gold, Birimian-like schist belts of Nigeria","economy":"ASGM livelihoods, formalisation via PAGMI, new junior miners & royalties.","climate":"Sudan savanna northwest & Yoruba southwest, both with gold-bearing schists.","landmarks":"[\"Zamfara goldfields (Maru, Anka, Bakura)\",\"Osun Ilesha-Ife schist belt\",\"Niger State Kwonu/Igeram areas\"]","highlights":"[\"ASGM → formalisation via PAGMI\",\"NW + SW schist belts\",\"Junior mining active\"]","wikiUrl":"https://en.wikipedia.org/wiki/Gold_mining","products":"[\"Jewellery & artisanal goldsmithing – the largest end-use in Nigeria\",\"Investment gold – bullion bars, coins, Central Bank reserves\",\"Industrial electroplating – corrosion-resistant coatings on electronics contacts\",\"Electronics connectors & bonding wires – integrated circuits, PCBs, SIM cards\",\"Dental alloys – crowns, bridges, inlays, prosthetic dentistry\",\"Aerospace & defence – gold-coated reflectors, infrared shielding, radar\",\"Catalysts – gold catalysts for vinyl acetate monomer (VAM) & pollution control\",\"Decorative gilding – architectural leaf, textiles, traditional regalia\"]","locations":"[{\"state\":\"Zamfara\",\"siteName\":\"Anka/Maru gold belt\",\"lon\":6.1,\"lat\":12.3},{\"state\":\"Kebbi\",\"siteName\":\"Kebbi gold occurrences\",\"lon\":4.2,\"lat\":11.5},{\"state\":\"Kaduna\",\"siteName\":\"Birnin Gwari gold\",\"lon\":6.78,\"lat\":11},{\"state\":\"Katsina\",\"siteName\":\"Katsina gold occurrences\",\"lon\":7.6,\"lat\":12.9},{\"state\":\"Niger\",\"siteName\":\"Kontagora gold occurrences\",\"lon\":5.47,\"lat\":10.4},{\"state\":\"Osun\",\"siteName\":\"Osun gold occurrences\",\"lon\":4.5,\"lat\":7.6},{\"state\":\"Ekiti\",\"siteName\":\"Ekiti gold occurrences\",\"lon\":5.22,\"lat\":7.66},{\"state\":\"Kwara\",\"siteName\":\"Kwara gold occurrences\",\"lon\":4.55,\"lat\":8.5},{\"state\":\"Kogi\",\"siteName\":\"Kogi gold occurrences\",\"lon\":6.74,\"lat\":7.73}]","resourceId":"resource-gold-sbw","featureKind":"point","stateName":"Ekiti","siteName":"Ekiti gold occurrences"},"geometry":{"type":"Point","coordinates":[5.22,7.66]}},{"type":"Feature","properties":{"layerId":"resources","kind":"resources","id":"resource-gold-sbw-7","name":"Gold (Northwest & Southwest Belts)","resourceType":"gold","summary":"Emerging artisanal-to-industrial gold province across Zamfara, Kebbi, Kaduna, Osun and Niger.","description":"Nigeria is increasingly recognised as a gold-bearing nation. Primary activity is artisanal and small-scale gold mining (ASGM) across a northwest Zamfara–Kebbi–Kaduna belt, plus the Ife-Ilesha schist belt in Osun/Ekiti. Formal large-scale mines are now under development, with the Presidential Artisanal Gold Mining Initiative (PAGMI) seeking to formalise production and reduce security and child-labour risks.","lon":4.55,"lat":8.5,"statesCrossed":"[\"Zamfara\",\"Kebbi\",\"Kaduna\",\"Katsina\",\"Niger\",\"Osun\",\"Ekiti\",\"Kwara\",\"Kogi\"]","reserveNote":"Millions of ounces indicated; world-class deposits targeted by juniors","productionNote":"Several tonnes per year (mostly informal; PAGMI formalisation ongoing)","type":"Lode & alluvial gold, Birimian-like schist belts of Nigeria","economy":"ASGM livelihoods, formalisation via PAGMI, new junior miners & royalties.","climate":"Sudan savanna northwest & Yoruba southwest, both with gold-bearing schists.","landmarks":"[\"Zamfara goldfields (Maru, Anka, Bakura)\",\"Osun Ilesha-Ife schist belt\",\"Niger State Kwonu/Igeram areas\"]","highlights":"[\"ASGM → formalisation via PAGMI\",\"NW + SW schist belts\",\"Junior mining active\"]","wikiUrl":"https://en.wikipedia.org/wiki/Gold_mining","products":"[\"Jewellery & artisanal goldsmithing – the largest end-use in Nigeria\",\"Investment gold – bullion bars, coins, Central Bank reserves\",\"Industrial electroplating – corrosion-resistant coatings on electronics contacts\",\"Electronics connectors & bonding wires – integrated circuits, PCBs, SIM cards\",\"Dental alloys – crowns, bridges, inlays, prosthetic dentistry\",\"Aerospace & defence – gold-coated reflectors, infrared shielding, radar\",\"Catalysts – gold catalysts for vinyl acetate monomer (VAM) & pollution control\",\"Decorative gilding – architectural leaf, textiles, traditional regalia\"]","locations":"[{\"state\":\"Zamfara\",\"siteName\":\"Anka/Maru gold belt\",\"lon\":6.1,\"lat\":12.3},{\"state\":\"Kebbi\",\"siteName\":\"Kebbi gold occurrences\",\"lon\":4.2,\"lat\":11.5},{\"state\":\"Kaduna\",\"siteName\":\"Birnin Gwari gold\",\"lon\":6.78,\"lat\":11},{\"state\":\"Katsina\",\"siteName\":\"Katsina gold occurrences\",\"lon\":7.6,\"lat\":12.9},{\"state\":\"Niger\",\"siteName\":\"Kontagora gold occurrences\",\"lon\":5.47,\"lat\":10.4},{\"state\":\"Osun\",\"siteName\":\"Osun gold occurrences\",\"lon\":4.5,\"lat\":7.6},{\"state\":\"Ekiti\",\"siteName\":\"Ekiti gold occurrences\",\"lon\":5.22,\"lat\":7.66},{\"state\":\"Kwara\",\"siteName\":\"Kwara gold occurrences\",\"lon\":4.55,\"lat\":8.5},{\"state\":\"Kogi\",\"siteName\":\"Kogi gold occurrences\",\"lon\":6.74,\"lat\":7.73}]","resourceId":"resource-gold-sbw","featureKind":"point","stateName":"Kwara","siteName":"Kwara gold occurrences"},"geometry":{"type":"Point","coordinates":[4.55,8.5]}},{"type":"Feature","properties":{"layerId":"resources","kind":"resources","id":"resource-gold-sbw-8","name":"Gold (Northwest & Southwest Belts)","resourceType":"gold","summary":"Emerging artisanal-to-industrial gold province across Zamfara, Kebbi, Kaduna, Osun and Niger.","description":"Nigeria is increasingly recognised as a gold-bearing nation. Primary activity is artisanal and small-scale gold mining (ASGM) across a northwest Zamfara–Kebbi–Kaduna belt, plus the Ife-Ilesha schist belt in Osun/Ekiti. Formal large-scale mines are now under development, with the Presidential Artisanal Gold Mining Initiative (PAGMI) seeking to formalise production and reduce security and child-labour risks.","lon":6.74,"lat":7.73,"statesCrossed":"[\"Zamfara\",\"Kebbi\",\"Kaduna\",\"Katsina\",\"Niger\",\"Osun\",\"Ekiti\",\"Kwara\",\"Kogi\"]","reserveNote":"Millions of ounces indicated; world-class deposits targeted by juniors","productionNote":"Several tonnes per year (mostly informal; PAGMI formalisation ongoing)","type":"Lode & alluvial gold, Birimian-like schist belts of Nigeria","economy":"ASGM livelihoods, formalisation via PAGMI, new junior miners & royalties.","climate":"Sudan savanna northwest & Yoruba southwest, both with gold-bearing schists.","landmarks":"[\"Zamfara goldfields (Maru, Anka, Bakura)\",\"Osun Ilesha-Ife schist belt\",\"Niger State Kwonu/Igeram areas\"]","highlights":"[\"ASGM → formalisation via PAGMI\",\"NW + SW schist belts\",\"Junior mining active\"]","wikiUrl":"https://en.wikipedia.org/wiki/Gold_mining","products":"[\"Jewellery & artisanal goldsmithing – the largest end-use in Nigeria\",\"Investment gold – bullion bars, coins, Central Bank reserves\",\"Industrial electroplating – corrosion-resistant coatings on electronics contacts\",\"Electronics connectors & bonding wires – integrated circuits, PCBs, SIM cards\",\"Dental alloys – crowns, bridges, inlays, prosthetic dentistry\",\"Aerospace & defence – gold-coated reflectors, infrared shielding, radar\",\"Catalysts – gold catalysts for vinyl acetate monomer (VAM) & pollution control\",\"Decorative gilding – architectural leaf, textiles, traditional regalia\"]","locations":"[{\"state\":\"Zamfara\",\"siteName\":\"Anka/Maru gold belt\",\"lon\":6.1,\"lat\":12.3},{\"state\":\"Kebbi\",\"siteName\":\"Kebbi gold occurrences\",\"lon\":4.2,\"lat\":11.5},{\"state\":\"Kaduna\",\"siteName\":\"Birnin Gwari gold\",\"lon\":6.78,\"lat\":11},{\"state\":\"Katsina\",\"siteName\":\"Katsina gold occurrences\",\"lon\":7.6,\"lat\":12.9},{\"state\":\"Niger\",\"siteName\":\"Kontagora gold occurrences\",\"lon\":5.47,\"lat\":10.4},{\"state\":\"Osun\",\"siteName\":\"Osun gold occurrences\",\"lon\":4.5,\"lat\":7.6},{\"state\":\"Ekiti\",\"siteName\":\"Ekiti gold occurrences\",\"lon\":5.22,\"lat\":7.66},{\"state\":\"Kwara\",\"siteName\":\"Kwara gold occurrences\",\"lon\":4.55,\"lat\":8.5},{\"state\":\"Kogi\",\"siteName\":\"Kogi gold occurrences\",\"lon\":6.74,\"lat\":7.73}]","resourceId":"resource-gold-sbw","featureKind":"point","stateName":"Kogi","siteName":"Kogi gold occurrences"},"geometry":{"type":"Point","coordinates":[6.74,7.73]}},{"type":"Feature","properties":{"layerId":"resources","kind":"resources","id":"resource-limestone-0","name":"Limestone (Cement Belts)","resourceType":"limestone","summary":"Extensive Maastrichtian limestone formations backing the Obajana, Sokoto, Calabar, and Mfamosing cement plants.","description":"Nigeria's cement industry relies on thick Maastrichtian limestone sequences: (1) the Sokoto embayment (Sokoto cement plant), (2) the Nkalagu/Mfamosing belt east of the Niger (Dangote Obajana, Calabar cement, Lafarge Ashaka/Ugwuaji), and (3) smaller Ewekoro/Sagamu deposits north of Lagos. These deposits underpin Africa's largest cement producer (Dangote Cement) and the wider construction sector.","lon":6.35,"lat":7.83,"statesCrossed":"[\"Kogi\",\"Sokoto\",\"Kebbi\",\"Cross River\",\"Enugu\",\"Ebonyi\",\"Abia\",\"Ogun\",\"Gombe\",\"Borno\",\"Zamfara\"]","reserveNote":"Tens of billions of tonnes — enough for 500+ years at current production","productionNote":"Nigeria ~70+ Mtpa cement; Dangote Obajana alone >16 Mtpa","type":"Maastrichtian limestone (Nkalagu, Mfamosing, Kalambaina, Ewekoro, Ashaka, Gombe)","economy":"Cement manufacturing (Dangote, Lafarge-Holcim, BUA, Cement Co. of Northern Nigeria).","climate":"Sudan-savanna in the north, tropical forest–savanna transitions in the southeast.","landmarks":"[\"Obajana Cement (Kogi, Dangote)\",\"Ashaka Cement (Gombe, Lafarge)\",\"Sokoto Cement\",\"Mfamosing / Calabar Cement\",\"Ewekoro Cement (Ogun)\"]","highlights":"[\"Backbone of Dangote African cement empire\",\"Maastrichtian limestone belts\",\"Obajana #1 Africa cement plant\"]","wikiUrl":"https://en.wikipedia.org/wiki/Dangote_Cement","products":"[\"Portland cement (OPC) – the dominant use (Obajana, Dangote, BUA, Ashaka, etc.)\",\"Ready-mix concrete & precast concrete products\",\"Construction & road aggregate – crushed limestone for base courses & chippings\",\"Agricultural lime / ground calcium carbonate (GCC) – soil pH correction\",\"Sodium carbonate (soda ash) & calcium chloride – detergents, glass, de-icers\",\"Precipitated calcium carbonate (PCC) – paint, paper coating, plastics filler\",\"Flux material – iron & steelmaking blast furnaces and smelting\",\"Glass manufacturing – soda-lime glass for bottles, windows, tableware\",\"Filler in rubber, pharmaceuticals (calcium supplements), toothpaste, cosmetics\"]","locations":"[{\"state\":\"Kogi\",\"siteName\":\"Obajana limestone\",\"lon\":6.35,\"lat\":7.83},{\"state\":\"Sokoto\",\"siteName\":\"Kalambaina limestone\",\"lon\":5.2,\"lat\":13},{\"state\":\"Kebbi\",\"siteName\":\"Kebbi limestone\",\"lon\":4.2,\"lat\":11.5},{\"state\":\"Cross River\",\"siteName\":\"Mfamosing/Calabar limestone\",\"lon\":8.42,\"lat\":4.98},{\"state\":\"Enugu\",\"siteName\":\"Nkalagu limestone\",\"lon\":7.78,\"lat\":6.45},{\"state\":\"Ebonyi\",\"siteName\":\"Ebonyi limestone\",\"lon\":7.8,\"lat\":6.42},{\"state\":\"Abia\",\"siteName\":\"Abia limestone\",\"lon\":7.52,\"lat\":5.43},{\"state\":\"Ogun\",\"siteName\":\"Ewekoro/Sagamu limestone\",\"lon\":3.47,\"lat\":6.9},{\"state\":\"Gombe\",\"siteName\":\"Ashaka limestone\",\"lon\":11.5,\"lat\":10.2},{\"state\":\"Borno\",\"siteName\":\"Borno limestone\",\"lon\":13.15,\"lat\":11.83},{\"state\":\"Zamfara\",\"siteName\":\"Zamfara limestone\",\"lon\":6.23,\"lat\":12.1}]","resourceId":"resource-limestone","featureKind":"point","stateName":"Kogi","siteName":"Obajana limestone"},"geometry":{"type":"Point","coordinates":[6.35,7.83]}},{"type":"Feature","properties":{"layerId":"resources","kind":"resources","id":"resource-limestone-1","name":"Limestone (Cement Belts)","resourceType":"limestone","summary":"Extensive Maastrichtian limestone formations backing the Obajana, Sokoto, Calabar, and Mfamosing cement plants.","description":"Nigeria's cement industry relies on thick Maastrichtian limestone sequences: (1) the Sokoto embayment (Sokoto cement plant), (2) the Nkalagu/Mfamosing belt east of the Niger (Dangote Obajana, Calabar cement, Lafarge Ashaka/Ugwuaji), and (3) smaller Ewekoro/Sagamu deposits north of Lagos. These deposits underpin Africa's largest cement producer (Dangote Cement) and the wider construction sector.","lon":5.2,"lat":13,"statesCrossed":"[\"Kogi\",\"Sokoto\",\"Kebbi\",\"Cross River\",\"Enugu\",\"Ebonyi\",\"Abia\",\"Ogun\",\"Gombe\",\"Borno\",\"Zamfara\"]","reserveNote":"Tens of billions of tonnes — enough for 500+ years at current production","productionNote":"Nigeria ~70+ Mtpa cement; Dangote Obajana alone >16 Mtpa","type":"Maastrichtian limestone (Nkalagu, Mfamosing, Kalambaina, Ewekoro, Ashaka, Gombe)","economy":"Cement manufacturing (Dangote, Lafarge-Holcim, BUA, Cement Co. of Northern Nigeria).","climate":"Sudan-savanna in the north, tropical forest–savanna transitions in the southeast.","landmarks":"[\"Obajana Cement (Kogi, Dangote)\",\"Ashaka Cement (Gombe, Lafarge)\",\"Sokoto Cement\",\"Mfamosing / Calabar Cement\",\"Ewekoro Cement (Ogun)\"]","highlights":"[\"Backbone of Dangote African cement empire\",\"Maastrichtian limestone belts\",\"Obajana #1 Africa cement plant\"]","wikiUrl":"https://en.wikipedia.org/wiki/Dangote_Cement","products":"[\"Portland cement (OPC) – the dominant use (Obajana, Dangote, BUA, Ashaka, etc.)\",\"Ready-mix concrete & precast concrete products\",\"Construction & road aggregate – crushed limestone for base courses & chippings\",\"Agricultural lime / ground calcium carbonate (GCC) – soil pH correction\",\"Sodium carbonate (soda ash) & calcium chloride – detergents, glass, de-icers\",\"Precipitated calcium carbonate (PCC) – paint, paper coating, plastics filler\",\"Flux material – iron & steelmaking blast furnaces and smelting\",\"Glass manufacturing – soda-lime glass for bottles, windows, tableware\",\"Filler in rubber, pharmaceuticals (calcium supplements), toothpaste, cosmetics\"]","locations":"[{\"state\":\"Kogi\",\"siteName\":\"Obajana limestone\",\"lon\":6.35,\"lat\":7.83},{\"state\":\"Sokoto\",\"siteName\":\"Kalambaina limestone\",\"lon\":5.2,\"lat\":13},{\"state\":\"Kebbi\",\"siteName\":\"Kebbi limestone\",\"lon\":4.2,\"lat\":11.5},{\"state\":\"Cross River\",\"siteName\":\"Mfamosing/Calabar limestone\",\"lon\":8.42,\"lat\":4.98},{\"state\":\"Enugu\",\"siteName\":\"Nkalagu limestone\",\"lon\":7.78,\"lat\":6.45},{\"state\":\"Ebonyi\",\"siteName\":\"Ebonyi limestone\",\"lon\":7.8,\"lat\":6.42},{\"state\":\"Abia\",\"siteName\":\"Abia limestone\",\"lon\":7.52,\"lat\":5.43},{\"state\":\"Ogun\",\"siteName\":\"Ewekoro/Sagamu limestone\",\"lon\":3.47,\"lat\":6.9},{\"state\":\"Gombe\",\"siteName\":\"Ashaka limestone\",\"lon\":11.5,\"lat\":10.2},{\"state\":\"Borno\",\"siteName\":\"Borno limestone\",\"lon\":13.15,\"lat\":11.83},{\"state\":\"Zamfara\",\"siteName\":\"Zamfara limestone\",\"lon\":6.23,\"lat\":12.1}]","resourceId":"resource-limestone","featureKind":"point","stateName":"Sokoto","siteName":"Kalambaina limestone"},"geometry":{"type":"Point","coordinates":[5.2,13]}},{"type":"Feature","properties":{"layerId":"resources","kind":"resources","id":"resource-limestone-2","name":"Limestone (Cement Belts)","resourceType":"limestone","summary":"Extensive Maastrichtian limestone formations backing the Obajana, Sokoto, Calabar, and Mfamosing cement plants.","description":"Nigeria's cement industry relies on thick Maastrichtian limestone sequences: (1) the Sokoto embayment (Sokoto cement plant), (2) the Nkalagu/Mfamosing belt east of the Niger (Dangote Obajana, Calabar cement, Lafarge Ashaka/Ugwuaji), and (3) smaller Ewekoro/Sagamu deposits north of Lagos. These deposits underpin Africa's largest cement producer (Dangote Cement) and the wider construction sector.","lon":4.2,"lat":11.5,"statesCrossed":"[\"Kogi\",\"Sokoto\",\"Kebbi\",\"Cross River\",\"Enugu\",\"Ebonyi\",\"Abia\",\"Ogun\",\"Gombe\",\"Borno\",\"Zamfara\"]","reserveNote":"Tens of billions of tonnes — enough for 500+ years at current production","productionNote":"Nigeria ~70+ Mtpa cement; Dangote Obajana alone >16 Mtpa","type":"Maastrichtian limestone (Nkalagu, Mfamosing, Kalambaina, Ewekoro, Ashaka, Gombe)","economy":"Cement manufacturing (Dangote, Lafarge-Holcim, BUA, Cement Co. of Northern Nigeria).","climate":"Sudan-savanna in the north, tropical forest–savanna transitions in the southeast.","landmarks":"[\"Obajana Cement (Kogi, Dangote)\",\"Ashaka Cement (Gombe, Lafarge)\",\"Sokoto Cement\",\"Mfamosing / Calabar Cement\",\"Ewekoro Cement (Ogun)\"]","highlights":"[\"Backbone of Dangote African cement empire\",\"Maastrichtian limestone belts\",\"Obajana #1 Africa cement plant\"]","wikiUrl":"https://en.wikipedia.org/wiki/Dangote_Cement","products":"[\"Portland cement (OPC) – the dominant use (Obajana, Dangote, BUA, Ashaka, etc.)\",\"Ready-mix concrete & precast concrete products\",\"Construction & road aggregate – crushed limestone for base courses & chippings\",\"Agricultural lime / ground calcium carbonate (GCC) – soil pH correction\",\"Sodium carbonate (soda ash) & calcium chloride – detergents, glass, de-icers\",\"Precipitated calcium carbonate (PCC) – paint, paper coating, plastics filler\",\"Flux material – iron & steelmaking blast furnaces and smelting\",\"Glass manufacturing – soda-lime glass for bottles, windows, tableware\",\"Filler in rubber, pharmaceuticals (calcium supplements), toothpaste, cosmetics\"]","locations":"[{\"state\":\"Kogi\",\"siteName\":\"Obajana limestone\",\"lon\":6.35,\"lat\":7.83},{\"state\":\"Sokoto\",\"siteName\":\"Kalambaina limestone\",\"lon\":5.2,\"lat\":13},{\"state\":\"Kebbi\",\"siteName\":\"Kebbi limestone\",\"lon\":4.2,\"lat\":11.5},{\"state\":\"Cross River\",\"siteName\":\"Mfamosing/Calabar limestone\",\"lon\":8.42,\"lat\":4.98},{\"state\":\"Enugu\",\"siteName\":\"Nkalagu limestone\",\"lon\":7.78,\"lat\":6.45},{\"state\":\"Ebonyi\",\"siteName\":\"Ebonyi limestone\",\"lon\":7.8,\"lat\":6.42},{\"state\":\"Abia\",\"siteName\":\"Abia limestone\",\"lon\":7.52,\"lat\":5.43},{\"state\":\"Ogun\",\"siteName\":\"Ewekoro/Sagamu limestone\",\"lon\":3.47,\"lat\":6.9},{\"state\":\"Gombe\",\"siteName\":\"Ashaka limestone\",\"lon\":11.5,\"lat\":10.2},{\"state\":\"Borno\",\"siteName\":\"Borno limestone\",\"lon\":13.15,\"lat\":11.83},{\"state\":\"Zamfara\",\"siteName\":\"Zamfara limestone\",\"lon\":6.23,\"lat\":12.1}]","resourceId":"resource-limestone","featureKind":"point","stateName":"Kebbi","siteName":"Kebbi limestone"},"geometry":{"type":"Point","coordinates":[4.2,11.5]}},{"type":"Feature","properties":{"layerId":"resources","kind":"resources","id":"resource-limestone-3","name":"Limestone (Cement Belts)","resourceType":"limestone","summary":"Extensive Maastrichtian limestone formations backing the Obajana, Sokoto, Calabar, and Mfamosing cement plants.","description":"Nigeria's cement industry relies on thick Maastrichtian limestone sequences: (1) the Sokoto embayment (Sokoto cement plant), (2) the Nkalagu/Mfamosing belt east of the Niger (Dangote Obajana, Calabar cement, Lafarge Ashaka/Ugwuaji), and (3) smaller Ewekoro/Sagamu deposits north of Lagos. These deposits underpin Africa's largest cement producer (Dangote Cement) and the wider construction sector.","lon":8.42,"lat":4.98,"statesCrossed":"[\"Kogi\",\"Sokoto\",\"Kebbi\",\"Cross River\",\"Enugu\",\"Ebonyi\",\"Abia\",\"Ogun\",\"Gombe\",\"Borno\",\"Zamfara\"]","reserveNote":"Tens of billions of tonnes — enough for 500+ years at current production","productionNote":"Nigeria ~70+ Mtpa cement; Dangote Obajana alone >16 Mtpa","type":"Maastrichtian limestone (Nkalagu, Mfamosing, Kalambaina, Ewekoro, Ashaka, Gombe)","economy":"Cement manufacturing (Dangote, Lafarge-Holcim, BUA, Cement Co. of Northern Nigeria).","climate":"Sudan-savanna in the north, tropical forest–savanna transitions in the southeast.","landmarks":"[\"Obajana Cement (Kogi, Dangote)\",\"Ashaka Cement (Gombe, Lafarge)\",\"Sokoto Cement\",\"Mfamosing / Calabar Cement\",\"Ewekoro Cement (Ogun)\"]","highlights":"[\"Backbone of Dangote African cement empire\",\"Maastrichtian limestone belts\",\"Obajana #1 Africa cement plant\"]","wikiUrl":"https://en.wikipedia.org/wiki/Dangote_Cement","products":"[\"Portland cement (OPC) – the dominant use (Obajana, Dangote, BUA, Ashaka, etc.)\",\"Ready-mix concrete & precast concrete products\",\"Construction & road aggregate – crushed limestone for base courses & chippings\",\"Agricultural lime / ground calcium carbonate (GCC) – soil pH correction\",\"Sodium carbonate (soda ash) & calcium chloride – detergents, glass, de-icers\",\"Precipitated calcium carbonate (PCC) – paint, paper coating, plastics filler\",\"Flux material – iron & steelmaking blast furnaces and smelting\",\"Glass manufacturing – soda-lime glass for bottles, windows, tableware\",\"Filler in rubber, pharmaceuticals (calcium supplements), toothpaste, cosmetics\"]","locations":"[{\"state\":\"Kogi\",\"siteName\":\"Obajana limestone\",\"lon\":6.35,\"lat\":7.83},{\"state\":\"Sokoto\",\"siteName\":\"Kalambaina limestone\",\"lon\":5.2,\"lat\":13},{\"state\":\"Kebbi\",\"siteName\":\"Kebbi limestone\",\"lon\":4.2,\"lat\":11.5},{\"state\":\"Cross River\",\"siteName\":\"Mfamosing/Calabar limestone\",\"lon\":8.42,\"lat\":4.98},{\"state\":\"Enugu\",\"siteName\":\"Nkalagu limestone\",\"lon\":7.78,\"lat\":6.45},{\"state\":\"Ebonyi\",\"siteName\":\"Ebonyi limestone\",\"lon\":7.8,\"lat\":6.42},{\"state\":\"Abia\",\"siteName\":\"Abia limestone\",\"lon\":7.52,\"lat\":5.43},{\"state\":\"Ogun\",\"siteName\":\"Ewekoro/Sagamu limestone\",\"lon\":3.47,\"lat\":6.9},{\"state\":\"Gombe\",\"siteName\":\"Ashaka limestone\",\"lon\":11.5,\"lat\":10.2},{\"state\":\"Borno\",\"siteName\":\"Borno limestone\",\"lon\":13.15,\"lat\":11.83},{\"state\":\"Zamfara\",\"siteName\":\"Zamfara limestone\",\"lon\":6.23,\"lat\":12.1}]","resourceId":"resource-limestone","featureKind":"point","stateName":"Cross River","siteName":"Mfamosing/Calabar limestone"},"geometry":{"type":"Point","coordinates":[8.42,4.98]}},{"type":"Feature","properties":{"layerId":"resources","kind":"resources","id":"resource-limestone-4","name":"Limestone (Cement Belts)","resourceType":"limestone","summary":"Extensive Maastrichtian limestone formations backing the Obajana, Sokoto, Calabar, and Mfamosing cement plants.","description":"Nigeria's cement industry relies on thick Maastrichtian limestone sequences: (1) the Sokoto embayment (Sokoto cement plant), (2) the Nkalagu/Mfamosing belt east of the Niger (Dangote Obajana, Calabar cement, Lafarge Ashaka/Ugwuaji), and (3) smaller Ewekoro/Sagamu deposits north of Lagos. These deposits underpin Africa's largest cement producer (Dangote Cement) and the wider construction sector.","lon":7.78,"lat":6.45,"statesCrossed":"[\"Kogi\",\"Sokoto\",\"Kebbi\",\"Cross River\",\"Enugu\",\"Ebonyi\",\"Abia\",\"Ogun\",\"Gombe\",\"Borno\",\"Zamfara\"]","reserveNote":"Tens of billions of tonnes — enough for 500+ years at current production","productionNote":"Nigeria ~70+ Mtpa cement; Dangote Obajana alone >16 Mtpa","type":"Maastrichtian limestone (Nkalagu, Mfamosing, Kalambaina, Ewekoro, Ashaka, Gombe)","economy":"Cement manufacturing (Dangote, Lafarge-Holcim, BUA, Cement Co. of Northern Nigeria).","climate":"Sudan-savanna in the north, tropical forest–savanna transitions in the southeast.","landmarks":"[\"Obajana Cement (Kogi, Dangote)\",\"Ashaka Cement (Gombe, Lafarge)\",\"Sokoto Cement\",\"Mfamosing / Calabar Cement\",\"Ewekoro Cement (Ogun)\"]","highlights":"[\"Backbone of Dangote African cement empire\",\"Maastrichtian limestone belts\",\"Obajana #1 Africa cement plant\"]","wikiUrl":"https://en.wikipedia.org/wiki/Dangote_Cement","products":"[\"Portland cement (OPC) – the dominant use (Obajana, Dangote, BUA, Ashaka, etc.)\",\"Ready-mix concrete & precast concrete products\",\"Construction & road aggregate – crushed limestone for base courses & chippings\",\"Agricultural lime / ground calcium carbonate (GCC) – soil pH correction\",\"Sodium carbonate (soda ash) & calcium chloride – detergents, glass, de-icers\",\"Precipitated calcium carbonate (PCC) – paint, paper coating, plastics filler\",\"Flux material – iron & steelmaking blast furnaces and smelting\",\"Glass manufacturing – soda-lime glass for bottles, windows, tableware\",\"Filler in rubber, pharmaceuticals (calcium supplements), toothpaste, cosmetics\"]","locations":"[{\"state\":\"Kogi\",\"siteName\":\"Obajana limestone\",\"lon\":6.35,\"lat\":7.83},{\"state\":\"Sokoto\",\"siteName\":\"Kalambaina limestone\",\"lon\":5.2,\"lat\":13},{\"state\":\"Kebbi\",\"siteName\":\"Kebbi limestone\",\"lon\":4.2,\"lat\":11.5},{\"state\":\"Cross River\",\"siteName\":\"Mfamosing/Calabar limestone\",\"lon\":8.42,\"lat\":4.98},{\"state\":\"Enugu\",\"siteName\":\"Nkalagu limestone\",\"lon\":7.78,\"lat\":6.45},{\"state\":\"Ebonyi\",\"siteName\":\"Ebonyi limestone\",\"lon\":7.8,\"lat\":6.42},{\"state\":\"Abia\",\"siteName\":\"Abia limestone\",\"lon\":7.52,\"lat\":5.43},{\"state\":\"Ogun\",\"siteName\":\"Ewekoro/Sagamu limestone\",\"lon\":3.47,\"lat\":6.9},{\"state\":\"Gombe\",\"siteName\":\"Ashaka limestone\",\"lon\":11.5,\"lat\":10.2},{\"state\":\"Borno\",\"siteName\":\"Borno limestone\",\"lon\":13.15,\"lat\":11.83},{\"state\":\"Zamfara\",\"siteName\":\"Zamfara limestone\",\"lon\":6.23,\"lat\":12.1}]","resourceId":"resource-limestone","featureKind":"point","stateName":"Enugu","siteName":"Nkalagu limestone"},"geometry":{"type":"Point","coordinates":[7.78,6.45]}},{"type":"Feature","properties":{"layerId":"resources","kind":"resources","id":"resource-limestone-5","name":"Limestone (Cement Belts)","resourceType":"limestone","summary":"Extensive Maastrichtian limestone formations backing the Obajana, Sokoto, Calabar, and Mfamosing cement plants.","description":"Nigeria's cement industry relies on thick Maastrichtian limestone sequences: (1) the Sokoto embayment (Sokoto cement plant), (2) the Nkalagu/Mfamosing belt east of the Niger (Dangote Obajana, Calabar cement, Lafarge Ashaka/Ugwuaji), and (3) smaller Ewekoro/Sagamu deposits north of Lagos. These deposits underpin Africa's largest cement producer (Dangote Cement) and the wider construction sector.","lon":7.8,"lat":6.42,"statesCrossed":"[\"Kogi\",\"Sokoto\",\"Kebbi\",\"Cross River\",\"Enugu\",\"Ebonyi\",\"Abia\",\"Ogun\",\"Gombe\",\"Borno\",\"Zamfara\"]","reserveNote":"Tens of billions of tonnes — enough for 500+ years at current production","productionNote":"Nigeria ~70+ Mtpa cement; Dangote Obajana alone >16 Mtpa","type":"Maastrichtian limestone (Nkalagu, Mfamosing, Kalambaina, Ewekoro, Ashaka, Gombe)","economy":"Cement manufacturing (Dangote, Lafarge-Holcim, BUA, Cement Co. of Northern Nigeria).","climate":"Sudan-savanna in the north, tropical forest–savanna transitions in the southeast.","landmarks":"[\"Obajana Cement (Kogi, Dangote)\",\"Ashaka Cement (Gombe, Lafarge)\",\"Sokoto Cement\",\"Mfamosing / Calabar Cement\",\"Ewekoro Cement (Ogun)\"]","highlights":"[\"Backbone of Dangote African cement empire\",\"Maastrichtian limestone belts\",\"Obajana #1 Africa cement plant\"]","wikiUrl":"https://en.wikipedia.org/wiki/Dangote_Cement","products":"[\"Portland cement (OPC) – the dominant use (Obajana, Dangote, BUA, Ashaka, etc.)\",\"Ready-mix concrete & precast concrete products\",\"Construction & road aggregate – crushed limestone for base courses & chippings\",\"Agricultural lime / ground calcium carbonate (GCC) – soil pH correction\",\"Sodium carbonate (soda ash) & calcium chloride – detergents, glass, de-icers\",\"Precipitated calcium carbonate (PCC) – paint, paper coating, plastics filler\",\"Flux material – iron & steelmaking blast furnaces and smelting\",\"Glass manufacturing – soda-lime glass for bottles, windows, tableware\",\"Filler in rubber, pharmaceuticals (calcium supplements), toothpaste, cosmetics\"]","locations":"[{\"state\":\"Kogi\",\"siteName\":\"Obajana limestone\",\"lon\":6.35,\"lat\":7.83},{\"state\":\"Sokoto\",\"siteName\":\"Kalambaina limestone\",\"lon\":5.2,\"lat\":13},{\"state\":\"Kebbi\",\"siteName\":\"Kebbi limestone\",\"lon\":4.2,\"lat\":11.5},{\"state\":\"Cross River\",\"siteName\":\"Mfamosing/Calabar limestone\",\"lon\":8.42,\"lat\":4.98},{\"state\":\"Enugu\",\"siteName\":\"Nkalagu limestone\",\"lon\":7.78,\"lat\":6.45},{\"state\":\"Ebonyi\",\"siteName\":\"Ebonyi limestone\",\"lon\":7.8,\"lat\":6.42},{\"state\":\"Abia\",\"siteName\":\"Abia limestone\",\"lon\":7.52,\"lat\":5.43},{\"state\":\"Ogun\",\"siteName\":\"Ewekoro/Sagamu limestone\",\"lon\":3.47,\"lat\":6.9},{\"state\":\"Gombe\",\"siteName\":\"Ashaka limestone\",\"lon\":11.5,\"lat\":10.2},{\"state\":\"Borno\",\"siteName\":\"Borno limestone\",\"lon\":13.15,\"lat\":11.83},{\"state\":\"Zamfara\",\"siteName\":\"Zamfara limestone\",\"lon\":6.23,\"lat\":12.1}]","resourceId":"resource-limestone","featureKind":"point","stateName":"Ebonyi","siteName":"Ebonyi limestone"},"geometry":{"type":"Point","coordinates":[7.8,6.42]}},{"type":"Feature","properties":{"layerId":"resources","kind":"resources","id":"resource-limestone-6","name":"Limestone (Cement Belts)","resourceType":"limestone","summary":"Extensive Maastrichtian limestone formations backing the Obajana, Sokoto, Calabar, and Mfamosing cement plants.","description":"Nigeria's cement industry relies on thick Maastrichtian limestone sequences: (1) the Sokoto embayment (Sokoto cement plant), (2) the Nkalagu/Mfamosing belt east of the Niger (Dangote Obajana, Calabar cement, Lafarge Ashaka/Ugwuaji), and (3) smaller Ewekoro/Sagamu deposits north of Lagos. These deposits underpin Africa's largest cement producer (Dangote Cement) and the wider construction sector.","lon":7.52,"lat":5.43,"statesCrossed":"[\"Kogi\",\"Sokoto\",\"Kebbi\",\"Cross River\",\"Enugu\",\"Ebonyi\",\"Abia\",\"Ogun\",\"Gombe\",\"Borno\",\"Zamfara\"]","reserveNote":"Tens of billions of tonnes — enough for 500+ years at current production","productionNote":"Nigeria ~70+ Mtpa cement; Dangote Obajana alone >16 Mtpa","type":"Maastrichtian limestone (Nkalagu, Mfamosing, Kalambaina, Ewekoro, Ashaka, Gombe)","economy":"Cement manufacturing (Dangote, Lafarge-Holcim, BUA, Cement Co. of Northern Nigeria).","climate":"Sudan-savanna in the north, tropical forest–savanna transitions in the southeast.","landmarks":"[\"Obajana Cement (Kogi, Dangote)\",\"Ashaka Cement (Gombe, Lafarge)\",\"Sokoto Cement\",\"Mfamosing / Calabar Cement\",\"Ewekoro Cement (Ogun)\"]","highlights":"[\"Backbone of Dangote African cement empire\",\"Maastrichtian limestone belts\",\"Obajana #1 Africa cement plant\"]","wikiUrl":"https://en.wikipedia.org/wiki/Dangote_Cement","products":"[\"Portland cement (OPC) – the dominant use (Obajana, Dangote, BUA, Ashaka, etc.)\",\"Ready-mix concrete & precast concrete products\",\"Construction & road aggregate – crushed limestone for base courses & chippings\",\"Agricultural lime / ground calcium carbonate (GCC) – soil pH correction\",\"Sodium carbonate (soda ash) & calcium chloride – detergents, glass, de-icers\",\"Precipitated calcium carbonate (PCC) – paint, paper coating, plastics filler\",\"Flux material – iron & steelmaking blast furnaces and smelting\",\"Glass manufacturing – soda-lime glass for bottles, windows, tableware\",\"Filler in rubber, pharmaceuticals (calcium supplements), toothpaste, cosmetics\"]","locations":"[{\"state\":\"Kogi\",\"siteName\":\"Obajana limestone\",\"lon\":6.35,\"lat\":7.83},{\"state\":\"Sokoto\",\"siteName\":\"Kalambaina limestone\",\"lon\":5.2,\"lat\":13},{\"state\":\"Kebbi\",\"siteName\":\"Kebbi limestone\",\"lon\":4.2,\"lat\":11.5},{\"state\":\"Cross River\",\"siteName\":\"Mfamosing/Calabar limestone\",\"lon\":8.42,\"lat\":4.98},{\"state\":\"Enugu\",\"siteName\":\"Nkalagu limestone\",\"lon\":7.78,\"lat\":6.45},{\"state\":\"Ebonyi\",\"siteName\":\"Ebonyi limestone\",\"lon\":7.8,\"lat\":6.42},{\"state\":\"Abia\",\"siteName\":\"Abia limestone\",\"lon\":7.52,\"lat\":5.43},{\"state\":\"Ogun\",\"siteName\":\"Ewekoro/Sagamu limestone\",\"lon\":3.47,\"lat\":6.9},{\"state\":\"Gombe\",\"siteName\":\"Ashaka limestone\",\"lon\":11.5,\"lat\":10.2},{\"state\":\"Borno\",\"siteName\":\"Borno limestone\",\"lon\":13.15,\"lat\":11.83},{\"state\":\"Zamfara\",\"siteName\":\"Zamfara limestone\",\"lon\":6.23,\"lat\":12.1}]","resourceId":"resource-limestone","featureKind":"point","stateName":"Abia","siteName":"Abia limestone"},"geometry":{"type":"Point","coordinates":[7.52,5.43]}},{"type":"Feature","properties":{"layerId":"resources","kind":"resources","id":"resource-limestone-7","name":"Limestone (Cement Belts)","resourceType":"limestone","summary":"Extensive Maastrichtian limestone formations backing the Obajana, Sokoto, Calabar, and Mfamosing cement plants.","description":"Nigeria's cement industry relies on thick Maastrichtian limestone sequences: (1) the Sokoto embayment (Sokoto cement plant), (2) the Nkalagu/Mfamosing belt east of the Niger (Dangote Obajana, Calabar cement, Lafarge Ashaka/Ugwuaji), and (3) smaller Ewekoro/Sagamu deposits north of Lagos. These deposits underpin Africa's largest cement producer (Dangote Cement) and the wider construction sector.","lon":3.47,"lat":6.9,"statesCrossed":"[\"Kogi\",\"Sokoto\",\"Kebbi\",\"Cross River\",\"Enugu\",\"Ebonyi\",\"Abia\",\"Ogun\",\"Gombe\",\"Borno\",\"Zamfara\"]","reserveNote":"Tens of billions of tonnes — enough for 500+ years at current production","productionNote":"Nigeria ~70+ Mtpa cement; Dangote Obajana alone >16 Mtpa","type":"Maastrichtian limestone (Nkalagu, Mfamosing, Kalambaina, Ewekoro, Ashaka, Gombe)","economy":"Cement manufacturing (Dangote, Lafarge-Holcim, BUA, Cement Co. of Northern Nigeria).","climate":"Sudan-savanna in the north, tropical forest–savanna transitions in the southeast.","landmarks":"[\"Obajana Cement (Kogi, Dangote)\",\"Ashaka Cement (Gombe, Lafarge)\",\"Sokoto Cement\",\"Mfamosing / Calabar Cement\",\"Ewekoro Cement (Ogun)\"]","highlights":"[\"Backbone of Dangote African cement empire\",\"Maastrichtian limestone belts\",\"Obajana #1 Africa cement plant\"]","wikiUrl":"https://en.wikipedia.org/wiki/Dangote_Cement","products":"[\"Portland cement (OPC) – the dominant use (Obajana, Dangote, BUA, Ashaka, etc.)\",\"Ready-mix concrete & precast concrete products\",\"Construction & road aggregate – crushed limestone for base courses & chippings\",\"Agricultural lime / ground calcium carbonate (GCC) – soil pH correction\",\"Sodium carbonate (soda ash) & calcium chloride – detergents, glass, de-icers\",\"Precipitated calcium carbonate (PCC) – paint, paper coating, plastics filler\",\"Flux material – iron & steelmaking blast furnaces and smelting\",\"Glass manufacturing – soda-lime glass for bottles, windows, tableware\",\"Filler in rubber, pharmaceuticals (calcium supplements), toothpaste, cosmetics\"]","locations":"[{\"state\":\"Kogi\",\"siteName\":\"Obajana limestone\",\"lon\":6.35,\"lat\":7.83},{\"state\":\"Sokoto\",\"siteName\":\"Kalambaina limestone\",\"lon\":5.2,\"lat\":13},{\"state\":\"Kebbi\",\"siteName\":\"Kebbi limestone\",\"lon\":4.2,\"lat\":11.5},{\"state\":\"Cross River\",\"siteName\":\"Mfamosing/Calabar limestone\",\"lon\":8.42,\"lat\":4.98},{\"state\":\"Enugu\",\"siteName\":\"Nkalagu limestone\",\"lon\":7.78,\"lat\":6.45},{\"state\":\"Ebonyi\",\"siteName\":\"Ebonyi limestone\",\"lon\":7.8,\"lat\":6.42},{\"state\":\"Abia\",\"siteName\":\"Abia limestone\",\"lon\":7.52,\"lat\":5.43},{\"state\":\"Ogun\",\"siteName\":\"Ewekoro/Sagamu limestone\",\"lon\":3.47,\"lat\":6.9},{\"state\":\"Gombe\",\"siteName\":\"Ashaka limestone\",\"lon\":11.5,\"lat\":10.2},{\"state\":\"Borno\",\"siteName\":\"Borno limestone\",\"lon\":13.15,\"lat\":11.83},{\"state\":\"Zamfara\",\"siteName\":\"Zamfara limestone\",\"lon\":6.23,\"lat\":12.1}]","resourceId":"resource-limestone","featureKind":"point","stateName":"Ogun","siteName":"Ewekoro/Sagamu limestone"},"geometry":{"type":"Point","coordinates":[3.47,6.9]}},{"type":"Feature","properties":{"layerId":"resources","kind":"resources","id":"resource-limestone-8","name":"Limestone (Cement Belts)","resourceType":"limestone","summary":"Extensive Maastrichtian limestone formations backing the Obajana, Sokoto, Calabar, and Mfamosing cement plants.","description":"Nigeria's cement industry relies on thick Maastrichtian limestone sequences: (1) the Sokoto embayment (Sokoto cement plant), (2) the Nkalagu/Mfamosing belt east of the Niger (Dangote Obajana, Calabar cement, Lafarge Ashaka/Ugwuaji), and (3) smaller Ewekoro/Sagamu deposits north of Lagos. These deposits underpin Africa's largest cement producer (Dangote Cement) and the wider construction sector.","lon":11.5,"lat":10.2,"statesCrossed":"[\"Kogi\",\"Sokoto\",\"Kebbi\",\"Cross River\",\"Enugu\",\"Ebonyi\",\"Abia\",\"Ogun\",\"Gombe\",\"Borno\",\"Zamfara\"]","reserveNote":"Tens of billions of tonnes — enough for 500+ years at current production","productionNote":"Nigeria ~70+ Mtpa cement; Dangote Obajana alone >16 Mtpa","type":"Maastrichtian limestone (Nkalagu, Mfamosing, Kalambaina, Ewekoro, Ashaka, Gombe)","economy":"Cement manufacturing (Dangote, Lafarge-Holcim, BUA, Cement Co. of Northern Nigeria).","climate":"Sudan-savanna in the north, tropical forest–savanna transitions in the southeast.","landmarks":"[\"Obajana Cement (Kogi, Dangote)\",\"Ashaka Cement (Gombe, Lafarge)\",\"Sokoto Cement\",\"Mfamosing / Calabar Cement\",\"Ewekoro Cement (Ogun)\"]","highlights":"[\"Backbone of Dangote African cement empire\",\"Maastrichtian limestone belts\",\"Obajana #1 Africa cement plant\"]","wikiUrl":"https://en.wikipedia.org/wiki/Dangote_Cement","products":"[\"Portland cement (OPC) – the dominant use (Obajana, Dangote, BUA, Ashaka, etc.)\",\"Ready-mix concrete & precast concrete products\",\"Construction & road aggregate – crushed limestone for base courses & chippings\",\"Agricultural lime / ground calcium carbonate (GCC) – soil pH correction\",\"Sodium carbonate (soda ash) & calcium chloride – detergents, glass, de-icers\",\"Precipitated calcium carbonate (PCC) – paint, paper coating, plastics filler\",\"Flux material – iron & steelmaking blast furnaces and smelting\",\"Glass manufacturing – soda-lime glass for bottles, windows, tableware\",\"Filler in rubber, pharmaceuticals (calcium supplements), toothpaste, cosmetics\"]","locations":"[{\"state\":\"Kogi\",\"siteName\":\"Obajana limestone\",\"lon\":6.35,\"lat\":7.83},{\"state\":\"Sokoto\",\"siteName\":\"Kalambaina limestone\",\"lon\":5.2,\"lat\":13},{\"state\":\"Kebbi\",\"siteName\":\"Kebbi limestone\",\"lon\":4.2,\"lat\":11.5},{\"state\":\"Cross River\",\"siteName\":\"Mfamosing/Calabar limestone\",\"lon\":8.42,\"lat\":4.98},{\"state\":\"Enugu\",\"siteName\":\"Nkalagu limestone\",\"lon\":7.78,\"lat\":6.45},{\"state\":\"Ebonyi\",\"siteName\":\"Ebonyi limestone\",\"lon\":7.8,\"lat\":6.42},{\"state\":\"Abia\",\"siteName\":\"Abia limestone\",\"lon\":7.52,\"lat\":5.43},{\"state\":\"Ogun\",\"siteName\":\"Ewekoro/Sagamu limestone\",\"lon\":3.47,\"lat\":6.9},{\"state\":\"Gombe\",\"siteName\":\"Ashaka limestone\",\"lon\":11.5,\"lat\":10.2},{\"state\":\"Borno\",\"siteName\":\"Borno limestone\",\"lon\":13.15,\"lat\":11.83},{\"state\":\"Zamfara\",\"siteName\":\"Zamfara limestone\",\"lon\":6.23,\"lat\":12.1}]","resourceId":"resource-limestone","featureKind":"point","stateName":"Gombe","siteName":"Ashaka limestone"},"geometry":{"type":"Point","coordinates":[11.5,10.2]}},{"type":"Feature","properties":{"layerId":"resources","kind":"resources","id":"resource-limestone-9","name":"Limestone (Cement Belts)","resourceType":"limestone","summary":"Extensive Maastrichtian limestone formations backing the Obajana, Sokoto, Calabar, and Mfamosing cement plants.","description":"Nigeria's cement industry relies on thick Maastrichtian limestone sequences: (1) the Sokoto embayment (Sokoto cement plant), (2) the Nkalagu/Mfamosing belt east of the Niger (Dangote Obajana, Calabar cement, Lafarge Ashaka/Ugwuaji), and (3) smaller Ewekoro/Sagamu deposits north of Lagos. These deposits underpin Africa's largest cement producer (Dangote Cement) and the wider construction sector.","lon":13.15,"lat":11.83,"statesCrossed":"[\"Kogi\",\"Sokoto\",\"Kebbi\",\"Cross River\",\"Enugu\",\"Ebonyi\",\"Abia\",\"Ogun\",\"Gombe\",\"Borno\",\"Zamfara\"]","reserveNote":"Tens of billions of tonnes — enough for 500+ years at current production","productionNote":"Nigeria ~70+ Mtpa cement; Dangote Obajana alone >16 Mtpa","type":"Maastrichtian limestone (Nkalagu, Mfamosing, Kalambaina, Ewekoro, Ashaka, Gombe)","economy":"Cement manufacturing (Dangote, Lafarge-Holcim, BUA, Cement Co. of Northern Nigeria).","climate":"Sudan-savanna in the north, tropical forest–savanna transitions in the southeast.","landmarks":"[\"Obajana Cement (Kogi, Dangote)\",\"Ashaka Cement (Gombe, Lafarge)\",\"Sokoto Cement\",\"Mfamosing / Calabar Cement\",\"Ewekoro Cement (Ogun)\"]","highlights":"[\"Backbone of Dangote African cement empire\",\"Maastrichtian limestone belts\",\"Obajana #1 Africa cement plant\"]","wikiUrl":"https://en.wikipedia.org/wiki/Dangote_Cement","products":"[\"Portland cement (OPC) – the dominant use (Obajana, Dangote, BUA, Ashaka, etc.)\",\"Ready-mix concrete & precast concrete products\",\"Construction & road aggregate – crushed limestone for base courses & chippings\",\"Agricultural lime / ground calcium carbonate (GCC) – soil pH correction\",\"Sodium carbonate (soda ash) & calcium chloride – detergents, glass, de-icers\",\"Precipitated calcium carbonate (PCC) – paint, paper coating, plastics filler\",\"Flux material – iron & steelmaking blast furnaces and smelting\",\"Glass manufacturing – soda-lime glass for bottles, windows, tableware\",\"Filler in rubber, pharmaceuticals (calcium supplements), toothpaste, cosmetics\"]","locations":"[{\"state\":\"Kogi\",\"siteName\":\"Obajana limestone\",\"lon\":6.35,\"lat\":7.83},{\"state\":\"Sokoto\",\"siteName\":\"Kalambaina limestone\",\"lon\":5.2,\"lat\":13},{\"state\":\"Kebbi\",\"siteName\":\"Kebbi limestone\",\"lon\":4.2,\"lat\":11.5},{\"state\":\"Cross River\",\"siteName\":\"Mfamosing/Calabar limestone\",\"lon\":8.42,\"lat\":4.98},{\"state\":\"Enugu\",\"siteName\":\"Nkalagu limestone\",\"lon\":7.78,\"lat\":6.45},{\"state\":\"Ebonyi\",\"siteName\":\"Ebonyi limestone\",\"lon\":7.8,\"lat\":6.42},{\"state\":\"Abia\",\"siteName\":\"Abia limestone\",\"lon\":7.52,\"lat\":5.43},{\"state\":\"Ogun\",\"siteName\":\"Ewekoro/Sagamu limestone\",\"lon\":3.47,\"lat\":6.9},{\"state\":\"Gombe\",\"siteName\":\"Ashaka limestone\",\"lon\":11.5,\"lat\":10.2},{\"state\":\"Borno\",\"siteName\":\"Borno limestone\",\"lon\":13.15,\"lat\":11.83},{\"state\":\"Zamfara\",\"siteName\":\"Zamfara limestone\",\"lon\":6.23,\"lat\":12.1}]","resourceId":"resource-limestone","featureKind":"point","stateName":"Borno","siteName":"Borno limestone"},"geometry":{"type":"Point","coordinates":[13.15,11.83]}},{"type":"Feature","properties":{"layerId":"resources","kind":"resources","id":"resource-limestone-10","name":"Limestone (Cement Belts)","resourceType":"limestone","summary":"Extensive Maastrichtian limestone formations backing the Obajana, Sokoto, Calabar, and Mfamosing cement plants.","description":"Nigeria's cement industry relies on thick Maastrichtian limestone sequences: (1) the Sokoto embayment (Sokoto cement plant), (2) the Nkalagu/Mfamosing belt east of the Niger (Dangote Obajana, Calabar cement, Lafarge Ashaka/Ugwuaji), and (3) smaller Ewekoro/Sagamu deposits north of Lagos. These deposits underpin Africa's largest cement producer (Dangote Cement) and the wider construction sector.","lon":6.23,"lat":12.1,"statesCrossed":"[\"Kogi\",\"Sokoto\",\"Kebbi\",\"Cross River\",\"Enugu\",\"Ebonyi\",\"Abia\",\"Ogun\",\"Gombe\",\"Borno\",\"Zamfara\"]","reserveNote":"Tens of billions of tonnes — enough for 500+ years at current production","productionNote":"Nigeria ~70+ Mtpa cement; Dangote Obajana alone >16 Mtpa","type":"Maastrichtian limestone (Nkalagu, Mfamosing, Kalambaina, Ewekoro, Ashaka, Gombe)","economy":"Cement manufacturing (Dangote, Lafarge-Holcim, BUA, Cement Co. of Northern Nigeria).","climate":"Sudan-savanna in the north, tropical forest–savanna transitions in the southeast.","landmarks":"[\"Obajana Cement (Kogi, Dangote)\",\"Ashaka Cement (Gombe, Lafarge)\",\"Sokoto Cement\",\"Mfamosing / Calabar Cement\",\"Ewekoro Cement (Ogun)\"]","highlights":"[\"Backbone of Dangote African cement empire\",\"Maastrichtian limestone belts\",\"Obajana #1 Africa cement plant\"]","wikiUrl":"https://en.wikipedia.org/wiki/Dangote_Cement","products":"[\"Portland cement (OPC) – the dominant use (Obajana, Dangote, BUA, Ashaka, etc.)\",\"Ready-mix concrete & precast concrete products\",\"Construction & road aggregate – crushed limestone for base courses & chippings\",\"Agricultural lime / ground calcium carbonate (GCC) – soil pH correction\",\"Sodium carbonate (soda ash) & calcium chloride – detergents, glass, de-icers\",\"Precipitated calcium carbonate (PCC) – paint, paper coating, plastics filler\",\"Flux material – iron & steelmaking blast furnaces and smelting\",\"Glass manufacturing – soda-lime glass for bottles, windows, tableware\",\"Filler in rubber, pharmaceuticals (calcium supplements), toothpaste, cosmetics\"]","locations":"[{\"state\":\"Kogi\",\"siteName\":\"Obajana limestone\",\"lon\":6.35,\"lat\":7.83},{\"state\":\"Sokoto\",\"siteName\":\"Kalambaina limestone\",\"lon\":5.2,\"lat\":13},{\"state\":\"Kebbi\",\"siteName\":\"Kebbi limestone\",\"lon\":4.2,\"lat\":11.5},{\"state\":\"Cross River\",\"siteName\":\"Mfamosing/Calabar limestone\",\"lon\":8.42,\"lat\":4.98},{\"state\":\"Enugu\",\"siteName\":\"Nkalagu limestone\",\"lon\":7.78,\"lat\":6.45},{\"state\":\"Ebonyi\",\"siteName\":\"Ebonyi limestone\",\"lon\":7.8,\"lat\":6.42},{\"state\":\"Abia\",\"siteName\":\"Abia limestone\",\"lon\":7.52,\"lat\":5.43},{\"state\":\"Ogun\",\"siteName\":\"Ewekoro/Sagamu limestone\",\"lon\":3.47,\"lat\":6.9},{\"state\":\"Gombe\",\"siteName\":\"Ashaka limestone\",\"lon\":11.5,\"lat\":10.2},{\"state\":\"Borno\",\"siteName\":\"Borno limestone\",\"lon\":13.15,\"lat\":11.83},{\"state\":\"Zamfara\",\"siteName\":\"Zamfara limestone\",\"lon\":6.23,\"lat\":12.1}]","resourceId":"resource-limestone","featureKind":"point","stateName":"Zamfara","siteName":"Zamfara limestone"},"geometry":{"type":"Point","coordinates":[6.23,12.1]}},{"type":"Feature","properties":{"layerId":"resources","kind":"resources","id":"resource-bitumen-0","name":"Bitumen & Tar Sands (Dahomey Basin, Ondo)","resourceType":"bitumen","summary":"Onshore heavy-oil / tar-sand belt in Ondo/Edo – one of Africa's largest bitumen reserves.","description":"Nigeria's eastern Dahomey basin holds extensive bitumen and tar-sand deposits, predominantly in Ondo and adjacent Edo/Ogun. The deposit is often ranked second to Canada's Athabasca region among global bitumen occurrences. Nigeria has long planned to produce synthetic crude, road asphalt, and diluent blends; pilot programmes and licence rounds remain active.","lon":4.85,"lat":6.9,"statesCrossed":"[\"Ondo\",\"Edo\",\"Ogun\",\"Lagos (vicinity)\"]","reserveNote":"~16+ billion barrels oil-equivalent estimated bitumen/tar-sands","productionNote":"Pilot-scale / asphalt only; major SAGD/dilbit projects planned","type":"Tar sand / heavy oil / bitumen (Dahomey basin Agbabu, Ode-Aye belts)","economy":"Asphalt for highways, proposed synthetic crude (upgraders), road contractors.","climate":"Rainforest–savanna transition, Ondo coastal interior.","landmarks":"[\"Agbabu bitumen belt (Ondo)\",\"Ode-Aye tar-sand exposures\",\"Abeokuta–Ore corridor licences\"]","highlights":"[\"One of world's largest bitumen belts\",\"Dahomey basin tar-sands\",\"Asphalt + upgrader potential\"]","wikiUrl":"https://en.wikipedia.org/wiki/Bitumen","products":"[\"Synthetic crude oil – upgrade tar sands via extraction & hydroprocessing\",\"Paving-grade asphalt – highway & road surfacing (AC, SMA, HMA)\",\"Bitumen emulsions – slurry seal, microsurfacing, tack coats, cold mix for rural roads\",\"Waterproofing membranes & coatings – building roofs, basements, tunnels\",\"Diluent for heavy crude pipeline transport (Orimulsion-style blends under study)\",\"Roofing shingles, roofing felts, built-up roof (BUR) systems\",\"Industrial binders – briquettes, carbon electrodes, pipe joint compounds\",\"Asphalt for airport runways, port pavements, racetracks, parking areas\"]","locations":"[{\"state\":\"Ondo\",\"siteName\":\"Agbabu/Loda bitumen seeps\",\"lon\":4.85,\"lat\":6.9},{\"state\":\"Edo\",\"siteName\":\"Siluko bitumen belt\",\"lon\":5.6,\"lat\":6.4},{\"state\":\"Ogun\",\"siteName\":\"Ogun bitumen belt\",\"lon\":4,\"lat\":6.95},{\"state\":\"Lagos (vicinity)\",\"siteName\":\"Lagos coastal bitumen vicinity\",\"lon\":3.9,\"lat\":6.45}]","resourceId":"resource-bitumen","featureKind":"point","stateName":"Ondo","siteName":"Agbabu/Loda bitumen seeps"},"geometry":{"type":"Point","coordinates":[4.85,6.9]}},{"type":"Feature","properties":{"layerId":"resources","kind":"resources","id":"resource-bitumen-1","name":"Bitumen & Tar Sands (Dahomey Basin, Ondo)","resourceType":"bitumen","summary":"Onshore heavy-oil / tar-sand belt in Ondo/Edo – one of Africa's largest bitumen reserves.","description":"Nigeria's eastern Dahomey basin holds extensive bitumen and tar-sand deposits, predominantly in Ondo and adjacent Edo/Ogun. The deposit is often ranked second to Canada's Athabasca region among global bitumen occurrences. Nigeria has long planned to produce synthetic crude, road asphalt, and diluent blends; pilot programmes and licence rounds remain active.","lon":5.6,"lat":6.4,"statesCrossed":"[\"Ondo\",\"Edo\",\"Ogun\",\"Lagos (vicinity)\"]","reserveNote":"~16+ billion barrels oil-equivalent estimated bitumen/tar-sands","productionNote":"Pilot-scale / asphalt only; major SAGD/dilbit projects planned","type":"Tar sand / heavy oil / bitumen (Dahomey basin Agbabu, Ode-Aye belts)","economy":"Asphalt for highways, proposed synthetic crude (upgraders), road contractors.","climate":"Rainforest–savanna transition, Ondo coastal interior.","landmarks":"[\"Agbabu bitumen belt (Ondo)\",\"Ode-Aye tar-sand exposures\",\"Abeokuta–Ore corridor licences\"]","highlights":"[\"One of world's largest bitumen belts\",\"Dahomey basin tar-sands\",\"Asphalt + upgrader potential\"]","wikiUrl":"https://en.wikipedia.org/wiki/Bitumen","products":"[\"Synthetic crude oil – upgrade tar sands via extraction & hydroprocessing\",\"Paving-grade asphalt – highway & road surfacing (AC, SMA, HMA)\",\"Bitumen emulsions – slurry seal, microsurfacing, tack coats, cold mix for rural roads\",\"Waterproofing membranes & coatings – building roofs, basements, tunnels\",\"Diluent for heavy crude pipeline transport (Orimulsion-style blends under study)\",\"Roofing shingles, roofing felts, built-up roof (BUR) systems\",\"Industrial binders – briquettes, carbon electrodes, pipe joint compounds\",\"Asphalt for airport runways, port pavements, racetracks, parking areas\"]","locations":"[{\"state\":\"Ondo\",\"siteName\":\"Agbabu/Loda bitumen seeps\",\"lon\":4.85,\"lat\":6.9},{\"state\":\"Edo\",\"siteName\":\"Siluko bitumen belt\",\"lon\":5.6,\"lat\":6.4},{\"state\":\"Ogun\",\"siteName\":\"Ogun bitumen belt\",\"lon\":4,\"lat\":6.95},{\"state\":\"Lagos (vicinity)\",\"siteName\":\"Lagos coastal bitumen vicinity\",\"lon\":3.9,\"lat\":6.45}]","resourceId":"resource-bitumen","featureKind":"point","stateName":"Edo","siteName":"Siluko bitumen belt"},"geometry":{"type":"Point","coordinates":[5.6,6.4]}},{"type":"Feature","properties":{"layerId":"resources","kind":"resources","id":"resource-bitumen-2","name":"Bitumen & Tar Sands (Dahomey Basin, Ondo)","resourceType":"bitumen","summary":"Onshore heavy-oil / tar-sand belt in Ondo/Edo – one of Africa's largest bitumen reserves.","description":"Nigeria's eastern Dahomey basin holds extensive bitumen and tar-sand deposits, predominantly in Ondo and adjacent Edo/Ogun. The deposit is often ranked second to Canada's Athabasca region among global bitumen occurrences. Nigeria has long planned to produce synthetic crude, road asphalt, and diluent blends; pilot programmes and licence rounds remain active.","lon":4,"lat":6.95,"statesCrossed":"[\"Ondo\",\"Edo\",\"Ogun\",\"Lagos (vicinity)\"]","reserveNote":"~16+ billion barrels oil-equivalent estimated bitumen/tar-sands","productionNote":"Pilot-scale / asphalt only; major SAGD/dilbit projects planned","type":"Tar sand / heavy oil / bitumen (Dahomey basin Agbabu, Ode-Aye belts)","economy":"Asphalt for highways, proposed synthetic crude (upgraders), road contractors.","climate":"Rainforest–savanna transition, Ondo coastal interior.","landmarks":"[\"Agbabu bitumen belt (Ondo)\",\"Ode-Aye tar-sand exposures\",\"Abeokuta–Ore corridor licences\"]","highlights":"[\"One of world's largest bitumen belts\",\"Dahomey basin tar-sands\",\"Asphalt + upgrader potential\"]","wikiUrl":"https://en.wikipedia.org/wiki/Bitumen","products":"[\"Synthetic crude oil – upgrade tar sands via extraction & hydroprocessing\",\"Paving-grade asphalt – highway & road surfacing (AC, SMA, HMA)\",\"Bitumen emulsions – slurry seal, microsurfacing, tack coats, cold mix for rural roads\",\"Waterproofing membranes & coatings – building roofs, basements, tunnels\",\"Diluent for heavy crude pipeline transport (Orimulsion-style blends under study)\",\"Roofing shingles, roofing felts, built-up roof (BUR) systems\",\"Industrial binders – briquettes, carbon electrodes, pipe joint compounds\",\"Asphalt for airport runways, port pavements, racetracks, parking areas\"]","locations":"[{\"state\":\"Ondo\",\"siteName\":\"Agbabu/Loda bitumen seeps\",\"lon\":4.85,\"lat\":6.9},{\"state\":\"Edo\",\"siteName\":\"Siluko bitumen belt\",\"lon\":5.6,\"lat\":6.4},{\"state\":\"Ogun\",\"siteName\":\"Ogun bitumen belt\",\"lon\":4,\"lat\":6.95},{\"state\":\"Lagos (vicinity)\",\"siteName\":\"Lagos coastal bitumen vicinity\",\"lon\":3.9,\"lat\":6.45}]","resourceId":"resource-bitumen","featureKind":"point","stateName":"Ogun","siteName":"Ogun bitumen belt"},"geometry":{"type":"Point","coordinates":[4,6.95]}},{"type":"Feature","properties":{"layerId":"resources","kind":"resources","id":"resource-bitumen-3","name":"Bitumen & Tar Sands (Dahomey Basin, Ondo)","resourceType":"bitumen","summary":"Onshore heavy-oil / tar-sand belt in Ondo/Edo – one of Africa's largest bitumen reserves.","description":"Nigeria's eastern Dahomey basin holds extensive bitumen and tar-sand deposits, predominantly in Ondo and adjacent Edo/Ogun. The deposit is often ranked second to Canada's Athabasca region among global bitumen occurrences. Nigeria has long planned to produce synthetic crude, road asphalt, and diluent blends; pilot programmes and licence rounds remain active.","lon":3.9,"lat":6.45,"statesCrossed":"[\"Ondo\",\"Edo\",\"Ogun\",\"Lagos (vicinity)\"]","reserveNote":"~16+ billion barrels oil-equivalent estimated bitumen/tar-sands","productionNote":"Pilot-scale / asphalt only; major SAGD/dilbit projects planned","type":"Tar sand / heavy oil / bitumen (Dahomey basin Agbabu, Ode-Aye belts)","economy":"Asphalt for highways, proposed synthetic crude (upgraders), road contractors.","climate":"Rainforest–savanna transition, Ondo coastal interior.","landmarks":"[\"Agbabu bitumen belt (Ondo)\",\"Ode-Aye tar-sand exposures\",\"Abeokuta–Ore corridor licences\"]","highlights":"[\"One of world's largest bitumen belts\",\"Dahomey basin tar-sands\",\"Asphalt + upgrader potential\"]","wikiUrl":"https://en.wikipedia.org/wiki/Bitumen","products":"[\"Synthetic crude oil – upgrade tar sands via extraction & hydroprocessing\",\"Paving-grade asphalt – highway & road surfacing (AC, SMA, HMA)\",\"Bitumen emulsions – slurry seal, microsurfacing, tack coats, cold mix for rural roads\",\"Waterproofing membranes & coatings – building roofs, basements, tunnels\",\"Diluent for heavy crude pipeline transport (Orimulsion-style blends under study)\",\"Roofing shingles, roofing felts, built-up roof (BUR) systems\",\"Industrial binders – briquettes, carbon electrodes, pipe joint compounds\",\"Asphalt for airport runways, port pavements, racetracks, parking areas\"]","locations":"[{\"state\":\"Ondo\",\"siteName\":\"Agbabu/Loda bitumen seeps\",\"lon\":4.85,\"lat\":6.9},{\"state\":\"Edo\",\"siteName\":\"Siluko bitumen belt\",\"lon\":5.6,\"lat\":6.4},{\"state\":\"Ogun\",\"siteName\":\"Ogun bitumen belt\",\"lon\":4,\"lat\":6.95},{\"state\":\"Lagos (vicinity)\",\"siteName\":\"Lagos coastal bitumen vicinity\",\"lon\":3.9,\"lat\":6.45}]","resourceId":"resource-bitumen","featureKind":"point","stateName":"Lagos (vicinity)","siteName":"Lagos coastal bitumen vicinity"},"geometry":{"type":"Point","coordinates":[3.9,6.45]}},{"type":"Feature","properties":{"layerId":"resources","kind":"resources","id":"resource-lead-zinc-0","name":"Lead-Zinc (Lower Benue Trough)","resourceType":"lead-zinc","summary":"Mississippi-Valley style lead-zinc mineralisation across Benue, Taraba, Nasarawa, Plateau belts.","description":"Nigeria hosts a well-defined lead-zinc-silver mineral belt in the Albian–Turonian carbonates of the Lower Benue Trough and on the Jos Plateau margins. Deposits at Abakaliki (Ebonyi), Barikin Ladi and environs (Plateau), and in the Ibi-Muri belt (Taraba) have seen decades of artisanal mining, with modern ESG-focused juniors seeking to bring polymetallic (Pb, Zn, Ag, Cd, Cu) production online.","lon":8.08,"lat":6.3,"statesCrossed":"[\"Ebonyi\",\"Benue\",\"Taraba\",\"Plateau\",\"Nasarawa\",\"Cross River\",\"Enugu\"]","reserveNote":"Millions of tonnes indicated Pb-Zn with Ag, Cd byproducts","productionNote":"Artisanal Pb-Zn dominant; several formal-scale feasibility projects","type":"Carbonate-hosted MVT Pb-Zn + vein Ag-Cd polymetallic ores","economy":"Zinc galvanising, lead acid batteries, silver credits, growing junior mining.","climate":"Benue trough Guinea savanna; Jos Plateau highlands.","landmarks":"[\"Abakaliki Pb-Zn field (Ebonyi)\",\"Ibi-Muri belt (Taraba)\",\"Barkin Ladi Pb-Zn veins (Plateau)\"]","highlights":"[\"Abakaliki MVT field\",\"Polymetallic byproducts (Ag/Cd)\",\"Benue-Trough belt\"]","wikiUrl":"https://en.wikipedia.org/wiki/Benue_Trough","products":"[\"Lead-acid batteries – automotive SLI, motive power (forklifts), stationary UPS backup\",\"Galvanised steel – zinc coating on rebars, roofing sheets, pipes (corrosion protection)\",\"Brass & bronze alloys – plumbing valves, fittings, bearings, decorative hardware\",\"Zinc die-castings – automotive components, door handles, electrical housings\",\"Silver bullion byproduct – from lead-silver smelting (Pb-Ag ores)\",\"Cadmium plating & battery byproducts – historically, now restricted but still relevant\",\"Zinc oxide (ZnO) – tyres (vulcanising activator), pharmaceuticals, sunscreen, ceramics\",\"Zinc chemicals – dry-cell batteries, fertilisers (Zn micronutrient), pigments\"]","locations":"[{\"state\":\"Ebonyi\",\"siteName\":\"Enyigba lead-zinc mine\",\"lon\":8.08,\"lat\":6.3},{\"state\":\"Benue\",\"siteName\":\"Benue lead-zinc occurrences\",\"lon\":8.76,\"lat\":7.33},{\"state\":\"Taraba\",\"siteName\":\"Wukari-Zurak lead-zinc\",\"lon\":9.78,\"lat\":7.87},{\"state\":\"Plateau\",\"siteName\":\"Plateau lead-zinc occurrences\",\"lon\":9.22,\"lat\":9.22},{\"state\":\"Nasarawa\",\"siteName\":\"Arufu lead-zinc\",\"lon\":8.5,\"lat\":8.2},{\"state\":\"Cross River\",\"siteName\":\"Cross River lead-zinc\",\"lon\":8.6,\"lat\":5.87},{\"state\":\"Enugu\",\"siteName\":\"Abakaliki fold-belt lead-zinc\",\"lon\":7.51,\"lat\":6.52}]","resourceId":"resource-lead-zinc","featureKind":"point","stateName":"Ebonyi","siteName":"Enyigba lead-zinc mine"},"geometry":{"type":"Point","coordinates":[8.08,6.3]}},{"type":"Feature","properties":{"layerId":"resources","kind":"resources","id":"resource-lead-zinc-1","name":"Lead-Zinc (Lower Benue Trough)","resourceType":"lead-zinc","summary":"Mississippi-Valley style lead-zinc mineralisation across Benue, Taraba, Nasarawa, Plateau belts.","description":"Nigeria hosts a well-defined lead-zinc-silver mineral belt in the Albian–Turonian carbonates of the Lower Benue Trough and on the Jos Plateau margins. Deposits at Abakaliki (Ebonyi), Barikin Ladi and environs (Plateau), and in the Ibi-Muri belt (Taraba) have seen decades of artisanal mining, with modern ESG-focused juniors seeking to bring polymetallic (Pb, Zn, Ag, Cd, Cu) production online.","lon":8.76,"lat":7.33,"statesCrossed":"[\"Ebonyi\",\"Benue\",\"Taraba\",\"Plateau\",\"Nasarawa\",\"Cross River\",\"Enugu\"]","reserveNote":"Millions of tonnes indicated Pb-Zn with Ag, Cd byproducts","productionNote":"Artisanal Pb-Zn dominant; several formal-scale feasibility projects","type":"Carbonate-hosted MVT Pb-Zn + vein Ag-Cd polymetallic ores","economy":"Zinc galvanising, lead acid batteries, silver credits, growing junior mining.","climate":"Benue trough Guinea savanna; Jos Plateau highlands.","landmarks":"[\"Abakaliki Pb-Zn field (Ebonyi)\",\"Ibi-Muri belt (Taraba)\",\"Barkin Ladi Pb-Zn veins (Plateau)\"]","highlights":"[\"Abakaliki MVT field\",\"Polymetallic byproducts (Ag/Cd)\",\"Benue-Trough belt\"]","wikiUrl":"https://en.wikipedia.org/wiki/Benue_Trough","products":"[\"Lead-acid batteries – automotive SLI, motive power (forklifts), stationary UPS backup\",\"Galvanised steel – zinc coating on rebars, roofing sheets, pipes (corrosion protection)\",\"Brass & bronze alloys – plumbing valves, fittings, bearings, decorative hardware\",\"Zinc die-castings – automotive components, door handles, electrical housings\",\"Silver bullion byproduct – from lead-silver smelting (Pb-Ag ores)\",\"Cadmium plating & battery byproducts – historically, now restricted but still relevant\",\"Zinc oxide (ZnO) – tyres (vulcanising activator), pharmaceuticals, sunscreen, ceramics\",\"Zinc chemicals – dry-cell batteries, fertilisers (Zn micronutrient), pigments\"]","locations":"[{\"state\":\"Ebonyi\",\"siteName\":\"Enyigba lead-zinc mine\",\"lon\":8.08,\"lat\":6.3},{\"state\":\"Benue\",\"siteName\":\"Benue lead-zinc occurrences\",\"lon\":8.76,\"lat\":7.33},{\"state\":\"Taraba\",\"siteName\":\"Wukari-Zurak lead-zinc\",\"lon\":9.78,\"lat\":7.87},{\"state\":\"Plateau\",\"siteName\":\"Plateau lead-zinc occurrences\",\"lon\":9.22,\"lat\":9.22},{\"state\":\"Nasarawa\",\"siteName\":\"Arufu lead-zinc\",\"lon\":8.5,\"lat\":8.2},{\"state\":\"Cross River\",\"siteName\":\"Cross River lead-zinc\",\"lon\":8.6,\"lat\":5.87},{\"state\":\"Enugu\",\"siteName\":\"Abakaliki fold-belt lead-zinc\",\"lon\":7.51,\"lat\":6.52}]","resourceId":"resource-lead-zinc","featureKind":"point","stateName":"Benue","siteName":"Benue lead-zinc occurrences"},"geometry":{"type":"Point","coordinates":[8.76,7.33]}},{"type":"Feature","properties":{"layerId":"resources","kind":"resources","id":"resource-lead-zinc-2","name":"Lead-Zinc (Lower Benue Trough)","resourceType":"lead-zinc","summary":"Mississippi-Valley style lead-zinc mineralisation across Benue, Taraba, Nasarawa, Plateau belts.","description":"Nigeria hosts a well-defined lead-zinc-silver mineral belt in the Albian–Turonian carbonates of the Lower Benue Trough and on the Jos Plateau margins. Deposits at Abakaliki (Ebonyi), Barikin Ladi and environs (Plateau), and in the Ibi-Muri belt (Taraba) have seen decades of artisanal mining, with modern ESG-focused juniors seeking to bring polymetallic (Pb, Zn, Ag, Cd, Cu) production online.","lon":9.78,"lat":7.87,"statesCrossed":"[\"Ebonyi\",\"Benue\",\"Taraba\",\"Plateau\",\"Nasarawa\",\"Cross River\",\"Enugu\"]","reserveNote":"Millions of tonnes indicated Pb-Zn with Ag, Cd byproducts","productionNote":"Artisanal Pb-Zn dominant; several formal-scale feasibility projects","type":"Carbonate-hosted MVT Pb-Zn + vein Ag-Cd polymetallic ores","economy":"Zinc galvanising, lead acid batteries, silver credits, growing junior mining.","climate":"Benue trough Guinea savanna; Jos Plateau highlands.","landmarks":"[\"Abakaliki Pb-Zn field (Ebonyi)\",\"Ibi-Muri belt (Taraba)\",\"Barkin Ladi Pb-Zn veins (Plateau)\"]","highlights":"[\"Abakaliki MVT field\",\"Polymetallic byproducts (Ag/Cd)\",\"Benue-Trough belt\"]","wikiUrl":"https://en.wikipedia.org/wiki/Benue_Trough","products":"[\"Lead-acid batteries – automotive SLI, motive power (forklifts), stationary UPS backup\",\"Galvanised steel – zinc coating on rebars, roofing sheets, pipes (corrosion protection)\",\"Brass & bronze alloys – plumbing valves, fittings, bearings, decorative hardware\",\"Zinc die-castings – automotive components, door handles, electrical housings\",\"Silver bullion byproduct – from lead-silver smelting (Pb-Ag ores)\",\"Cadmium plating & battery byproducts – historically, now restricted but still relevant\",\"Zinc oxide (ZnO) – tyres (vulcanising activator), pharmaceuticals, sunscreen, ceramics\",\"Zinc chemicals – dry-cell batteries, fertilisers (Zn micronutrient), pigments\"]","locations":"[{\"state\":\"Ebonyi\",\"siteName\":\"Enyigba lead-zinc mine\",\"lon\":8.08,\"lat\":6.3},{\"state\":\"Benue\",\"siteName\":\"Benue lead-zinc occurrences\",\"lon\":8.76,\"lat\":7.33},{\"state\":\"Taraba\",\"siteName\":\"Wukari-Zurak lead-zinc\",\"lon\":9.78,\"lat\":7.87},{\"state\":\"Plateau\",\"siteName\":\"Plateau lead-zinc occurrences\",\"lon\":9.22,\"lat\":9.22},{\"state\":\"Nasarawa\",\"siteName\":\"Arufu lead-zinc\",\"lon\":8.5,\"lat\":8.2},{\"state\":\"Cross River\",\"siteName\":\"Cross River lead-zinc\",\"lon\":8.6,\"lat\":5.87},{\"state\":\"Enugu\",\"siteName\":\"Abakaliki fold-belt lead-zinc\",\"lon\":7.51,\"lat\":6.52}]","resourceId":"resource-lead-zinc","featureKind":"point","stateName":"Taraba","siteName":"Wukari-Zurak lead-zinc"},"geometry":{"type":"Point","coordinates":[9.78,7.87]}},{"type":"Feature","properties":{"layerId":"resources","kind":"resources","id":"resource-lead-zinc-3","name":"Lead-Zinc (Lower Benue Trough)","resourceType":"lead-zinc","summary":"Mississippi-Valley style lead-zinc mineralisation across Benue, Taraba, Nasarawa, Plateau belts.","description":"Nigeria hosts a well-defined lead-zinc-silver mineral belt in the Albian–Turonian carbonates of the Lower Benue Trough and on the Jos Plateau margins. Deposits at Abakaliki (Ebonyi), Barikin Ladi and environs (Plateau), and in the Ibi-Muri belt (Taraba) have seen decades of artisanal mining, with modern ESG-focused juniors seeking to bring polymetallic (Pb, Zn, Ag, Cd, Cu) production online.","lon":9.22,"lat":9.22,"statesCrossed":"[\"Ebonyi\",\"Benue\",\"Taraba\",\"Plateau\",\"Nasarawa\",\"Cross River\",\"Enugu\"]","reserveNote":"Millions of tonnes indicated Pb-Zn with Ag, Cd byproducts","productionNote":"Artisanal Pb-Zn dominant; several formal-scale feasibility projects","type":"Carbonate-hosted MVT Pb-Zn + vein Ag-Cd polymetallic ores","economy":"Zinc galvanising, lead acid batteries, silver credits, growing junior mining.","climate":"Benue trough Guinea savanna; Jos Plateau highlands.","landmarks":"[\"Abakaliki Pb-Zn field (Ebonyi)\",\"Ibi-Muri belt (Taraba)\",\"Barkin Ladi Pb-Zn veins (Plateau)\"]","highlights":"[\"Abakaliki MVT field\",\"Polymetallic byproducts (Ag/Cd)\",\"Benue-Trough belt\"]","wikiUrl":"https://en.wikipedia.org/wiki/Benue_Trough","products":"[\"Lead-acid batteries – automotive SLI, motive power (forklifts), stationary UPS backup\",\"Galvanised steel – zinc coating on rebars, roofing sheets, pipes (corrosion protection)\",\"Brass & bronze alloys – plumbing valves, fittings, bearings, decorative hardware\",\"Zinc die-castings – automotive components, door handles, electrical housings\",\"Silver bullion byproduct – from lead-silver smelting (Pb-Ag ores)\",\"Cadmium plating & battery byproducts – historically, now restricted but still relevant\",\"Zinc oxide (ZnO) – tyres (vulcanising activator), pharmaceuticals, sunscreen, ceramics\",\"Zinc chemicals – dry-cell batteries, fertilisers (Zn micronutrient), pigments\"]","locations":"[{\"state\":\"Ebonyi\",\"siteName\":\"Enyigba lead-zinc mine\",\"lon\":8.08,\"lat\":6.3},{\"state\":\"Benue\",\"siteName\":\"Benue lead-zinc occurrences\",\"lon\":8.76,\"lat\":7.33},{\"state\":\"Taraba\",\"siteName\":\"Wukari-Zurak lead-zinc\",\"lon\":9.78,\"lat\":7.87},{\"state\":\"Plateau\",\"siteName\":\"Plateau lead-zinc occurrences\",\"lon\":9.22,\"lat\":9.22},{\"state\":\"Nasarawa\",\"siteName\":\"Arufu lead-zinc\",\"lon\":8.5,\"lat\":8.2},{\"state\":\"Cross River\",\"siteName\":\"Cross River lead-zinc\",\"lon\":8.6,\"lat\":5.87},{\"state\":\"Enugu\",\"siteName\":\"Abakaliki fold-belt lead-zinc\",\"lon\":7.51,\"lat\":6.52}]","resourceId":"resource-lead-zinc","featureKind":"point","stateName":"Plateau","siteName":"Plateau lead-zinc occurrences"},"geometry":{"type":"Point","coordinates":[9.22,9.22]}},{"type":"Feature","properties":{"layerId":"resources","kind":"resources","id":"resource-lead-zinc-4","name":"Lead-Zinc (Lower Benue Trough)","resourceType":"lead-zinc","summary":"Mississippi-Valley style lead-zinc mineralisation across Benue, Taraba, Nasarawa, Plateau belts.","description":"Nigeria hosts a well-defined lead-zinc-silver mineral belt in the Albian–Turonian carbonates of the Lower Benue Trough and on the Jos Plateau margins. Deposits at Abakaliki (Ebonyi), Barikin Ladi and environs (Plateau), and in the Ibi-Muri belt (Taraba) have seen decades of artisanal mining, with modern ESG-focused juniors seeking to bring polymetallic (Pb, Zn, Ag, Cd, Cu) production online.","lon":8.5,"lat":8.2,"statesCrossed":"[\"Ebonyi\",\"Benue\",\"Taraba\",\"Plateau\",\"Nasarawa\",\"Cross River\",\"Enugu\"]","reserveNote":"Millions of tonnes indicated Pb-Zn with Ag, Cd byproducts","productionNote":"Artisanal Pb-Zn dominant; several formal-scale feasibility projects","type":"Carbonate-hosted MVT Pb-Zn + vein Ag-Cd polymetallic ores","economy":"Zinc galvanising, lead acid batteries, silver credits, growing junior mining.","climate":"Benue trough Guinea savanna; Jos Plateau highlands.","landmarks":"[\"Abakaliki Pb-Zn field (Ebonyi)\",\"Ibi-Muri belt (Taraba)\",\"Barkin Ladi Pb-Zn veins (Plateau)\"]","highlights":"[\"Abakaliki MVT field\",\"Polymetallic byproducts (Ag/Cd)\",\"Benue-Trough belt\"]","wikiUrl":"https://en.wikipedia.org/wiki/Benue_Trough","products":"[\"Lead-acid batteries – automotive SLI, motive power (forklifts), stationary UPS backup\",\"Galvanised steel – zinc coating on rebars, roofing sheets, pipes (corrosion protection)\",\"Brass & bronze alloys – plumbing valves, fittings, bearings, decorative hardware\",\"Zinc die-castings – automotive components, door handles, electrical housings\",\"Silver bullion byproduct – from lead-silver smelting (Pb-Ag ores)\",\"Cadmium plating & battery byproducts – historically, now restricted but still relevant\",\"Zinc oxide (ZnO) – tyres (vulcanising activator), pharmaceuticals, sunscreen, ceramics\",\"Zinc chemicals – dry-cell batteries, fertilisers (Zn micronutrient), pigments\"]","locations":"[{\"state\":\"Ebonyi\",\"siteName\":\"Enyigba lead-zinc mine\",\"lon\":8.08,\"lat\":6.3},{\"state\":\"Benue\",\"siteName\":\"Benue lead-zinc occurrences\",\"lon\":8.76,\"lat\":7.33},{\"state\":\"Taraba\",\"siteName\":\"Wukari-Zurak lead-zinc\",\"lon\":9.78,\"lat\":7.87},{\"state\":\"Plateau\",\"siteName\":\"Plateau lead-zinc occurrences\",\"lon\":9.22,\"lat\":9.22},{\"state\":\"Nasarawa\",\"siteName\":\"Arufu lead-zinc\",\"lon\":8.5,\"lat\":8.2},{\"state\":\"Cross River\",\"siteName\":\"Cross River lead-zinc\",\"lon\":8.6,\"lat\":5.87},{\"state\":\"Enugu\",\"siteName\":\"Abakaliki fold-belt lead-zinc\",\"lon\":7.51,\"lat\":6.52}]","resourceId":"resource-lead-zinc","featureKind":"point","stateName":"Nasarawa","siteName":"Arufu lead-zinc"},"geometry":{"type":"Point","coordinates":[8.5,8.2]}},{"type":"Feature","properties":{"layerId":"resources","kind":"resources","id":"resource-lead-zinc-5","name":"Lead-Zinc (Lower Benue Trough)","resourceType":"lead-zinc","summary":"Mississippi-Valley style lead-zinc mineralisation across Benue, Taraba, Nasarawa, Plateau belts.","description":"Nigeria hosts a well-defined lead-zinc-silver mineral belt in the Albian–Turonian carbonates of the Lower Benue Trough and on the Jos Plateau margins. Deposits at Abakaliki (Ebonyi), Barikin Ladi and environs (Plateau), and in the Ibi-Muri belt (Taraba) have seen decades of artisanal mining, with modern ESG-focused juniors seeking to bring polymetallic (Pb, Zn, Ag, Cd, Cu) production online.","lon":8.6,"lat":5.87,"statesCrossed":"[\"Ebonyi\",\"Benue\",\"Taraba\",\"Plateau\",\"Nasarawa\",\"Cross River\",\"Enugu\"]","reserveNote":"Millions of tonnes indicated Pb-Zn with Ag, Cd byproducts","productionNote":"Artisanal Pb-Zn dominant; several formal-scale feasibility projects","type":"Carbonate-hosted MVT Pb-Zn + vein Ag-Cd polymetallic ores","economy":"Zinc galvanising, lead acid batteries, silver credits, growing junior mining.","climate":"Benue trough Guinea savanna; Jos Plateau highlands.","landmarks":"[\"Abakaliki Pb-Zn field (Ebonyi)\",\"Ibi-Muri belt (Taraba)\",\"Barkin Ladi Pb-Zn veins (Plateau)\"]","highlights":"[\"Abakaliki MVT field\",\"Polymetallic byproducts (Ag/Cd)\",\"Benue-Trough belt\"]","wikiUrl":"https://en.wikipedia.org/wiki/Benue_Trough","products":"[\"Lead-acid batteries – automotive SLI, motive power (forklifts), stationary UPS backup\",\"Galvanised steel – zinc coating on rebars, roofing sheets, pipes (corrosion protection)\",\"Brass & bronze alloys – plumbing valves, fittings, bearings, decorative hardware\",\"Zinc die-castings – automotive components, door handles, electrical housings\",\"Silver bullion byproduct – from lead-silver smelting (Pb-Ag ores)\",\"Cadmium plating & battery byproducts – historically, now restricted but still relevant\",\"Zinc oxide (ZnO) – tyres (vulcanising activator), pharmaceuticals, sunscreen, ceramics\",\"Zinc chemicals – dry-cell batteries, fertilisers (Zn micronutrient), pigments\"]","locations":"[{\"state\":\"Ebonyi\",\"siteName\":\"Enyigba lead-zinc mine\",\"lon\":8.08,\"lat\":6.3},{\"state\":\"Benue\",\"siteName\":\"Benue lead-zinc occurrences\",\"lon\":8.76,\"lat\":7.33},{\"state\":\"Taraba\",\"siteName\":\"Wukari-Zurak lead-zinc\",\"lon\":9.78,\"lat\":7.87},{\"state\":\"Plateau\",\"siteName\":\"Plateau lead-zinc occurrences\",\"lon\":9.22,\"lat\":9.22},{\"state\":\"Nasarawa\",\"siteName\":\"Arufu lead-zinc\",\"lon\":8.5,\"lat\":8.2},{\"state\":\"Cross River\",\"siteName\":\"Cross River lead-zinc\",\"lon\":8.6,\"lat\":5.87},{\"state\":\"Enugu\",\"siteName\":\"Abakaliki fold-belt lead-zinc\",\"lon\":7.51,\"lat\":6.52}]","resourceId":"resource-lead-zinc","featureKind":"point","stateName":"Cross River","siteName":"Cross River lead-zinc"},"geometry":{"type":"Point","coordinates":[8.6,5.87]}},{"type":"Feature","properties":{"layerId":"resources","kind":"resources","id":"resource-lead-zinc-6","name":"Lead-Zinc (Lower Benue Trough)","resourceType":"lead-zinc","summary":"Mississippi-Valley style lead-zinc mineralisation across Benue, Taraba, Nasarawa, Plateau belts.","description":"Nigeria hosts a well-defined lead-zinc-silver mineral belt in the Albian–Turonian carbonates of the Lower Benue Trough and on the Jos Plateau margins. Deposits at Abakaliki (Ebonyi), Barikin Ladi and environs (Plateau), and in the Ibi-Muri belt (Taraba) have seen decades of artisanal mining, with modern ESG-focused juniors seeking to bring polymetallic (Pb, Zn, Ag, Cd, Cu) production online.","lon":7.51,"lat":6.52,"statesCrossed":"[\"Ebonyi\",\"Benue\",\"Taraba\",\"Plateau\",\"Nasarawa\",\"Cross River\",\"Enugu\"]","reserveNote":"Millions of tonnes indicated Pb-Zn with Ag, Cd byproducts","productionNote":"Artisanal Pb-Zn dominant; several formal-scale feasibility projects","type":"Carbonate-hosted MVT Pb-Zn + vein Ag-Cd polymetallic ores","economy":"Zinc galvanising, lead acid batteries, silver credits, growing junior mining.","climate":"Benue trough Guinea savanna; Jos Plateau highlands.","landmarks":"[\"Abakaliki Pb-Zn field (Ebonyi)\",\"Ibi-Muri belt (Taraba)\",\"Barkin Ladi Pb-Zn veins (Plateau)\"]","highlights":"[\"Abakaliki MVT field\",\"Polymetallic byproducts (Ag/Cd)\",\"Benue-Trough belt\"]","wikiUrl":"https://en.wikipedia.org/wiki/Benue_Trough","products":"[\"Lead-acid batteries – automotive SLI, motive power (forklifts), stationary UPS backup\",\"Galvanised steel – zinc coating on rebars, roofing sheets, pipes (corrosion protection)\",\"Brass & bronze alloys – plumbing valves, fittings, bearings, decorative hardware\",\"Zinc die-castings – automotive components, door handles, electrical housings\",\"Silver bullion byproduct – from lead-silver smelting (Pb-Ag ores)\",\"Cadmium plating & battery byproducts – historically, now restricted but still relevant\",\"Zinc oxide (ZnO) – tyres (vulcanising activator), pharmaceuticals, sunscreen, ceramics\",\"Zinc chemicals – dry-cell batteries, fertilisers (Zn micronutrient), pigments\"]","locations":"[{\"state\":\"Ebonyi\",\"siteName\":\"Enyigba lead-zinc mine\",\"lon\":8.08,\"lat\":6.3},{\"state\":\"Benue\",\"siteName\":\"Benue lead-zinc occurrences\",\"lon\":8.76,\"lat\":7.33},{\"state\":\"Taraba\",\"siteName\":\"Wukari-Zurak lead-zinc\",\"lon\":9.78,\"lat\":7.87},{\"state\":\"Plateau\",\"siteName\":\"Plateau lead-zinc occurrences\",\"lon\":9.22,\"lat\":9.22},{\"state\":\"Nasarawa\",\"siteName\":\"Arufu lead-zinc\",\"lon\":8.5,\"lat\":8.2},{\"state\":\"Cross River\",\"siteName\":\"Cross River lead-zinc\",\"lon\":8.6,\"lat\":5.87},{\"state\":\"Enugu\",\"siteName\":\"Abakaliki fold-belt lead-zinc\",\"lon\":7.51,\"lat\":6.52}]","resourceId":"resource-lead-zinc","featureKind":"point","stateName":"Enugu","siteName":"Abakaliki fold-belt lead-zinc"},"geometry":{"type":"Point","coordinates":[7.51,6.52]}},{"type":"Feature","properties":{"layerId":"resources","kind":"resources","id":"resource-lithium-0","name":"Lithium & Rare Metals (Central / Nassarawa-Kogi-OGP)","resourceType":"lithium-rare","summary":"Subeconomic-to-economic lithium pegmatites in Nasarawa, Kogi, Kwara & Oyo — a fast-growing battery-minerals belt.","description":"Nigeria's pegmatite fields carry spodumene, lepidolite, and rubidium-bearing micas alongside tin and tantalum in a corridor through Nasarawa, Kogi, Kwara, Oyo, Ogun, and Ekiti. Demand from lithium-ion battery markets has made the country a new frontier: artisanal concentrate exports have begun alongside MoUs with Chinese and Western juniors for larger EPC projects.","lon":8.32,"lat":8.65,"statesCrossed":"[\"Nasarawa\",\"Kogi\",\"Kwara\",\"Oyo\",\"Ogun\",\"Ekiti\",\"Ondo\",\"Plateau\"]","reserveNote":"Early-stage; numerous pegmatites supporting small-scale & proposed large-scale","productionNote":"Artisanal spodumene/lepidolite concentrate exports; JV DMS plants planned","type":"LCT pegmatites (lithium-cesium-tantalum): spodumene, lepidolite, amblygonite","economy":"Battery mineral aspirant; MoUs for domestic lithium hydroxide refining.","climate":"Guinea savanna with upland pegmatite belts.","landmarks":"[\"Nasarawa pegmatite fields (Keana, Obi, Wamba)\",\"Kogi (Kabba, Isanlu-pegmatite belts)\",\"Kwara/Oyo rare metals province\"]","highlights":"[\"Fast-growing lithium frontier\",\"Spodumene + LCT pegmatites\",\"Battery refinery MoUs\"]","wikiUrl":"https://en.wikipedia.org/wiki/Lithium_mining","products":"[\"Lithium-ion battery cells – EVs, residential storage, telecom backup, grid-scale\",\"Lithium hydroxide & lithium carbonate – cathode precursor salts (NMC, LFP, LCO)\",\"Tantalum electrolytic capacitors – consumer electronics, 5G base stations, automotive\",\"Niobium HSLA steel – oil & gas pipelines, structural, automotive high-strength steel\",\"Rubidium & caesium specialty electronics – atomic clocks, GPS, photoelectric cells\",\"Spodumene / lepidolite concentrates – feedstock for lithium refineries\",\"Rare-earth magnets (NdFeB) – EV motors, wind turbines, hard-disk drives, speakers\",\"Cerium / lanthanum catalysts – fluid catalytic cracking (FCC), automotive three-way catalysts\"]","locations":"[{\"state\":\"Nasarawa\",\"siteName\":\"Asaka lithium pegmatites\",\"lon\":8.32,\"lat\":8.65},{\"state\":\"Kogi\",\"siteName\":\"Kogi lithium pegmatites\",\"lon\":6.74,\"lat\":7.73},{\"state\":\"Kwara\",\"siteName\":\"Kwara lithium pegmatites\",\"lon\":4.55,\"lat\":8.5},{\"state\":\"Oyo\",\"siteName\":\"Iseyin lithium pegmatites\",\"lon\":3.6,\"lat\":7.97},{\"state\":\"Ogun\",\"siteName\":\"Ogun lithium pegmatites\",\"lon\":3.35,\"lat\":7},{\"state\":\"Ekiti\",\"siteName\":\"Ekiti lithium pegmatites\",\"lon\":5.22,\"lat\":7.66},{\"state\":\"Ondo\",\"siteName\":\"Ondo lithium pegmatites\",\"lon\":5.1,\"lat\":7.1},{\"state\":\"Plateau\",\"siteName\":\"Plateau lithium pegmatites\",\"lon\":9.22,\"lat\":9.22}]","resourceId":"resource-lithium","featureKind":"point","stateName":"Nasarawa","siteName":"Asaka lithium pegmatites"},"geometry":{"type":"Point","coordinates":[8.32,8.65]}},{"type":"Feature","properties":{"layerId":"resources","kind":"resources","id":"resource-lithium-1","name":"Lithium & Rare Metals (Central / Nassarawa-Kogi-OGP)","resourceType":"lithium-rare","summary":"Subeconomic-to-economic lithium pegmatites in Nasarawa, Kogi, Kwara & Oyo — a fast-growing battery-minerals belt.","description":"Nigeria's pegmatite fields carry spodumene, lepidolite, and rubidium-bearing micas alongside tin and tantalum in a corridor through Nasarawa, Kogi, Kwara, Oyo, Ogun, and Ekiti. Demand from lithium-ion battery markets has made the country a new frontier: artisanal concentrate exports have begun alongside MoUs with Chinese and Western juniors for larger EPC projects.","lon":6.74,"lat":7.73,"statesCrossed":"[\"Nasarawa\",\"Kogi\",\"Kwara\",\"Oyo\",\"Ogun\",\"Ekiti\",\"Ondo\",\"Plateau\"]","reserveNote":"Early-stage; numerous pegmatites supporting small-scale & proposed large-scale","productionNote":"Artisanal spodumene/lepidolite concentrate exports; JV DMS plants planned","type":"LCT pegmatites (lithium-cesium-tantalum): spodumene, lepidolite, amblygonite","economy":"Battery mineral aspirant; MoUs for domestic lithium hydroxide refining.","climate":"Guinea savanna with upland pegmatite belts.","landmarks":"[\"Nasarawa pegmatite fields (Keana, Obi, Wamba)\",\"Kogi (Kabba, Isanlu-pegmatite belts)\",\"Kwara/Oyo rare metals province\"]","highlights":"[\"Fast-growing lithium frontier\",\"Spodumene + LCT pegmatites\",\"Battery refinery MoUs\"]","wikiUrl":"https://en.wikipedia.org/wiki/Lithium_mining","products":"[\"Lithium-ion battery cells – EVs, residential storage, telecom backup, grid-scale\",\"Lithium hydroxide & lithium carbonate – cathode precursor salts (NMC, LFP, LCO)\",\"Tantalum electrolytic capacitors – consumer electronics, 5G base stations, automotive\",\"Niobium HSLA steel – oil & gas pipelines, structural, automotive high-strength steel\",\"Rubidium & caesium specialty electronics – atomic clocks, GPS, photoelectric cells\",\"Spodumene / lepidolite concentrates – feedstock for lithium refineries\",\"Rare-earth magnets (NdFeB) – EV motors, wind turbines, hard-disk drives, speakers\",\"Cerium / lanthanum catalysts – fluid catalytic cracking (FCC), automotive three-way catalysts\"]","locations":"[{\"state\":\"Nasarawa\",\"siteName\":\"Asaka lithium pegmatites\",\"lon\":8.32,\"lat\":8.65},{\"state\":\"Kogi\",\"siteName\":\"Kogi lithium pegmatites\",\"lon\":6.74,\"lat\":7.73},{\"state\":\"Kwara\",\"siteName\":\"Kwara lithium pegmatites\",\"lon\":4.55,\"lat\":8.5},{\"state\":\"Oyo\",\"siteName\":\"Iseyin lithium pegmatites\",\"lon\":3.6,\"lat\":7.97},{\"state\":\"Ogun\",\"siteName\":\"Ogun lithium pegmatites\",\"lon\":3.35,\"lat\":7},{\"state\":\"Ekiti\",\"siteName\":\"Ekiti lithium pegmatites\",\"lon\":5.22,\"lat\":7.66},{\"state\":\"Ondo\",\"siteName\":\"Ondo lithium pegmatites\",\"lon\":5.1,\"lat\":7.1},{\"state\":\"Plateau\",\"siteName\":\"Plateau lithium pegmatites\",\"lon\":9.22,\"lat\":9.22}]","resourceId":"resource-lithium","featureKind":"point","stateName":"Kogi","siteName":"Kogi lithium pegmatites"},"geometry":{"type":"Point","coordinates":[6.74,7.73]}},{"type":"Feature","properties":{"layerId":"resources","kind":"resources","id":"resource-lithium-2","name":"Lithium & Rare Metals (Central / Nassarawa-Kogi-OGP)","resourceType":"lithium-rare","summary":"Subeconomic-to-economic lithium pegmatites in Nasarawa, Kogi, Kwara & Oyo — a fast-growing battery-minerals belt.","description":"Nigeria's pegmatite fields carry spodumene, lepidolite, and rubidium-bearing micas alongside tin and tantalum in a corridor through Nasarawa, Kogi, Kwara, Oyo, Ogun, and Ekiti. Demand from lithium-ion battery markets has made the country a new frontier: artisanal concentrate exports have begun alongside MoUs with Chinese and Western juniors for larger EPC projects.","lon":4.55,"lat":8.5,"statesCrossed":"[\"Nasarawa\",\"Kogi\",\"Kwara\",\"Oyo\",\"Ogun\",\"Ekiti\",\"Ondo\",\"Plateau\"]","reserveNote":"Early-stage; numerous pegmatites supporting small-scale & proposed large-scale","productionNote":"Artisanal spodumene/lepidolite concentrate exports; JV DMS plants planned","type":"LCT pegmatites (lithium-cesium-tantalum): spodumene, lepidolite, amblygonite","economy":"Battery mineral aspirant; MoUs for domestic lithium hydroxide refining.","climate":"Guinea savanna with upland pegmatite belts.","landmarks":"[\"Nasarawa pegmatite fields (Keana, Obi, Wamba)\",\"Kogi (Kabba, Isanlu-pegmatite belts)\",\"Kwara/Oyo rare metals province\"]","highlights":"[\"Fast-growing lithium frontier\",\"Spodumene + LCT pegmatites\",\"Battery refinery MoUs\"]","wikiUrl":"https://en.wikipedia.org/wiki/Lithium_mining","products":"[\"Lithium-ion battery cells – EVs, residential storage, telecom backup, grid-scale\",\"Lithium hydroxide & lithium carbonate – cathode precursor salts (NMC, LFP, LCO)\",\"Tantalum electrolytic capacitors – consumer electronics, 5G base stations, automotive\",\"Niobium HSLA steel – oil & gas pipelines, structural, automotive high-strength steel\",\"Rubidium & caesium specialty electronics – atomic clocks, GPS, photoelectric cells\",\"Spodumene / lepidolite concentrates – feedstock for lithium refineries\",\"Rare-earth magnets (NdFeB) – EV motors, wind turbines, hard-disk drives, speakers\",\"Cerium / lanthanum catalysts – fluid catalytic cracking (FCC), automotive three-way catalysts\"]","locations":"[{\"state\":\"Nasarawa\",\"siteName\":\"Asaka lithium pegmatites\",\"lon\":8.32,\"lat\":8.65},{\"state\":\"Kogi\",\"siteName\":\"Kogi lithium pegmatites\",\"lon\":6.74,\"lat\":7.73},{\"state\":\"Kwara\",\"siteName\":\"Kwara lithium pegmatites\",\"lon\":4.55,\"lat\":8.5},{\"state\":\"Oyo\",\"siteName\":\"Iseyin lithium pegmatites\",\"lon\":3.6,\"lat\":7.97},{\"state\":\"Ogun\",\"siteName\":\"Ogun lithium pegmatites\",\"lon\":3.35,\"lat\":7},{\"state\":\"Ekiti\",\"siteName\":\"Ekiti lithium pegmatites\",\"lon\":5.22,\"lat\":7.66},{\"state\":\"Ondo\",\"siteName\":\"Ondo lithium pegmatites\",\"lon\":5.1,\"lat\":7.1},{\"state\":\"Plateau\",\"siteName\":\"Plateau lithium pegmatites\",\"lon\":9.22,\"lat\":9.22}]","resourceId":"resource-lithium","featureKind":"point","stateName":"Kwara","siteName":"Kwara lithium pegmatites"},"geometry":{"type":"Point","coordinates":[4.55,8.5]}},{"type":"Feature","properties":{"layerId":"resources","kind":"resources","id":"resource-lithium-3","name":"Lithium & Rare Metals (Central / Nassarawa-Kogi-OGP)","resourceType":"lithium-rare","summary":"Subeconomic-to-economic lithium pegmatites in Nasarawa, Kogi, Kwara & Oyo — a fast-growing battery-minerals belt.","description":"Nigeria's pegmatite fields carry spodumene, lepidolite, and rubidium-bearing micas alongside tin and tantalum in a corridor through Nasarawa, Kogi, Kwara, Oyo, Ogun, and Ekiti. Demand from lithium-ion battery markets has made the country a new frontier: artisanal concentrate exports have begun alongside MoUs with Chinese and Western juniors for larger EPC projects.","lon":3.6,"lat":7.97,"statesCrossed":"[\"Nasarawa\",\"Kogi\",\"Kwara\",\"Oyo\",\"Ogun\",\"Ekiti\",\"Ondo\",\"Plateau\"]","reserveNote":"Early-stage; numerous pegmatites supporting small-scale & proposed large-scale","productionNote":"Artisanal spodumene/lepidolite concentrate exports; JV DMS plants planned","type":"LCT pegmatites (lithium-cesium-tantalum): spodumene, lepidolite, amblygonite","economy":"Battery mineral aspirant; MoUs for domestic lithium hydroxide refining.","climate":"Guinea savanna with upland pegmatite belts.","landmarks":"[\"Nasarawa pegmatite fields (Keana, Obi, Wamba)\",\"Kogi (Kabba, Isanlu-pegmatite belts)\",\"Kwara/Oyo rare metals province\"]","highlights":"[\"Fast-growing lithium frontier\",\"Spodumene + LCT pegmatites\",\"Battery refinery MoUs\"]","wikiUrl":"https://en.wikipedia.org/wiki/Lithium_mining","products":"[\"Lithium-ion battery cells – EVs, residential storage, telecom backup, grid-scale\",\"Lithium hydroxide & lithium carbonate – cathode precursor salts (NMC, LFP, LCO)\",\"Tantalum electrolytic capacitors – consumer electronics, 5G base stations, automotive\",\"Niobium HSLA steel – oil & gas pipelines, structural, automotive high-strength steel\",\"Rubidium & caesium specialty electronics – atomic clocks, GPS, photoelectric cells\",\"Spodumene / lepidolite concentrates – feedstock for lithium refineries\",\"Rare-earth magnets (NdFeB) – EV motors, wind turbines, hard-disk drives, speakers\",\"Cerium / lanthanum catalysts – fluid catalytic cracking (FCC), automotive three-way catalysts\"]","locations":"[{\"state\":\"Nasarawa\",\"siteName\":\"Asaka lithium pegmatites\",\"lon\":8.32,\"lat\":8.65},{\"state\":\"Kogi\",\"siteName\":\"Kogi lithium pegmatites\",\"lon\":6.74,\"lat\":7.73},{\"state\":\"Kwara\",\"siteName\":\"Kwara lithium pegmatites\",\"lon\":4.55,\"lat\":8.5},{\"state\":\"Oyo\",\"siteName\":\"Iseyin lithium pegmatites\",\"lon\":3.6,\"lat\":7.97},{\"state\":\"Ogun\",\"siteName\":\"Ogun lithium pegmatites\",\"lon\":3.35,\"lat\":7},{\"state\":\"Ekiti\",\"siteName\":\"Ekiti lithium pegmatites\",\"lon\":5.22,\"lat\":7.66},{\"state\":\"Ondo\",\"siteName\":\"Ondo lithium pegmatites\",\"lon\":5.1,\"lat\":7.1},{\"state\":\"Plateau\",\"siteName\":\"Plateau lithium pegmatites\",\"lon\":9.22,\"lat\":9.22}]","resourceId":"resource-lithium","featureKind":"point","stateName":"Oyo","siteName":"Iseyin lithium pegmatites"},"geometry":{"type":"Point","coordinates":[3.6,7.97]}},{"type":"Feature","properties":{"layerId":"resources","kind":"resources","id":"resource-lithium-4","name":"Lithium & Rare Metals (Central / Nassarawa-Kogi-OGP)","resourceType":"lithium-rare","summary":"Subeconomic-to-economic lithium pegmatites in Nasarawa, Kogi, Kwara & Oyo — a fast-growing battery-minerals belt.","description":"Nigeria's pegmatite fields carry spodumene, lepidolite, and rubidium-bearing micas alongside tin and tantalum in a corridor through Nasarawa, Kogi, Kwara, Oyo, Ogun, and Ekiti. Demand from lithium-ion battery markets has made the country a new frontier: artisanal concentrate exports have begun alongside MoUs with Chinese and Western juniors for larger EPC projects.","lon":3.35,"lat":7,"statesCrossed":"[\"Nasarawa\",\"Kogi\",\"Kwara\",\"Oyo\",\"Ogun\",\"Ekiti\",\"Ondo\",\"Plateau\"]","reserveNote":"Early-stage; numerous pegmatites supporting small-scale & proposed large-scale","productionNote":"Artisanal spodumene/lepidolite concentrate exports; JV DMS plants planned","type":"LCT pegmatites (lithium-cesium-tantalum): spodumene, lepidolite, amblygonite","economy":"Battery mineral aspirant; MoUs for domestic lithium hydroxide refining.","climate":"Guinea savanna with upland pegmatite belts.","landmarks":"[\"Nasarawa pegmatite fields (Keana, Obi, Wamba)\",\"Kogi (Kabba, Isanlu-pegmatite belts)\",\"Kwara/Oyo rare metals province\"]","highlights":"[\"Fast-growing lithium frontier\",\"Spodumene + LCT pegmatites\",\"Battery refinery MoUs\"]","wikiUrl":"https://en.wikipedia.org/wiki/Lithium_mining","products":"[\"Lithium-ion battery cells – EVs, residential storage, telecom backup, grid-scale\",\"Lithium hydroxide & lithium carbonate – cathode precursor salts (NMC, LFP, LCO)\",\"Tantalum electrolytic capacitors – consumer electronics, 5G base stations, automotive\",\"Niobium HSLA steel – oil & gas pipelines, structural, automotive high-strength steel\",\"Rubidium & caesium specialty electronics – atomic clocks, GPS, photoelectric cells\",\"Spodumene / lepidolite concentrates – feedstock for lithium refineries\",\"Rare-earth magnets (NdFeB) – EV motors, wind turbines, hard-disk drives, speakers\",\"Cerium / lanthanum catalysts – fluid catalytic cracking (FCC), automotive three-way catalysts\"]","locations":"[{\"state\":\"Nasarawa\",\"siteName\":\"Asaka lithium pegmatites\",\"lon\":8.32,\"lat\":8.65},{\"state\":\"Kogi\",\"siteName\":\"Kogi lithium pegmatites\",\"lon\":6.74,\"lat\":7.73},{\"state\":\"Kwara\",\"siteName\":\"Kwara lithium pegmatites\",\"lon\":4.55,\"lat\":8.5},{\"state\":\"Oyo\",\"siteName\":\"Iseyin lithium pegmatites\",\"lon\":3.6,\"lat\":7.97},{\"state\":\"Ogun\",\"siteName\":\"Ogun lithium pegmatites\",\"lon\":3.35,\"lat\":7},{\"state\":\"Ekiti\",\"siteName\":\"Ekiti lithium pegmatites\",\"lon\":5.22,\"lat\":7.66},{\"state\":\"Ondo\",\"siteName\":\"Ondo lithium pegmatites\",\"lon\":5.1,\"lat\":7.1},{\"state\":\"Plateau\",\"siteName\":\"Plateau lithium pegmatites\",\"lon\":9.22,\"lat\":9.22}]","resourceId":"resource-lithium","featureKind":"point","stateName":"Ogun","siteName":"Ogun lithium pegmatites"},"geometry":{"type":"Point","coordinates":[3.35,7]}},{"type":"Feature","properties":{"layerId":"resources","kind":"resources","id":"resource-lithium-5","name":"Lithium & Rare Metals (Central / Nassarawa-Kogi-OGP)","resourceType":"lithium-rare","summary":"Subeconomic-to-economic lithium pegmatites in Nasarawa, Kogi, Kwara & Oyo — a fast-growing battery-minerals belt.","description":"Nigeria's pegmatite fields carry spodumene, lepidolite, and rubidium-bearing micas alongside tin and tantalum in a corridor through Nasarawa, Kogi, Kwara, Oyo, Ogun, and Ekiti. Demand from lithium-ion battery markets has made the country a new frontier: artisanal concentrate exports have begun alongside MoUs with Chinese and Western juniors for larger EPC projects.","lon":5.22,"lat":7.66,"statesCrossed":"[\"Nasarawa\",\"Kogi\",\"Kwara\",\"Oyo\",\"Ogun\",\"Ekiti\",\"Ondo\",\"Plateau\"]","reserveNote":"Early-stage; numerous pegmatites supporting small-scale & proposed large-scale","productionNote":"Artisanal spodumene/lepidolite concentrate exports; JV DMS plants planned","type":"LCT pegmatites (lithium-cesium-tantalum): spodumene, lepidolite, amblygonite","economy":"Battery mineral aspirant; MoUs for domestic lithium hydroxide refining.","climate":"Guinea savanna with upland pegmatite belts.","landmarks":"[\"Nasarawa pegmatite fields (Keana, Obi, Wamba)\",\"Kogi (Kabba, Isanlu-pegmatite belts)\",\"Kwara/Oyo rare metals province\"]","highlights":"[\"Fast-growing lithium frontier\",\"Spodumene + LCT pegmatites\",\"Battery refinery MoUs\"]","wikiUrl":"https://en.wikipedia.org/wiki/Lithium_mining","products":"[\"Lithium-ion battery cells – EVs, residential storage, telecom backup, grid-scale\",\"Lithium hydroxide & lithium carbonate – cathode precursor salts (NMC, LFP, LCO)\",\"Tantalum electrolytic capacitors – consumer electronics, 5G base stations, automotive\",\"Niobium HSLA steel – oil & gas pipelines, structural, automotive high-strength steel\",\"Rubidium & caesium specialty electronics – atomic clocks, GPS, photoelectric cells\",\"Spodumene / lepidolite concentrates – feedstock for lithium refineries\",\"Rare-earth magnets (NdFeB) – EV motors, wind turbines, hard-disk drives, speakers\",\"Cerium / lanthanum catalysts – fluid catalytic cracking (FCC), automotive three-way catalysts\"]","locations":"[{\"state\":\"Nasarawa\",\"siteName\":\"Asaka lithium pegmatites\",\"lon\":8.32,\"lat\":8.65},{\"state\":\"Kogi\",\"siteName\":\"Kogi lithium pegmatites\",\"lon\":6.74,\"lat\":7.73},{\"state\":\"Kwara\",\"siteName\":\"Kwara lithium pegmatites\",\"lon\":4.55,\"lat\":8.5},{\"state\":\"Oyo\",\"siteName\":\"Iseyin lithium pegmatites\",\"lon\":3.6,\"lat\":7.97},{\"state\":\"Ogun\",\"siteName\":\"Ogun lithium pegmatites\",\"lon\":3.35,\"lat\":7},{\"state\":\"Ekiti\",\"siteName\":\"Ekiti lithium pegmatites\",\"lon\":5.22,\"lat\":7.66},{\"state\":\"Ondo\",\"siteName\":\"Ondo lithium pegmatites\",\"lon\":5.1,\"lat\":7.1},{\"state\":\"Plateau\",\"siteName\":\"Plateau lithium pegmatites\",\"lon\":9.22,\"lat\":9.22}]","resourceId":"resource-lithium","featureKind":"point","stateName":"Ekiti","siteName":"Ekiti lithium pegmatites"},"geometry":{"type":"Point","coordinates":[5.22,7.66]}},{"type":"Feature","properties":{"layerId":"resources","kind":"resources","id":"resource-lithium-6","name":"Lithium & Rare Metals (Central / Nassarawa-Kogi-OGP)","resourceType":"lithium-rare","summary":"Subeconomic-to-economic lithium pegmatites in Nasarawa, Kogi, Kwara & Oyo — a fast-growing battery-minerals belt.","description":"Nigeria's pegmatite fields carry spodumene, lepidolite, and rubidium-bearing micas alongside tin and tantalum in a corridor through Nasarawa, Kogi, Kwara, Oyo, Ogun, and Ekiti. Demand from lithium-ion battery markets has made the country a new frontier: artisanal concentrate exports have begun alongside MoUs with Chinese and Western juniors for larger EPC projects.","lon":5.1,"lat":7.1,"statesCrossed":"[\"Nasarawa\",\"Kogi\",\"Kwara\",\"Oyo\",\"Ogun\",\"Ekiti\",\"Ondo\",\"Plateau\"]","reserveNote":"Early-stage; numerous pegmatites supporting small-scale & proposed large-scale","productionNote":"Artisanal spodumene/lepidolite concentrate exports; JV DMS plants planned","type":"LCT pegmatites (lithium-cesium-tantalum): spodumene, lepidolite, amblygonite","economy":"Battery mineral aspirant; MoUs for domestic lithium hydroxide refining.","climate":"Guinea savanna with upland pegmatite belts.","landmarks":"[\"Nasarawa pegmatite fields (Keana, Obi, Wamba)\",\"Kogi (Kabba, Isanlu-pegmatite belts)\",\"Kwara/Oyo rare metals province\"]","highlights":"[\"Fast-growing lithium frontier\",\"Spodumene + LCT pegmatites\",\"Battery refinery MoUs\"]","wikiUrl":"https://en.wikipedia.org/wiki/Lithium_mining","products":"[\"Lithium-ion battery cells – EVs, residential storage, telecom backup, grid-scale\",\"Lithium hydroxide & lithium carbonate – cathode precursor salts (NMC, LFP, LCO)\",\"Tantalum electrolytic capacitors – consumer electronics, 5G base stations, automotive\",\"Niobium HSLA steel – oil & gas pipelines, structural, automotive high-strength steel\",\"Rubidium & caesium specialty electronics – atomic clocks, GPS, photoelectric cells\",\"Spodumene / lepidolite concentrates – feedstock for lithium refineries\",\"Rare-earth magnets (NdFeB) – EV motors, wind turbines, hard-disk drives, speakers\",\"Cerium / lanthanum catalysts – fluid catalytic cracking (FCC), automotive three-way catalysts\"]","locations":"[{\"state\":\"Nasarawa\",\"siteName\":\"Asaka lithium pegmatites\",\"lon\":8.32,\"lat\":8.65},{\"state\":\"Kogi\",\"siteName\":\"Kogi lithium pegmatites\",\"lon\":6.74,\"lat\":7.73},{\"state\":\"Kwara\",\"siteName\":\"Kwara lithium pegmatites\",\"lon\":4.55,\"lat\":8.5},{\"state\":\"Oyo\",\"siteName\":\"Iseyin lithium pegmatites\",\"lon\":3.6,\"lat\":7.97},{\"state\":\"Ogun\",\"siteName\":\"Ogun lithium pegmatites\",\"lon\":3.35,\"lat\":7},{\"state\":\"Ekiti\",\"siteName\":\"Ekiti lithium pegmatites\",\"lon\":5.22,\"lat\":7.66},{\"state\":\"Ondo\",\"siteName\":\"Ondo lithium pegmatites\",\"lon\":5.1,\"lat\":7.1},{\"state\":\"Plateau\",\"siteName\":\"Plateau lithium pegmatites\",\"lon\":9.22,\"lat\":9.22}]","resourceId":"resource-lithium","featureKind":"point","stateName":"Ondo","siteName":"Ondo lithium pegmatites"},"geometry":{"type":"Point","coordinates":[5.1,7.1]}},{"type":"Feature","properties":{"layerId":"resources","kind":"resources","id":"resource-lithium-7","name":"Lithium & Rare Metals (Central / Nassarawa-Kogi-OGP)","resourceType":"lithium-rare","summary":"Subeconomic-to-economic lithium pegmatites in Nasarawa, Kogi, Kwara & Oyo — a fast-growing battery-minerals belt.","description":"Nigeria's pegmatite fields carry spodumene, lepidolite, and rubidium-bearing micas alongside tin and tantalum in a corridor through Nasarawa, Kogi, Kwara, Oyo, Ogun, and Ekiti. Demand from lithium-ion battery markets has made the country a new frontier: artisanal concentrate exports have begun alongside MoUs with Chinese and Western juniors for larger EPC projects.","lon":9.22,"lat":9.22,"statesCrossed":"[\"Nasarawa\",\"Kogi\",\"Kwara\",\"Oyo\",\"Ogun\",\"Ekiti\",\"Ondo\",\"Plateau\"]","reserveNote":"Early-stage; numerous pegmatites supporting small-scale & proposed large-scale","productionNote":"Artisanal spodumene/lepidolite concentrate exports; JV DMS plants planned","type":"LCT pegmatites (lithium-cesium-tantalum): spodumene, lepidolite, amblygonite","economy":"Battery mineral aspirant; MoUs for domestic lithium hydroxide refining.","climate":"Guinea savanna with upland pegmatite belts.","landmarks":"[\"Nasarawa pegmatite fields (Keana, Obi, Wamba)\",\"Kogi (Kabba, Isanlu-pegmatite belts)\",\"Kwara/Oyo rare metals province\"]","highlights":"[\"Fast-growing lithium frontier\",\"Spodumene + LCT pegmatites\",\"Battery refinery MoUs\"]","wikiUrl":"https://en.wikipedia.org/wiki/Lithium_mining","products":"[\"Lithium-ion battery cells – EVs, residential storage, telecom backup, grid-scale\",\"Lithium hydroxide & lithium carbonate – cathode precursor salts (NMC, LFP, LCO)\",\"Tantalum electrolytic capacitors – consumer electronics, 5G base stations, automotive\",\"Niobium HSLA steel – oil & gas pipelines, structural, automotive high-strength steel\",\"Rubidium & caesium specialty electronics – atomic clocks, GPS, photoelectric cells\",\"Spodumene / lepidolite concentrates – feedstock for lithium refineries\",\"Rare-earth magnets (NdFeB) – EV motors, wind turbines, hard-disk drives, speakers\",\"Cerium / lanthanum catalysts – fluid catalytic cracking (FCC), automotive three-way catalysts\"]","locations":"[{\"state\":\"Nasarawa\",\"siteName\":\"Asaka lithium pegmatites\",\"lon\":8.32,\"lat\":8.65},{\"state\":\"Kogi\",\"siteName\":\"Kogi lithium pegmatites\",\"lon\":6.74,\"lat\":7.73},{\"state\":\"Kwara\",\"siteName\":\"Kwara lithium pegmatites\",\"lon\":4.55,\"lat\":8.5},{\"state\":\"Oyo\",\"siteName\":\"Iseyin lithium pegmatites\",\"lon\":3.6,\"lat\":7.97},{\"state\":\"Ogun\",\"siteName\":\"Ogun lithium pegmatites\",\"lon\":3.35,\"lat\":7},{\"state\":\"Ekiti\",\"siteName\":\"Ekiti lithium pegmatites\",\"lon\":5.22,\"lat\":7.66},{\"state\":\"Ondo\",\"siteName\":\"Ondo lithium pegmatites\",\"lon\":5.1,\"lat\":7.1},{\"state\":\"Plateau\",\"siteName\":\"Plateau lithium pegmatites\",\"lon\":9.22,\"lat\":9.22}]","resourceId":"resource-lithium","featureKind":"point","stateName":"Plateau","siteName":"Plateau lithium pegmatites"},"geometry":{"type":"Point","coordinates":[9.22,9.22]}},{"type":"Feature","properties":{"layerId":"resources","kind":"resources","id":"resource-marble-0","name":"Marble & Solid Minerals (Kwara, Bauchi, Ondo)","resourceType":"marble","summary":"Crystalline marble belts supporting cement, decoration, and agricultural-lime industries.","description":"Nigeria hosts commercial marble deposits in the Kabba-Koton-Karfe corridor (Kogi/Kwara), Jakusko (Yobe), and crystalline limestones at Ore (Ondo) and Buram (Bauchi/Gombe). These supply dimension-stone cladding, cement raw mix, and agricultural lime.","lon":4.5,"lat":9.13,"statesCrossed":"[\"Kwara\",\"Kogi\",\"Ondo\",\"Bauchi\",\"Gombe\",\"Yobe\"]","reserveNote":"Billions of tonnes of marble-grade carbonate rocks","productionNote":"Ore-industrial + ornamental dimension-stone quarries","type":"Dolomitic & calcitic marbles; crystalline limestones (Sokoto, Jakusko, Ore)","economy":"Cement mix, dimension stone, agricultural lime, sodium carbonate projects.","climate":"Guinea savanna upland belts.","landmarks":"[\"Kabba/Koton Karfe quarries\",\"Ore (Ondo) limestone/marble\",\"Jakusko marble (Yobe)\"]","highlights":"[\"Ornamental marble + cement blend\",\"Agricultural lime uplift\",\"Kabba corridors\"]","wikiUrl":"https://en.wikipedia.org/wiki/Marble","products":"[\"Dimension stone – polished floor tiles, wall cladding, stairs, vanity tops, countertops\",\"Cement raw-mix feed – high-calcium marble ground and blended with limestone\",\"Agricultural lime / soil conditioner – calcium carbonate for acid soils\",\"Ground calcium carbonate (GCC) – paint & coatings extender, paper filler, plastics\",\"Sculpture, monuments, headstones, and decorative architectural elements\",\"Soda ash (sodium carbonate) projects – glass and detergent feedstock\",\"Whiting / filler for rubber, adhesives, sealants, and cosmetic powders\",\"Table tops, window sills, facade panels, and mosaic / tile murals\"]","locations":"[{\"state\":\"Kwara\",\"siteName\":\"Igbetti/Jebba marble\",\"lon\":4.5,\"lat\":9.13},{\"state\":\"Kogi\",\"siteName\":\"Jakura marble\",\"lon\":6.3,\"lat\":7.9},{\"state\":\"Ondo\",\"siteName\":\"Ondo marble\",\"lon\":5.1,\"lat\":7.1},{\"state\":\"Bauchi\",\"siteName\":\"Bauchi marble\",\"lon\":9.84,\"lat\":10.5},{\"state\":\"Gombe\",\"siteName\":\"Gombe marble\",\"lon\":11.22,\"lat\":10.29},{\"state\":\"Yobe\",\"siteName\":\"Yobe marble\",\"lon\":11.72,\"lat\":12}]","resourceId":"resource-marble","featureKind":"point","stateName":"Kwara","siteName":"Igbetti/Jebba marble"},"geometry":{"type":"Point","coordinates":[4.5,9.13]}},{"type":"Feature","properties":{"layerId":"resources","kind":"resources","id":"resource-marble-1","name":"Marble & Solid Minerals (Kwara, Bauchi, Ondo)","resourceType":"marble","summary":"Crystalline marble belts supporting cement, decoration, and agricultural-lime industries.","description":"Nigeria hosts commercial marble deposits in the Kabba-Koton-Karfe corridor (Kogi/Kwara), Jakusko (Yobe), and crystalline limestones at Ore (Ondo) and Buram (Bauchi/Gombe). These supply dimension-stone cladding, cement raw mix, and agricultural lime.","lon":6.3,"lat":7.9,"statesCrossed":"[\"Kwara\",\"Kogi\",\"Ondo\",\"Bauchi\",\"Gombe\",\"Yobe\"]","reserveNote":"Billions of tonnes of marble-grade carbonate rocks","productionNote":"Ore-industrial + ornamental dimension-stone quarries","type":"Dolomitic & calcitic marbles; crystalline limestones (Sokoto, Jakusko, Ore)","economy":"Cement mix, dimension stone, agricultural lime, sodium carbonate projects.","climate":"Guinea savanna upland belts.","landmarks":"[\"Kabba/Koton Karfe quarries\",\"Ore (Ondo) limestone/marble\",\"Jakusko marble (Yobe)\"]","highlights":"[\"Ornamental marble + cement blend\",\"Agricultural lime uplift\",\"Kabba corridors\"]","wikiUrl":"https://en.wikipedia.org/wiki/Marble","products":"[\"Dimension stone – polished floor tiles, wall cladding, stairs, vanity tops, countertops\",\"Cement raw-mix feed – high-calcium marble ground and blended with limestone\",\"Agricultural lime / soil conditioner – calcium carbonate for acid soils\",\"Ground calcium carbonate (GCC) – paint & coatings extender, paper filler, plastics\",\"Sculpture, monuments, headstones, and decorative architectural elements\",\"Soda ash (sodium carbonate) projects – glass and detergent feedstock\",\"Whiting / filler for rubber, adhesives, sealants, and cosmetic powders\",\"Table tops, window sills, facade panels, and mosaic / tile murals\"]","locations":"[{\"state\":\"Kwara\",\"siteName\":\"Igbetti/Jebba marble\",\"lon\":4.5,\"lat\":9.13},{\"state\":\"Kogi\",\"siteName\":\"Jakura marble\",\"lon\":6.3,\"lat\":7.9},{\"state\":\"Ondo\",\"siteName\":\"Ondo marble\",\"lon\":5.1,\"lat\":7.1},{\"state\":\"Bauchi\",\"siteName\":\"Bauchi marble\",\"lon\":9.84,\"lat\":10.5},{\"state\":\"Gombe\",\"siteName\":\"Gombe marble\",\"lon\":11.22,\"lat\":10.29},{\"state\":\"Yobe\",\"siteName\":\"Yobe marble\",\"lon\":11.72,\"lat\":12}]","resourceId":"resource-marble","featureKind":"point","stateName":"Kogi","siteName":"Jakura marble"},"geometry":{"type":"Point","coordinates":[6.3,7.9]}},{"type":"Feature","properties":{"layerId":"resources","kind":"resources","id":"resource-marble-2","name":"Marble & Solid Minerals (Kwara, Bauchi, Ondo)","resourceType":"marble","summary":"Crystalline marble belts supporting cement, decoration, and agricultural-lime industries.","description":"Nigeria hosts commercial marble deposits in the Kabba-Koton-Karfe corridor (Kogi/Kwara), Jakusko (Yobe), and crystalline limestones at Ore (Ondo) and Buram (Bauchi/Gombe). These supply dimension-stone cladding, cement raw mix, and agricultural lime.","lon":5.1,"lat":7.1,"statesCrossed":"[\"Kwara\",\"Kogi\",\"Ondo\",\"Bauchi\",\"Gombe\",\"Yobe\"]","reserveNote":"Billions of tonnes of marble-grade carbonate rocks","productionNote":"Ore-industrial + ornamental dimension-stone quarries","type":"Dolomitic & calcitic marbles; crystalline limestones (Sokoto, Jakusko, Ore)","economy":"Cement mix, dimension stone, agricultural lime, sodium carbonate projects.","climate":"Guinea savanna upland belts.","landmarks":"[\"Kabba/Koton Karfe quarries\",\"Ore (Ondo) limestone/marble\",\"Jakusko marble (Yobe)\"]","highlights":"[\"Ornamental marble + cement blend\",\"Agricultural lime uplift\",\"Kabba corridors\"]","wikiUrl":"https://en.wikipedia.org/wiki/Marble","products":"[\"Dimension stone – polished floor tiles, wall cladding, stairs, vanity tops, countertops\",\"Cement raw-mix feed – high-calcium marble ground and blended with limestone\",\"Agricultural lime / soil conditioner – calcium carbonate for acid soils\",\"Ground calcium carbonate (GCC) – paint & coatings extender, paper filler, plastics\",\"Sculpture, monuments, headstones, and decorative architectural elements\",\"Soda ash (sodium carbonate) projects – glass and detergent feedstock\",\"Whiting / filler for rubber, adhesives, sealants, and cosmetic powders\",\"Table tops, window sills, facade panels, and mosaic / tile murals\"]","locations":"[{\"state\":\"Kwara\",\"siteName\":\"Igbetti/Jebba marble\",\"lon\":4.5,\"lat\":9.13},{\"state\":\"Kogi\",\"siteName\":\"Jakura marble\",\"lon\":6.3,\"lat\":7.9},{\"state\":\"Ondo\",\"siteName\":\"Ondo marble\",\"lon\":5.1,\"lat\":7.1},{\"state\":\"Bauchi\",\"siteName\":\"Bauchi marble\",\"lon\":9.84,\"lat\":10.5},{\"state\":\"Gombe\",\"siteName\":\"Gombe marble\",\"lon\":11.22,\"lat\":10.29},{\"state\":\"Yobe\",\"siteName\":\"Yobe marble\",\"lon\":11.72,\"lat\":12}]","resourceId":"resource-marble","featureKind":"point","stateName":"Ondo","siteName":"Ondo marble"},"geometry":{"type":"Point","coordinates":[5.1,7.1]}},{"type":"Feature","properties":{"layerId":"resources","kind":"resources","id":"resource-marble-3","name":"Marble & Solid Minerals (Kwara, Bauchi, Ondo)","resourceType":"marble","summary":"Crystalline marble belts supporting cement, decoration, and agricultural-lime industries.","description":"Nigeria hosts commercial marble deposits in the Kabba-Koton-Karfe corridor (Kogi/Kwara), Jakusko (Yobe), and crystalline limestones at Ore (Ondo) and Buram (Bauchi/Gombe). These supply dimension-stone cladding, cement raw mix, and agricultural lime.","lon":9.84,"lat":10.5,"statesCrossed":"[\"Kwara\",\"Kogi\",\"Ondo\",\"Bauchi\",\"Gombe\",\"Yobe\"]","reserveNote":"Billions of tonnes of marble-grade carbonate rocks","productionNote":"Ore-industrial + ornamental dimension-stone quarries","type":"Dolomitic & calcitic marbles; crystalline limestones (Sokoto, Jakusko, Ore)","economy":"Cement mix, dimension stone, agricultural lime, sodium carbonate projects.","climate":"Guinea savanna upland belts.","landmarks":"[\"Kabba/Koton Karfe quarries\",\"Ore (Ondo) limestone/marble\",\"Jakusko marble (Yobe)\"]","highlights":"[\"Ornamental marble + cement blend\",\"Agricultural lime uplift\",\"Kabba corridors\"]","wikiUrl":"https://en.wikipedia.org/wiki/Marble","products":"[\"Dimension stone – polished floor tiles, wall cladding, stairs, vanity tops, countertops\",\"Cement raw-mix feed – high-calcium marble ground and blended with limestone\",\"Agricultural lime / soil conditioner – calcium carbonate for acid soils\",\"Ground calcium carbonate (GCC) – paint & coatings extender, paper filler, plastics\",\"Sculpture, monuments, headstones, and decorative architectural elements\",\"Soda ash (sodium carbonate) projects – glass and detergent feedstock\",\"Whiting / filler for rubber, adhesives, sealants, and cosmetic powders\",\"Table tops, window sills, facade panels, and mosaic / tile murals\"]","locations":"[{\"state\":\"Kwara\",\"siteName\":\"Igbetti/Jebba marble\",\"lon\":4.5,\"lat\":9.13},{\"state\":\"Kogi\",\"siteName\":\"Jakura marble\",\"lon\":6.3,\"lat\":7.9},{\"state\":\"Ondo\",\"siteName\":\"Ondo marble\",\"lon\":5.1,\"lat\":7.1},{\"state\":\"Bauchi\",\"siteName\":\"Bauchi marble\",\"lon\":9.84,\"lat\":10.5},{\"state\":\"Gombe\",\"siteName\":\"Gombe marble\",\"lon\":11.22,\"lat\":10.29},{\"state\":\"Yobe\",\"siteName\":\"Yobe marble\",\"lon\":11.72,\"lat\":12}]","resourceId":"resource-marble","featureKind":"point","stateName":"Bauchi","siteName":"Bauchi marble"},"geometry":{"type":"Point","coordinates":[9.84,10.5]}},{"type":"Feature","properties":{"layerId":"resources","kind":"resources","id":"resource-marble-4","name":"Marble & Solid Minerals (Kwara, Bauchi, Ondo)","resourceType":"marble","summary":"Crystalline marble belts supporting cement, decoration, and agricultural-lime industries.","description":"Nigeria hosts commercial marble deposits in the Kabba-Koton-Karfe corridor (Kogi/Kwara), Jakusko (Yobe), and crystalline limestones at Ore (Ondo) and Buram (Bauchi/Gombe). These supply dimension-stone cladding, cement raw mix, and agricultural lime.","lon":11.22,"lat":10.29,"statesCrossed":"[\"Kwara\",\"Kogi\",\"Ondo\",\"Bauchi\",\"Gombe\",\"Yobe\"]","reserveNote":"Billions of tonnes of marble-grade carbonate rocks","productionNote":"Ore-industrial + ornamental dimension-stone quarries","type":"Dolomitic & calcitic marbles; crystalline limestones (Sokoto, Jakusko, Ore)","economy":"Cement mix, dimension stone, agricultural lime, sodium carbonate projects.","climate":"Guinea savanna upland belts.","landmarks":"[\"Kabba/Koton Karfe quarries\",\"Ore (Ondo) limestone/marble\",\"Jakusko marble (Yobe)\"]","highlights":"[\"Ornamental marble + cement blend\",\"Agricultural lime uplift\",\"Kabba corridors\"]","wikiUrl":"https://en.wikipedia.org/wiki/Marble","products":"[\"Dimension stone – polished floor tiles, wall cladding, stairs, vanity tops, countertops\",\"Cement raw-mix feed – high-calcium marble ground and blended with limestone\",\"Agricultural lime / soil conditioner – calcium carbonate for acid soils\",\"Ground calcium carbonate (GCC) – paint & coatings extender, paper filler, plastics\",\"Sculpture, monuments, headstones, and decorative architectural elements\",\"Soda ash (sodium carbonate) projects – glass and detergent feedstock\",\"Whiting / filler for rubber, adhesives, sealants, and cosmetic powders\",\"Table tops, window sills, facade panels, and mosaic / tile murals\"]","locations":"[{\"state\":\"Kwara\",\"siteName\":\"Igbetti/Jebba marble\",\"lon\":4.5,\"lat\":9.13},{\"state\":\"Kogi\",\"siteName\":\"Jakura marble\",\"lon\":6.3,\"lat\":7.9},{\"state\":\"Ondo\",\"siteName\":\"Ondo marble\",\"lon\":5.1,\"lat\":7.1},{\"state\":\"Bauchi\",\"siteName\":\"Bauchi marble\",\"lon\":9.84,\"lat\":10.5},{\"state\":\"Gombe\",\"siteName\":\"Gombe marble\",\"lon\":11.22,\"lat\":10.29},{\"state\":\"Yobe\",\"siteName\":\"Yobe marble\",\"lon\":11.72,\"lat\":12}]","resourceId":"resource-marble","featureKind":"point","stateName":"Gombe","siteName":"Gombe marble"},"geometry":{"type":"Point","coordinates":[11.22,10.29]}},{"type":"Feature","properties":{"layerId":"resources","kind":"resources","id":"resource-marble-5","name":"Marble & Solid Minerals (Kwara, Bauchi, Ondo)","resourceType":"marble","summary":"Crystalline marble belts supporting cement, decoration, and agricultural-lime industries.","description":"Nigeria hosts commercial marble deposits in the Kabba-Koton-Karfe corridor (Kogi/Kwara), Jakusko (Yobe), and crystalline limestones at Ore (Ondo) and Buram (Bauchi/Gombe). These supply dimension-stone cladding, cement raw mix, and agricultural lime.","lon":11.72,"lat":12,"statesCrossed":"[\"Kwara\",\"Kogi\",\"Ondo\",\"Bauchi\",\"Gombe\",\"Yobe\"]","reserveNote":"Billions of tonnes of marble-grade carbonate rocks","productionNote":"Ore-industrial + ornamental dimension-stone quarries","type":"Dolomitic & calcitic marbles; crystalline limestones (Sokoto, Jakusko, Ore)","economy":"Cement mix, dimension stone, agricultural lime, sodium carbonate projects.","climate":"Guinea savanna upland belts.","landmarks":"[\"Kabba/Koton Karfe quarries\",\"Ore (Ondo) limestone/marble\",\"Jakusko marble (Yobe)\"]","highlights":"[\"Ornamental marble + cement blend\",\"Agricultural lime uplift\",\"Kabba corridors\"]","wikiUrl":"https://en.wikipedia.org/wiki/Marble","products":"[\"Dimension stone – polished floor tiles, wall cladding, stairs, vanity tops, countertops\",\"Cement raw-mix feed – high-calcium marble ground and blended with limestone\",\"Agricultural lime / soil conditioner – calcium carbonate for acid soils\",\"Ground calcium carbonate (GCC) – paint & coatings extender, paper filler, plastics\",\"Sculpture, monuments, headstones, and decorative architectural elements\",\"Soda ash (sodium carbonate) projects – glass and detergent feedstock\",\"Whiting / filler for rubber, adhesives, sealants, and cosmetic powders\",\"Table tops, window sills, facade panels, and mosaic / tile murals\"]","locations":"[{\"state\":\"Kwara\",\"siteName\":\"Igbetti/Jebba marble\",\"lon\":4.5,\"lat\":9.13},{\"state\":\"Kogi\",\"siteName\":\"Jakura marble\",\"lon\":6.3,\"lat\":7.9},{\"state\":\"Ondo\",\"siteName\":\"Ondo marble\",\"lon\":5.1,\"lat\":7.1},{\"state\":\"Bauchi\",\"siteName\":\"Bauchi marble\",\"lon\":9.84,\"lat\":10.5},{\"state\":\"Gombe\",\"siteName\":\"Gombe marble\",\"lon\":11.22,\"lat\":10.29},{\"state\":\"Yobe\",\"siteName\":\"Yobe marble\",\"lon\":11.72,\"lat\":12}]","resourceId":"resource-marble","featureKind":"point","stateName":"Yobe","siteName":"Yobe marble"},"geometry":{"type":"Point","coordinates":[11.72,12]}},{"type":"Feature","properties":{"layerId":"resources","kind":"resources","id":"resource-salt-0","name":"Salt & Potash (Lake Chad Basin, Nasarawa & Lagoon Evaporation)","resourceType":"salt-potash","summary":"Lake Chad solar salt pans, inland brines in Nasarawa/Benue, and Lagos lagoon-evaporation salt.","description":"Salt production in Nigeria comes from three sources: (1) solar evaporation in the Lake Chad–Komadougu Yobe basin, (2) inland salt springs and brine pans in Nasarawa (Keana), Benue, and Plateau, and (3) coastal lagoon-evaporation schemes around Lagos/Ogun. Domestic production falls short of demand, driving imports and Dangote-led industrial salt refineries (e.g., Lekki) tied to chlor-alkali and food-grade salt.","lon":13.15,"lat":11.83,"statesCrossed":"[\"Borno\",\"Yobe\",\"Nasarawa\",\"Benue\",\"Plateau\",\"Lagos\",\"Ogun\",\"Rivers\",\"Akwa Ibom\"]","reserveNote":"Huge saline lake + lagoon-evap potential; brine reserves Nasarawa","productionNote":"Artisanal solar salt + Dangote industrial refineries (Lekki, Calabar)","type":"Rock salt, sea/lagoon evaporation, brine springs; potash from lake-basin brines","economy":"Edible salt, chlor-alkali / caustic soda, leather tanning, fertiliser.","climate":"Sahel lake-basin in the north; equatorial lagoons in the south.","landmarks":"[\"Lake Chad salt pans (Borno/Yobe)\",\"Nasarawa Keana brine springs\",\"Lekki salt refinery (Dangote)\"]","highlights":"[\"Lake Chad solar salt\",\"Nasarawa brine belts\",\"Lagos industrial refineries\"]","wikiUrl":"https://en.wikipedia.org/wiki/Salt_industry","products":"[\"Edible / table salt – iodised cooking salt, food-grade sodium chloride\",\"Chlor-alkali industry – caustic soda (NaOH) + chlorine (Cl₂) electrolysis\",\"Polyvinyl chloride (PVC) feedstock – chlorine + ethylene from refineries\",\"Leather tanning – sodium chloride for pickling hides before chrome tannage\",\"Potash fertilisers (NPK blends) – potassium for cash crops (cocoa, oil palm, cereals)\",\"Soap & detergent manufacturing – soda ash feedstock and salt-based surfactants\",\"Water softening & de-icing salts – industrial boilers, highway maintenance\",\"Food preservation, curing brines, fermentation, and dyeing textiles\"]","locations":"[{\"state\":\"Borno\",\"siteName\":\"Lake Chad basin salt\",\"lon\":13.15,\"lat\":11.83},{\"state\":\"Yobe\",\"siteName\":\"Yobe salt flats\",\"lon\":11.72,\"lat\":12},{\"state\":\"Nasarawa\",\"siteName\":\"Keana/Awe salt\",\"lon\":8.4,\"lat\":8.15},{\"state\":\"Benue\",\"siteName\":\"Benue salt occurrences\",\"lon\":8.76,\"lat\":7.33},{\"state\":\"Plateau\",\"siteName\":\"Plateau salt occurrences\",\"lon\":9.22,\"lat\":9.22},{\"state\":\"Lagos\",\"siteName\":\"Lagos lagoon salt evaporation\",\"lon\":3.4,\"lat\":6.45},{\"state\":\"Ogun\",\"siteName\":\"Ogun salt evaporation\",\"lon\":3.35,\"lat\":7},{\"state\":\"Rivers\",\"siteName\":\"Rivers mangrove salt evaporation\",\"lon\":6.9,\"lat\":4.8},{\"state\":\"Akwa Ibom\",\"siteName\":\"Akwa Ibom salt evaporation\",\"lon\":7.85,\"lat\":4.9}]","resourceId":"resource-salt","featureKind":"point","stateName":"Borno","siteName":"Lake Chad basin salt"},"geometry":{"type":"Point","coordinates":[13.15,11.83]}},{"type":"Feature","properties":{"layerId":"resources","kind":"resources","id":"resource-salt-1","name":"Salt & Potash (Lake Chad Basin, Nasarawa & Lagoon Evaporation)","resourceType":"salt-potash","summary":"Lake Chad solar salt pans, inland brines in Nasarawa/Benue, and Lagos lagoon-evaporation salt.","description":"Salt production in Nigeria comes from three sources: (1) solar evaporation in the Lake Chad–Komadougu Yobe basin, (2) inland salt springs and brine pans in Nasarawa (Keana), Benue, and Plateau, and (3) coastal lagoon-evaporation schemes around Lagos/Ogun. Domestic production falls short of demand, driving imports and Dangote-led industrial salt refineries (e.g., Lekki) tied to chlor-alkali and food-grade salt.","lon":11.72,"lat":12,"statesCrossed":"[\"Borno\",\"Yobe\",\"Nasarawa\",\"Benue\",\"Plateau\",\"Lagos\",\"Ogun\",\"Rivers\",\"Akwa Ibom\"]","reserveNote":"Huge saline lake + lagoon-evap potential; brine reserves Nasarawa","productionNote":"Artisanal solar salt + Dangote industrial refineries (Lekki, Calabar)","type":"Rock salt, sea/lagoon evaporation, brine springs; potash from lake-basin brines","economy":"Edible salt, chlor-alkali / caustic soda, leather tanning, fertiliser.","climate":"Sahel lake-basin in the north; equatorial lagoons in the south.","landmarks":"[\"Lake Chad salt pans (Borno/Yobe)\",\"Nasarawa Keana brine springs\",\"Lekki salt refinery (Dangote)\"]","highlights":"[\"Lake Chad solar salt\",\"Nasarawa brine belts\",\"Lagos industrial refineries\"]","wikiUrl":"https://en.wikipedia.org/wiki/Salt_industry","products":"[\"Edible / table salt – iodised cooking salt, food-grade sodium chloride\",\"Chlor-alkali industry – caustic soda (NaOH) + chlorine (Cl₂) electrolysis\",\"Polyvinyl chloride (PVC) feedstock – chlorine + ethylene from refineries\",\"Leather tanning – sodium chloride for pickling hides before chrome tannage\",\"Potash fertilisers (NPK blends) – potassium for cash crops (cocoa, oil palm, cereals)\",\"Soap & detergent manufacturing – soda ash feedstock and salt-based surfactants\",\"Water softening & de-icing salts – industrial boilers, highway maintenance\",\"Food preservation, curing brines, fermentation, and dyeing textiles\"]","locations":"[{\"state\":\"Borno\",\"siteName\":\"Lake Chad basin salt\",\"lon\":13.15,\"lat\":11.83},{\"state\":\"Yobe\",\"siteName\":\"Yobe salt flats\",\"lon\":11.72,\"lat\":12},{\"state\":\"Nasarawa\",\"siteName\":\"Keana/Awe salt\",\"lon\":8.4,\"lat\":8.15},{\"state\":\"Benue\",\"siteName\":\"Benue salt occurrences\",\"lon\":8.76,\"lat\":7.33},{\"state\":\"Plateau\",\"siteName\":\"Plateau salt occurrences\",\"lon\":9.22,\"lat\":9.22},{\"state\":\"Lagos\",\"siteName\":\"Lagos lagoon salt evaporation\",\"lon\":3.4,\"lat\":6.45},{\"state\":\"Ogun\",\"siteName\":\"Ogun salt evaporation\",\"lon\":3.35,\"lat\":7},{\"state\":\"Rivers\",\"siteName\":\"Rivers mangrove salt evaporation\",\"lon\":6.9,\"lat\":4.8},{\"state\":\"Akwa Ibom\",\"siteName\":\"Akwa Ibom salt evaporation\",\"lon\":7.85,\"lat\":4.9}]","resourceId":"resource-salt","featureKind":"point","stateName":"Yobe","siteName":"Yobe salt flats"},"geometry":{"type":"Point","coordinates":[11.72,12]}},{"type":"Feature","properties":{"layerId":"resources","kind":"resources","id":"resource-salt-2","name":"Salt & Potash (Lake Chad Basin, Nasarawa & Lagoon Evaporation)","resourceType":"salt-potash","summary":"Lake Chad solar salt pans, inland brines in Nasarawa/Benue, and Lagos lagoon-evaporation salt.","description":"Salt production in Nigeria comes from three sources: (1) solar evaporation in the Lake Chad–Komadougu Yobe basin, (2) inland salt springs and brine pans in Nasarawa (Keana), Benue, and Plateau, and (3) coastal lagoon-evaporation schemes around Lagos/Ogun. Domestic production falls short of demand, driving imports and Dangote-led industrial salt refineries (e.g., Lekki) tied to chlor-alkali and food-grade salt.","lon":8.4,"lat":8.15,"statesCrossed":"[\"Borno\",\"Yobe\",\"Nasarawa\",\"Benue\",\"Plateau\",\"Lagos\",\"Ogun\",\"Rivers\",\"Akwa Ibom\"]","reserveNote":"Huge saline lake + lagoon-evap potential; brine reserves Nasarawa","productionNote":"Artisanal solar salt + Dangote industrial refineries (Lekki, Calabar)","type":"Rock salt, sea/lagoon evaporation, brine springs; potash from lake-basin brines","economy":"Edible salt, chlor-alkali / caustic soda, leather tanning, fertiliser.","climate":"Sahel lake-basin in the north; equatorial lagoons in the south.","landmarks":"[\"Lake Chad salt pans (Borno/Yobe)\",\"Nasarawa Keana brine springs\",\"Lekki salt refinery (Dangote)\"]","highlights":"[\"Lake Chad solar salt\",\"Nasarawa brine belts\",\"Lagos industrial refineries\"]","wikiUrl":"https://en.wikipedia.org/wiki/Salt_industry","products":"[\"Edible / table salt – iodised cooking salt, food-grade sodium chloride\",\"Chlor-alkali industry – caustic soda (NaOH) + chlorine (Cl₂) electrolysis\",\"Polyvinyl chloride (PVC) feedstock – chlorine + ethylene from refineries\",\"Leather tanning – sodium chloride for pickling hides before chrome tannage\",\"Potash fertilisers (NPK blends) – potassium for cash crops (cocoa, oil palm, cereals)\",\"Soap & detergent manufacturing – soda ash feedstock and salt-based surfactants\",\"Water softening & de-icing salts – industrial boilers, highway maintenance\",\"Food preservation, curing brines, fermentation, and dyeing textiles\"]","locations":"[{\"state\":\"Borno\",\"siteName\":\"Lake Chad basin salt\",\"lon\":13.15,\"lat\":11.83},{\"state\":\"Yobe\",\"siteName\":\"Yobe salt flats\",\"lon\":11.72,\"lat\":12},{\"state\":\"Nasarawa\",\"siteName\":\"Keana/Awe salt\",\"lon\":8.4,\"lat\":8.15},{\"state\":\"Benue\",\"siteName\":\"Benue salt occurrences\",\"lon\":8.76,\"lat\":7.33},{\"state\":\"Plateau\",\"siteName\":\"Plateau salt occurrences\",\"lon\":9.22,\"lat\":9.22},{\"state\":\"Lagos\",\"siteName\":\"Lagos lagoon salt evaporation\",\"lon\":3.4,\"lat\":6.45},{\"state\":\"Ogun\",\"siteName\":\"Ogun salt evaporation\",\"lon\":3.35,\"lat\":7},{\"state\":\"Rivers\",\"siteName\":\"Rivers mangrove salt evaporation\",\"lon\":6.9,\"lat\":4.8},{\"state\":\"Akwa Ibom\",\"siteName\":\"Akwa Ibom salt evaporation\",\"lon\":7.85,\"lat\":4.9}]","resourceId":"resource-salt","featureKind":"point","stateName":"Nasarawa","siteName":"Keana/Awe salt"},"geometry":{"type":"Point","coordinates":[8.4,8.15]}},{"type":"Feature","properties":{"layerId":"resources","kind":"resources","id":"resource-salt-3","name":"Salt & Potash (Lake Chad Basin, Nasarawa & Lagoon Evaporation)","resourceType":"salt-potash","summary":"Lake Chad solar salt pans, inland brines in Nasarawa/Benue, and Lagos lagoon-evaporation salt.","description":"Salt production in Nigeria comes from three sources: (1) solar evaporation in the Lake Chad–Komadougu Yobe basin, (2) inland salt springs and brine pans in Nasarawa (Keana), Benue, and Plateau, and (3) coastal lagoon-evaporation schemes around Lagos/Ogun. Domestic production falls short of demand, driving imports and Dangote-led industrial salt refineries (e.g., Lekki) tied to chlor-alkali and food-grade salt.","lon":8.76,"lat":7.33,"statesCrossed":"[\"Borno\",\"Yobe\",\"Nasarawa\",\"Benue\",\"Plateau\",\"Lagos\",\"Ogun\",\"Rivers\",\"Akwa Ibom\"]","reserveNote":"Huge saline lake + lagoon-evap potential; brine reserves Nasarawa","productionNote":"Artisanal solar salt + Dangote industrial refineries (Lekki, Calabar)","type":"Rock salt, sea/lagoon evaporation, brine springs; potash from lake-basin brines","economy":"Edible salt, chlor-alkali / caustic soda, leather tanning, fertiliser.","climate":"Sahel lake-basin in the north; equatorial lagoons in the south.","landmarks":"[\"Lake Chad salt pans (Borno/Yobe)\",\"Nasarawa Keana brine springs\",\"Lekki salt refinery (Dangote)\"]","highlights":"[\"Lake Chad solar salt\",\"Nasarawa brine belts\",\"Lagos industrial refineries\"]","wikiUrl":"https://en.wikipedia.org/wiki/Salt_industry","products":"[\"Edible / table salt – iodised cooking salt, food-grade sodium chloride\",\"Chlor-alkali industry – caustic soda (NaOH) + chlorine (Cl₂) electrolysis\",\"Polyvinyl chloride (PVC) feedstock – chlorine + ethylene from refineries\",\"Leather tanning – sodium chloride for pickling hides before chrome tannage\",\"Potash fertilisers (NPK blends) – potassium for cash crops (cocoa, oil palm, cereals)\",\"Soap & detergent manufacturing – soda ash feedstock and salt-based surfactants\",\"Water softening & de-icing salts – industrial boilers, highway maintenance\",\"Food preservation, curing brines, fermentation, and dyeing textiles\"]","locations":"[{\"state\":\"Borno\",\"siteName\":\"Lake Chad basin salt\",\"lon\":13.15,\"lat\":11.83},{\"state\":\"Yobe\",\"siteName\":\"Yobe salt flats\",\"lon\":11.72,\"lat\":12},{\"state\":\"Nasarawa\",\"siteName\":\"Keana/Awe salt\",\"lon\":8.4,\"lat\":8.15},{\"state\":\"Benue\",\"siteName\":\"Benue salt occurrences\",\"lon\":8.76,\"lat\":7.33},{\"state\":\"Plateau\",\"siteName\":\"Plateau salt occurrences\",\"lon\":9.22,\"lat\":9.22},{\"state\":\"Lagos\",\"siteName\":\"Lagos lagoon salt evaporation\",\"lon\":3.4,\"lat\":6.45},{\"state\":\"Ogun\",\"siteName\":\"Ogun salt evaporation\",\"lon\":3.35,\"lat\":7},{\"state\":\"Rivers\",\"siteName\":\"Rivers mangrove salt evaporation\",\"lon\":6.9,\"lat\":4.8},{\"state\":\"Akwa Ibom\",\"siteName\":\"Akwa Ibom salt evaporation\",\"lon\":7.85,\"lat\":4.9}]","resourceId":"resource-salt","featureKind":"point","stateName":"Benue","siteName":"Benue salt occurrences"},"geometry":{"type":"Point","coordinates":[8.76,7.33]}},{"type":"Feature","properties":{"layerId":"resources","kind":"resources","id":"resource-salt-4","name":"Salt & Potash (Lake Chad Basin, Nasarawa & Lagoon Evaporation)","resourceType":"salt-potash","summary":"Lake Chad solar salt pans, inland brines in Nasarawa/Benue, and Lagos lagoon-evaporation salt.","description":"Salt production in Nigeria comes from three sources: (1) solar evaporation in the Lake Chad–Komadougu Yobe basin, (2) inland salt springs and brine pans in Nasarawa (Keana), Benue, and Plateau, and (3) coastal lagoon-evaporation schemes around Lagos/Ogun. Domestic production falls short of demand, driving imports and Dangote-led industrial salt refineries (e.g., Lekki) tied to chlor-alkali and food-grade salt.","lon":9.22,"lat":9.22,"statesCrossed":"[\"Borno\",\"Yobe\",\"Nasarawa\",\"Benue\",\"Plateau\",\"Lagos\",\"Ogun\",\"Rivers\",\"Akwa Ibom\"]","reserveNote":"Huge saline lake + lagoon-evap potential; brine reserves Nasarawa","productionNote":"Artisanal solar salt + Dangote industrial refineries (Lekki, Calabar)","type":"Rock salt, sea/lagoon evaporation, brine springs; potash from lake-basin brines","economy":"Edible salt, chlor-alkali / caustic soda, leather tanning, fertiliser.","climate":"Sahel lake-basin in the north; equatorial lagoons in the south.","landmarks":"[\"Lake Chad salt pans (Borno/Yobe)\",\"Nasarawa Keana brine springs\",\"Lekki salt refinery (Dangote)\"]","highlights":"[\"Lake Chad solar salt\",\"Nasarawa brine belts\",\"Lagos industrial refineries\"]","wikiUrl":"https://en.wikipedia.org/wiki/Salt_industry","products":"[\"Edible / table salt – iodised cooking salt, food-grade sodium chloride\",\"Chlor-alkali industry – caustic soda (NaOH) + chlorine (Cl₂) electrolysis\",\"Polyvinyl chloride (PVC) feedstock – chlorine + ethylene from refineries\",\"Leather tanning – sodium chloride for pickling hides before chrome tannage\",\"Potash fertilisers (NPK blends) – potassium for cash crops (cocoa, oil palm, cereals)\",\"Soap & detergent manufacturing – soda ash feedstock and salt-based surfactants\",\"Water softening & de-icing salts – industrial boilers, highway maintenance\",\"Food preservation, curing brines, fermentation, and dyeing textiles\"]","locations":"[{\"state\":\"Borno\",\"siteName\":\"Lake Chad basin salt\",\"lon\":13.15,\"lat\":11.83},{\"state\":\"Yobe\",\"siteName\":\"Yobe salt flats\",\"lon\":11.72,\"lat\":12},{\"state\":\"Nasarawa\",\"siteName\":\"Keana/Awe salt\",\"lon\":8.4,\"lat\":8.15},{\"state\":\"Benue\",\"siteName\":\"Benue salt occurrences\",\"lon\":8.76,\"lat\":7.33},{\"state\":\"Plateau\",\"siteName\":\"Plateau salt occurrences\",\"lon\":9.22,\"lat\":9.22},{\"state\":\"Lagos\",\"siteName\":\"Lagos lagoon salt evaporation\",\"lon\":3.4,\"lat\":6.45},{\"state\":\"Ogun\",\"siteName\":\"Ogun salt evaporation\",\"lon\":3.35,\"lat\":7},{\"state\":\"Rivers\",\"siteName\":\"Rivers mangrove salt evaporation\",\"lon\":6.9,\"lat\":4.8},{\"state\":\"Akwa Ibom\",\"siteName\":\"Akwa Ibom salt evaporation\",\"lon\":7.85,\"lat\":4.9}]","resourceId":"resource-salt","featureKind":"point","stateName":"Plateau","siteName":"Plateau salt occurrences"},"geometry":{"type":"Point","coordinates":[9.22,9.22]}},{"type":"Feature","properties":{"layerId":"resources","kind":"resources","id":"resource-salt-5","name":"Salt & Potash (Lake Chad Basin, Nasarawa & Lagoon Evaporation)","resourceType":"salt-potash","summary":"Lake Chad solar salt pans, inland brines in Nasarawa/Benue, and Lagos lagoon-evaporation salt.","description":"Salt production in Nigeria comes from three sources: (1) solar evaporation in the Lake Chad–Komadougu Yobe basin, (2) inland salt springs and brine pans in Nasarawa (Keana), Benue, and Plateau, and (3) coastal lagoon-evaporation schemes around Lagos/Ogun. Domestic production falls short of demand, driving imports and Dangote-led industrial salt refineries (e.g., Lekki) tied to chlor-alkali and food-grade salt.","lon":3.4,"lat":6.45,"statesCrossed":"[\"Borno\",\"Yobe\",\"Nasarawa\",\"Benue\",\"Plateau\",\"Lagos\",\"Ogun\",\"Rivers\",\"Akwa Ibom\"]","reserveNote":"Huge saline lake + lagoon-evap potential; brine reserves Nasarawa","productionNote":"Artisanal solar salt + Dangote industrial refineries (Lekki, Calabar)","type":"Rock salt, sea/lagoon evaporation, brine springs; potash from lake-basin brines","economy":"Edible salt, chlor-alkali / caustic soda, leather tanning, fertiliser.","climate":"Sahel lake-basin in the north; equatorial lagoons in the south.","landmarks":"[\"Lake Chad salt pans (Borno/Yobe)\",\"Nasarawa Keana brine springs\",\"Lekki salt refinery (Dangote)\"]","highlights":"[\"Lake Chad solar salt\",\"Nasarawa brine belts\",\"Lagos industrial refineries\"]","wikiUrl":"https://en.wikipedia.org/wiki/Salt_industry","products":"[\"Edible / table salt – iodised cooking salt, food-grade sodium chloride\",\"Chlor-alkali industry – caustic soda (NaOH) + chlorine (Cl₂) electrolysis\",\"Polyvinyl chloride (PVC) feedstock – chlorine + ethylene from refineries\",\"Leather tanning – sodium chloride for pickling hides before chrome tannage\",\"Potash fertilisers (NPK blends) – potassium for cash crops (cocoa, oil palm, cereals)\",\"Soap & detergent manufacturing – soda ash feedstock and salt-based surfactants\",\"Water softening & de-icing salts – industrial boilers, highway maintenance\",\"Food preservation, curing brines, fermentation, and dyeing textiles\"]","locations":"[{\"state\":\"Borno\",\"siteName\":\"Lake Chad basin salt\",\"lon\":13.15,\"lat\":11.83},{\"state\":\"Yobe\",\"siteName\":\"Yobe salt flats\",\"lon\":11.72,\"lat\":12},{\"state\":\"Nasarawa\",\"siteName\":\"Keana/Awe salt\",\"lon\":8.4,\"lat\":8.15},{\"state\":\"Benue\",\"siteName\":\"Benue salt occurrences\",\"lon\":8.76,\"lat\":7.33},{\"state\":\"Plateau\",\"siteName\":\"Plateau salt occurrences\",\"lon\":9.22,\"lat\":9.22},{\"state\":\"Lagos\",\"siteName\":\"Lagos lagoon salt evaporation\",\"lon\":3.4,\"lat\":6.45},{\"state\":\"Ogun\",\"siteName\":\"Ogun salt evaporation\",\"lon\":3.35,\"lat\":7},{\"state\":\"Rivers\",\"siteName\":\"Rivers mangrove salt evaporation\",\"lon\":6.9,\"lat\":4.8},{\"state\":\"Akwa Ibom\",\"siteName\":\"Akwa Ibom salt evaporation\",\"lon\":7.85,\"lat\":4.9}]","resourceId":"resource-salt","featureKind":"point","stateName":"Lagos","siteName":"Lagos lagoon salt evaporation"},"geometry":{"type":"Point","coordinates":[3.4,6.45]}},{"type":"Feature","properties":{"layerId":"resources","kind":"resources","id":"resource-salt-6","name":"Salt & Potash (Lake Chad Basin, Nasarawa & Lagoon Evaporation)","resourceType":"salt-potash","summary":"Lake Chad solar salt pans, inland brines in Nasarawa/Benue, and Lagos lagoon-evaporation salt.","description":"Salt production in Nigeria comes from three sources: (1) solar evaporation in the Lake Chad–Komadougu Yobe basin, (2) inland salt springs and brine pans in Nasarawa (Keana), Benue, and Plateau, and (3) coastal lagoon-evaporation schemes around Lagos/Ogun. Domestic production falls short of demand, driving imports and Dangote-led industrial salt refineries (e.g., Lekki) tied to chlor-alkali and food-grade salt.","lon":3.35,"lat":7,"statesCrossed":"[\"Borno\",\"Yobe\",\"Nasarawa\",\"Benue\",\"Plateau\",\"Lagos\",\"Ogun\",\"Rivers\",\"Akwa Ibom\"]","reserveNote":"Huge saline lake + lagoon-evap potential; brine reserves Nasarawa","productionNote":"Artisanal solar salt + Dangote industrial refineries (Lekki, Calabar)","type":"Rock salt, sea/lagoon evaporation, brine springs; potash from lake-basin brines","economy":"Edible salt, chlor-alkali / caustic soda, leather tanning, fertiliser.","climate":"Sahel lake-basin in the north; equatorial lagoons in the south.","landmarks":"[\"Lake Chad salt pans (Borno/Yobe)\",\"Nasarawa Keana brine springs\",\"Lekki salt refinery (Dangote)\"]","highlights":"[\"Lake Chad solar salt\",\"Nasarawa brine belts\",\"Lagos industrial refineries\"]","wikiUrl":"https://en.wikipedia.org/wiki/Salt_industry","products":"[\"Edible / table salt – iodised cooking salt, food-grade sodium chloride\",\"Chlor-alkali industry – caustic soda (NaOH) + chlorine (Cl₂) electrolysis\",\"Polyvinyl chloride (PVC) feedstock – chlorine + ethylene from refineries\",\"Leather tanning – sodium chloride for pickling hides before chrome tannage\",\"Potash fertilisers (NPK blends) – potassium for cash crops (cocoa, oil palm, cereals)\",\"Soap & detergent manufacturing – soda ash feedstock and salt-based surfactants\",\"Water softening & de-icing salts – industrial boilers, highway maintenance\",\"Food preservation, curing brines, fermentation, and dyeing textiles\"]","locations":"[{\"state\":\"Borno\",\"siteName\":\"Lake Chad basin salt\",\"lon\":13.15,\"lat\":11.83},{\"state\":\"Yobe\",\"siteName\":\"Yobe salt flats\",\"lon\":11.72,\"lat\":12},{\"state\":\"Nasarawa\",\"siteName\":\"Keana/Awe salt\",\"lon\":8.4,\"lat\":8.15},{\"state\":\"Benue\",\"siteName\":\"Benue salt occurrences\",\"lon\":8.76,\"lat\":7.33},{\"state\":\"Plateau\",\"siteName\":\"Plateau salt occurrences\",\"lon\":9.22,\"lat\":9.22},{\"state\":\"Lagos\",\"siteName\":\"Lagos lagoon salt evaporation\",\"lon\":3.4,\"lat\":6.45},{\"state\":\"Ogun\",\"siteName\":\"Ogun salt evaporation\",\"lon\":3.35,\"lat\":7},{\"state\":\"Rivers\",\"siteName\":\"Rivers mangrove salt evaporation\",\"lon\":6.9,\"lat\":4.8},{\"state\":\"Akwa Ibom\",\"siteName\":\"Akwa Ibom salt evaporation\",\"lon\":7.85,\"lat\":4.9}]","resourceId":"resource-salt","featureKind":"point","stateName":"Ogun","siteName":"Ogun salt evaporation"},"geometry":{"type":"Point","coordinates":[3.35,7]}},{"type":"Feature","properties":{"layerId":"resources","kind":"resources","id":"resource-salt-7","name":"Salt & Potash (Lake Chad Basin, Nasarawa & Lagoon Evaporation)","resourceType":"salt-potash","summary":"Lake Chad solar salt pans, inland brines in Nasarawa/Benue, and Lagos lagoon-evaporation salt.","description":"Salt production in Nigeria comes from three sources: (1) solar evaporation in the Lake Chad–Komadougu Yobe basin, (2) inland salt springs and brine pans in Nasarawa (Keana), Benue, and Plateau, and (3) coastal lagoon-evaporation schemes around Lagos/Ogun. Domestic production falls short of demand, driving imports and Dangote-led industrial salt refineries (e.g., Lekki) tied to chlor-alkali and food-grade salt.","lon":6.9,"lat":4.8,"statesCrossed":"[\"Borno\",\"Yobe\",\"Nasarawa\",\"Benue\",\"Plateau\",\"Lagos\",\"Ogun\",\"Rivers\",\"Akwa Ibom\"]","reserveNote":"Huge saline lake + lagoon-evap potential; brine reserves Nasarawa","productionNote":"Artisanal solar salt + Dangote industrial refineries (Lekki, Calabar)","type":"Rock salt, sea/lagoon evaporation, brine springs; potash from lake-basin brines","economy":"Edible salt, chlor-alkali / caustic soda, leather tanning, fertiliser.","climate":"Sahel lake-basin in the north; equatorial lagoons in the south.","landmarks":"[\"Lake Chad salt pans (Borno/Yobe)\",\"Nasarawa Keana brine springs\",\"Lekki salt refinery (Dangote)\"]","highlights":"[\"Lake Chad solar salt\",\"Nasarawa brine belts\",\"Lagos industrial refineries\"]","wikiUrl":"https://en.wikipedia.org/wiki/Salt_industry","products":"[\"Edible / table salt – iodised cooking salt, food-grade sodium chloride\",\"Chlor-alkali industry – caustic soda (NaOH) + chlorine (Cl₂) electrolysis\",\"Polyvinyl chloride (PVC) feedstock – chlorine + ethylene from refineries\",\"Leather tanning – sodium chloride for pickling hides before chrome tannage\",\"Potash fertilisers (NPK blends) – potassium for cash crops (cocoa, oil palm, cereals)\",\"Soap & detergent manufacturing – soda ash feedstock and salt-based surfactants\",\"Water softening & de-icing salts – industrial boilers, highway maintenance\",\"Food preservation, curing brines, fermentation, and dyeing textiles\"]","locations":"[{\"state\":\"Borno\",\"siteName\":\"Lake Chad basin salt\",\"lon\":13.15,\"lat\":11.83},{\"state\":\"Yobe\",\"siteName\":\"Yobe salt flats\",\"lon\":11.72,\"lat\":12},{\"state\":\"Nasarawa\",\"siteName\":\"Keana/Awe salt\",\"lon\":8.4,\"lat\":8.15},{\"state\":\"Benue\",\"siteName\":\"Benue salt occurrences\",\"lon\":8.76,\"lat\":7.33},{\"state\":\"Plateau\",\"siteName\":\"Plateau salt occurrences\",\"lon\":9.22,\"lat\":9.22},{\"state\":\"Lagos\",\"siteName\":\"Lagos lagoon salt evaporation\",\"lon\":3.4,\"lat\":6.45},{\"state\":\"Ogun\",\"siteName\":\"Ogun salt evaporation\",\"lon\":3.35,\"lat\":7},{\"state\":\"Rivers\",\"siteName\":\"Rivers mangrove salt evaporation\",\"lon\":6.9,\"lat\":4.8},{\"state\":\"Akwa Ibom\",\"siteName\":\"Akwa Ibom salt evaporation\",\"lon\":7.85,\"lat\":4.9}]","resourceId":"resource-salt","featureKind":"point","stateName":"Rivers","siteName":"Rivers mangrove salt evaporation"},"geometry":{"type":"Point","coordinates":[6.9,4.8]}},{"type":"Feature","properties":{"layerId":"resources","kind":"resources","id":"resource-salt-8","name":"Salt & Potash (Lake Chad Basin, Nasarawa & Lagoon Evaporation)","resourceType":"salt-potash","summary":"Lake Chad solar salt pans, inland brines in Nasarawa/Benue, and Lagos lagoon-evaporation salt.","description":"Salt production in Nigeria comes from three sources: (1) solar evaporation in the Lake Chad–Komadougu Yobe basin, (2) inland salt springs and brine pans in Nasarawa (Keana), Benue, and Plateau, and (3) coastal lagoon-evaporation schemes around Lagos/Ogun. Domestic production falls short of demand, driving imports and Dangote-led industrial salt refineries (e.g., Lekki) tied to chlor-alkali and food-grade salt.","lon":7.85,"lat":4.9,"statesCrossed":"[\"Borno\",\"Yobe\",\"Nasarawa\",\"Benue\",\"Plateau\",\"Lagos\",\"Ogun\",\"Rivers\",\"Akwa Ibom\"]","reserveNote":"Huge saline lake + lagoon-evap potential; brine reserves Nasarawa","productionNote":"Artisanal solar salt + Dangote industrial refineries (Lekki, Calabar)","type":"Rock salt, sea/lagoon evaporation, brine springs; potash from lake-basin brines","economy":"Edible salt, chlor-alkali / caustic soda, leather tanning, fertiliser.","climate":"Sahel lake-basin in the north; equatorial lagoons in the south.","landmarks":"[\"Lake Chad salt pans (Borno/Yobe)\",\"Nasarawa Keana brine springs\",\"Lekki salt refinery (Dangote)\"]","highlights":"[\"Lake Chad solar salt\",\"Nasarawa brine belts\",\"Lagos industrial refineries\"]","wikiUrl":"https://en.wikipedia.org/wiki/Salt_industry","products":"[\"Edible / table salt – iodised cooking salt, food-grade sodium chloride\",\"Chlor-alkali industry – caustic soda (NaOH) + chlorine (Cl₂) electrolysis\",\"Polyvinyl chloride (PVC) feedstock – chlorine + ethylene from refineries\",\"Leather tanning – sodium chloride for pickling hides before chrome tannage\",\"Potash fertilisers (NPK blends) – potassium for cash crops (cocoa, oil palm, cereals)\",\"Soap & detergent manufacturing – soda ash feedstock and salt-based surfactants\",\"Water softening & de-icing salts – industrial boilers, highway maintenance\",\"Food preservation, curing brines, fermentation, and dyeing textiles\"]","locations":"[{\"state\":\"Borno\",\"siteName\":\"Lake Chad basin salt\",\"lon\":13.15,\"lat\":11.83},{\"state\":\"Yobe\",\"siteName\":\"Yobe salt flats\",\"lon\":11.72,\"lat\":12},{\"state\":\"Nasarawa\",\"siteName\":\"Keana/Awe salt\",\"lon\":8.4,\"lat\":8.15},{\"state\":\"Benue\",\"siteName\":\"Benue salt occurrences\",\"lon\":8.76,\"lat\":7.33},{\"state\":\"Plateau\",\"siteName\":\"Plateau salt occurrences\",\"lon\":9.22,\"lat\":9.22},{\"state\":\"Lagos\",\"siteName\":\"Lagos lagoon salt evaporation\",\"lon\":3.4,\"lat\":6.45},{\"state\":\"Ogun\",\"siteName\":\"Ogun salt evaporation\",\"lon\":3.35,\"lat\":7},{\"state\":\"Rivers\",\"siteName\":\"Rivers mangrove salt evaporation\",\"lon\":6.9,\"lat\":4.8},{\"state\":\"Akwa Ibom\",\"siteName\":\"Akwa Ibom salt evaporation\",\"lon\":7.85,\"lat\":4.9}]","resourceId":"resource-salt","featureKind":"point","stateName":"Akwa Ibom","siteName":"Akwa Ibom salt evaporation"},"geometry":{"type":"Point","coordinates":[7.85,4.9]}},{"type":"Feature","properties":{"layerId":"resources","kind":"resources","id":"resource-bauxite-0","name":"Bauxite & Alumina (Mambilla / Adamawa Plateau Belt)","resourceType":"bauxite","summary":"Lateritic bauxite plateaus in Taraba, Adamawa, and Ekiti — feedstock for Nigerian aluminium smelters and export.","description":"Nigeria's bauxite occurs as duricrust lateritic caps on the Mambilla Plateau, the Adamawa highlands, the Jos Plateau outliers, and smaller deposits in Ekiti. Current small-scale production feeds the local aluminium extrusion industry, while NSIA-backed feasibility studies target a 1–2 Mtpa bauxite mine + integrated alumina refinery paired with Mambilla hydropower.","lon":11.3,"lat":6.9,"statesCrossed":"[\"Taraba\",\"Adamawa\",\"Plateau\",\"Nasarawa\",\"Ekiti\",\"Kogi\"]","reserveNote":"~900 Mt lateritic bauxite indicated; Mambilla alone ~350 Mt","productionNote":"Artisanal + small crushing; NSIA Mambilla bauxite–alumina projects in pre-FEED","type":"Gibbsite-boehmite lateritic bauxite on plateau surfaces; export-grade alumina potential","economy":"Aluminium metal feedstock, alumina refining, construction extrusion, and export concentrate.","climate":"Highland tropical; bauxite laterites require seasonal wet–dry leaching.","landmarks":"[\"Mambilla Plateau bauxite laterites (Taraba)\",\"Adamawa (Numan/Shelleng) bauxite caps\",\"Aluminium extrusion smelters (Ikeja, Port Harcourt)\"]","highlights":"[\"Mambilla Plateau bauxite belt\",\"NSIA alumina refinery (planned)\",\"Domestic aluminium extrusion supply\"]","wikiUrl":"https://en.wikipedia.org/wiki/Bauxite","products":"[\"Alumina (Al₂O₃) – Bayer process refinery output → feed for aluminium smelters\",\"Primary aluminium ingots (99.5–99.8%) – Hall–Héroult electrolytic smelting\",\"Aluminium extrusion profiles – window frames, doors, curtain walls, roofing, furniture\",\"Aluminium sheets & coils – beverage cans, foil, automotive panels, appliances\",\"Aluminium casting alloys (AlSi, AlMg) – engine blocks, transmission housings, wheels\",\"Calcined bauxite / refractory grade – high-alumina cement, ladle linings, kilns\",\"Aluminium chemicals (alums, aluminium sulphate) – water treatment, paper sizing, tanning\",\"Abrasives & polishing compounds – fused alumina for sandpapers & grinding wheels\"]","locations":"[{\"state\":\"Taraba\",\"siteName\":\"Mambilla Plateau bauxite\",\"lon\":11.3,\"lat\":6.9},{\"state\":\"Adamawa\",\"siteName\":\"Adamawa/Mambilla fringe bauxite\",\"lon\":12,\"lat\":7.2},{\"state\":\"Plateau\",\"siteName\":\"Plateau bauxite\",\"lon\":9.22,\"lat\":9.22},{\"state\":\"Nasarawa\",\"siteName\":\"Nasarawa bauxite\",\"lon\":8.53,\"lat\":8.53},{\"state\":\"Ekiti\",\"siteName\":\"Awo bauxite (Ekiti)\",\"lon\":5.22,\"lat\":7.66},{\"state\":\"Kogi\",\"siteName\":\"Kogi bauxite\",\"lon\":6.74,\"lat\":7.73}]","resourceId":"resource-bauxite","featureKind":"point","stateName":"Taraba","siteName":"Mambilla Plateau bauxite"},"geometry":{"type":"Point","coordinates":[11.3,6.9]}},{"type":"Feature","properties":{"layerId":"resources","kind":"resources","id":"resource-bauxite-1","name":"Bauxite & Alumina (Mambilla / Adamawa Plateau Belt)","resourceType":"bauxite","summary":"Lateritic bauxite plateaus in Taraba, Adamawa, and Ekiti — feedstock for Nigerian aluminium smelters and export.","description":"Nigeria's bauxite occurs as duricrust lateritic caps on the Mambilla Plateau, the Adamawa highlands, the Jos Plateau outliers, and smaller deposits in Ekiti. Current small-scale production feeds the local aluminium extrusion industry, while NSIA-backed feasibility studies target a 1–2 Mtpa bauxite mine + integrated alumina refinery paired with Mambilla hydropower.","lon":12,"lat":7.2,"statesCrossed":"[\"Taraba\",\"Adamawa\",\"Plateau\",\"Nasarawa\",\"Ekiti\",\"Kogi\"]","reserveNote":"~900 Mt lateritic bauxite indicated; Mambilla alone ~350 Mt","productionNote":"Artisanal + small crushing; NSIA Mambilla bauxite–alumina projects in pre-FEED","type":"Gibbsite-boehmite lateritic bauxite on plateau surfaces; export-grade alumina potential","economy":"Aluminium metal feedstock, alumina refining, construction extrusion, and export concentrate.","climate":"Highland tropical; bauxite laterites require seasonal wet–dry leaching.","landmarks":"[\"Mambilla Plateau bauxite laterites (Taraba)\",\"Adamawa (Numan/Shelleng) bauxite caps\",\"Aluminium extrusion smelters (Ikeja, Port Harcourt)\"]","highlights":"[\"Mambilla Plateau bauxite belt\",\"NSIA alumina refinery (planned)\",\"Domestic aluminium extrusion supply\"]","wikiUrl":"https://en.wikipedia.org/wiki/Bauxite","products":"[\"Alumina (Al₂O₃) – Bayer process refinery output → feed for aluminium smelters\",\"Primary aluminium ingots (99.5–99.8%) – Hall–Héroult electrolytic smelting\",\"Aluminium extrusion profiles – window frames, doors, curtain walls, roofing, furniture\",\"Aluminium sheets & coils – beverage cans, foil, automotive panels, appliances\",\"Aluminium casting alloys (AlSi, AlMg) – engine blocks, transmission housings, wheels\",\"Calcined bauxite / refractory grade – high-alumina cement, ladle linings, kilns\",\"Aluminium chemicals (alums, aluminium sulphate) – water treatment, paper sizing, tanning\",\"Abrasives & polishing compounds – fused alumina for sandpapers & grinding wheels\"]","locations":"[{\"state\":\"Taraba\",\"siteName\":\"Mambilla Plateau bauxite\",\"lon\":11.3,\"lat\":6.9},{\"state\":\"Adamawa\",\"siteName\":\"Adamawa/Mambilla fringe bauxite\",\"lon\":12,\"lat\":7.2},{\"state\":\"Plateau\",\"siteName\":\"Plateau bauxite\",\"lon\":9.22,\"lat\":9.22},{\"state\":\"Nasarawa\",\"siteName\":\"Nasarawa bauxite\",\"lon\":8.53,\"lat\":8.53},{\"state\":\"Ekiti\",\"siteName\":\"Awo bauxite (Ekiti)\",\"lon\":5.22,\"lat\":7.66},{\"state\":\"Kogi\",\"siteName\":\"Kogi bauxite\",\"lon\":6.74,\"lat\":7.73}]","resourceId":"resource-bauxite","featureKind":"point","stateName":"Adamawa","siteName":"Adamawa/Mambilla fringe bauxite"},"geometry":{"type":"Point","coordinates":[12,7.2]}},{"type":"Feature","properties":{"layerId":"resources","kind":"resources","id":"resource-bauxite-2","name":"Bauxite & Alumina (Mambilla / Adamawa Plateau Belt)","resourceType":"bauxite","summary":"Lateritic bauxite plateaus in Taraba, Adamawa, and Ekiti — feedstock for Nigerian aluminium smelters and export.","description":"Nigeria's bauxite occurs as duricrust lateritic caps on the Mambilla Plateau, the Adamawa highlands, the Jos Plateau outliers, and smaller deposits in Ekiti. Current small-scale production feeds the local aluminium extrusion industry, while NSIA-backed feasibility studies target a 1–2 Mtpa bauxite mine + integrated alumina refinery paired with Mambilla hydropower.","lon":9.22,"lat":9.22,"statesCrossed":"[\"Taraba\",\"Adamawa\",\"Plateau\",\"Nasarawa\",\"Ekiti\",\"Kogi\"]","reserveNote":"~900 Mt lateritic bauxite indicated; Mambilla alone ~350 Mt","productionNote":"Artisanal + small crushing; NSIA Mambilla bauxite–alumina projects in pre-FEED","type":"Gibbsite-boehmite lateritic bauxite on plateau surfaces; export-grade alumina potential","economy":"Aluminium metal feedstock, alumina refining, construction extrusion, and export concentrate.","climate":"Highland tropical; bauxite laterites require seasonal wet–dry leaching.","landmarks":"[\"Mambilla Plateau bauxite laterites (Taraba)\",\"Adamawa (Numan/Shelleng) bauxite caps\",\"Aluminium extrusion smelters (Ikeja, Port Harcourt)\"]","highlights":"[\"Mambilla Plateau bauxite belt\",\"NSIA alumina refinery (planned)\",\"Domestic aluminium extrusion supply\"]","wikiUrl":"https://en.wikipedia.org/wiki/Bauxite","products":"[\"Alumina (Al₂O₃) – Bayer process refinery output → feed for aluminium smelters\",\"Primary aluminium ingots (99.5–99.8%) – Hall–Héroult electrolytic smelting\",\"Aluminium extrusion profiles – window frames, doors, curtain walls, roofing, furniture\",\"Aluminium sheets & coils – beverage cans, foil, automotive panels, appliances\",\"Aluminium casting alloys (AlSi, AlMg) – engine blocks, transmission housings, wheels\",\"Calcined bauxite / refractory grade – high-alumina cement, ladle linings, kilns\",\"Aluminium chemicals (alums, aluminium sulphate) – water treatment, paper sizing, tanning\",\"Abrasives & polishing compounds – fused alumina for sandpapers & grinding wheels\"]","locations":"[{\"state\":\"Taraba\",\"siteName\":\"Mambilla Plateau bauxite\",\"lon\":11.3,\"lat\":6.9},{\"state\":\"Adamawa\",\"siteName\":\"Adamawa/Mambilla fringe bauxite\",\"lon\":12,\"lat\":7.2},{\"state\":\"Plateau\",\"siteName\":\"Plateau bauxite\",\"lon\":9.22,\"lat\":9.22},{\"state\":\"Nasarawa\",\"siteName\":\"Nasarawa bauxite\",\"lon\":8.53,\"lat\":8.53},{\"state\":\"Ekiti\",\"siteName\":\"Awo bauxite (Ekiti)\",\"lon\":5.22,\"lat\":7.66},{\"state\":\"Kogi\",\"siteName\":\"Kogi bauxite\",\"lon\":6.74,\"lat\":7.73}]","resourceId":"resource-bauxite","featureKind":"point","stateName":"Plateau","siteName":"Plateau bauxite"},"geometry":{"type":"Point","coordinates":[9.22,9.22]}},{"type":"Feature","properties":{"layerId":"resources","kind":"resources","id":"resource-bauxite-3","name":"Bauxite & Alumina (Mambilla / Adamawa Plateau Belt)","resourceType":"bauxite","summary":"Lateritic bauxite plateaus in Taraba, Adamawa, and Ekiti — feedstock for Nigerian aluminium smelters and export.","description":"Nigeria's bauxite occurs as duricrust lateritic caps on the Mambilla Plateau, the Adamawa highlands, the Jos Plateau outliers, and smaller deposits in Ekiti. Current small-scale production feeds the local aluminium extrusion industry, while NSIA-backed feasibility studies target a 1–2 Mtpa bauxite mine + integrated alumina refinery paired with Mambilla hydropower.","lon":8.53,"lat":8.53,"statesCrossed":"[\"Taraba\",\"Adamawa\",\"Plateau\",\"Nasarawa\",\"Ekiti\",\"Kogi\"]","reserveNote":"~900 Mt lateritic bauxite indicated; Mambilla alone ~350 Mt","productionNote":"Artisanal + small crushing; NSIA Mambilla bauxite–alumina projects in pre-FEED","type":"Gibbsite-boehmite lateritic bauxite on plateau surfaces; export-grade alumina potential","economy":"Aluminium metal feedstock, alumina refining, construction extrusion, and export concentrate.","climate":"Highland tropical; bauxite laterites require seasonal wet–dry leaching.","landmarks":"[\"Mambilla Plateau bauxite laterites (Taraba)\",\"Adamawa (Numan/Shelleng) bauxite caps\",\"Aluminium extrusion smelters (Ikeja, Port Harcourt)\"]","highlights":"[\"Mambilla Plateau bauxite belt\",\"NSIA alumina refinery (planned)\",\"Domestic aluminium extrusion supply\"]","wikiUrl":"https://en.wikipedia.org/wiki/Bauxite","products":"[\"Alumina (Al₂O₃) – Bayer process refinery output → feed for aluminium smelters\",\"Primary aluminium ingots (99.5–99.8%) – Hall–Héroult electrolytic smelting\",\"Aluminium extrusion profiles – window frames, doors, curtain walls, roofing, furniture\",\"Aluminium sheets & coils – beverage cans, foil, automotive panels, appliances\",\"Aluminium casting alloys (AlSi, AlMg) – engine blocks, transmission housings, wheels\",\"Calcined bauxite / refractory grade – high-alumina cement, ladle linings, kilns\",\"Aluminium chemicals (alums, aluminium sulphate) – water treatment, paper sizing, tanning\",\"Abrasives & polishing compounds – fused alumina for sandpapers & grinding wheels\"]","locations":"[{\"state\":\"Taraba\",\"siteName\":\"Mambilla Plateau bauxite\",\"lon\":11.3,\"lat\":6.9},{\"state\":\"Adamawa\",\"siteName\":\"Adamawa/Mambilla fringe bauxite\",\"lon\":12,\"lat\":7.2},{\"state\":\"Plateau\",\"siteName\":\"Plateau bauxite\",\"lon\":9.22,\"lat\":9.22},{\"state\":\"Nasarawa\",\"siteName\":\"Nasarawa bauxite\",\"lon\":8.53,\"lat\":8.53},{\"state\":\"Ekiti\",\"siteName\":\"Awo bauxite (Ekiti)\",\"lon\":5.22,\"lat\":7.66},{\"state\":\"Kogi\",\"siteName\":\"Kogi bauxite\",\"lon\":6.74,\"lat\":7.73}]","resourceId":"resource-bauxite","featureKind":"point","stateName":"Nasarawa","siteName":"Nasarawa bauxite"},"geometry":{"type":"Point","coordinates":[8.53,8.53]}},{"type":"Feature","properties":{"layerId":"resources","kind":"resources","id":"resource-bauxite-4","name":"Bauxite & Alumina (Mambilla / Adamawa Plateau Belt)","resourceType":"bauxite","summary":"Lateritic bauxite plateaus in Taraba, Adamawa, and Ekiti — feedstock for Nigerian aluminium smelters and export.","description":"Nigeria's bauxite occurs as duricrust lateritic caps on the Mambilla Plateau, the Adamawa highlands, the Jos Plateau outliers, and smaller deposits in Ekiti. Current small-scale production feeds the local aluminium extrusion industry, while NSIA-backed feasibility studies target a 1–2 Mtpa bauxite mine + integrated alumina refinery paired with Mambilla hydropower.","lon":5.22,"lat":7.66,"statesCrossed":"[\"Taraba\",\"Adamawa\",\"Plateau\",\"Nasarawa\",\"Ekiti\",\"Kogi\"]","reserveNote":"~900 Mt lateritic bauxite indicated; Mambilla alone ~350 Mt","productionNote":"Artisanal + small crushing; NSIA Mambilla bauxite–alumina projects in pre-FEED","type":"Gibbsite-boehmite lateritic bauxite on plateau surfaces; export-grade alumina potential","economy":"Aluminium metal feedstock, alumina refining, construction extrusion, and export concentrate.","climate":"Highland tropical; bauxite laterites require seasonal wet–dry leaching.","landmarks":"[\"Mambilla Plateau bauxite laterites (Taraba)\",\"Adamawa (Numan/Shelleng) bauxite caps\",\"Aluminium extrusion smelters (Ikeja, Port Harcourt)\"]","highlights":"[\"Mambilla Plateau bauxite belt\",\"NSIA alumina refinery (planned)\",\"Domestic aluminium extrusion supply\"]","wikiUrl":"https://en.wikipedia.org/wiki/Bauxite","products":"[\"Alumina (Al₂O₃) – Bayer process refinery output → feed for aluminium smelters\",\"Primary aluminium ingots (99.5–99.8%) – Hall–Héroult electrolytic smelting\",\"Aluminium extrusion profiles – window frames, doors, curtain walls, roofing, furniture\",\"Aluminium sheets & coils – beverage cans, foil, automotive panels, appliances\",\"Aluminium casting alloys (AlSi, AlMg) – engine blocks, transmission housings, wheels\",\"Calcined bauxite / refractory grade – high-alumina cement, ladle linings, kilns\",\"Aluminium chemicals (alums, aluminium sulphate) – water treatment, paper sizing, tanning\",\"Abrasives & polishing compounds – fused alumina for sandpapers & grinding wheels\"]","locations":"[{\"state\":\"Taraba\",\"siteName\":\"Mambilla Plateau bauxite\",\"lon\":11.3,\"lat\":6.9},{\"state\":\"Adamawa\",\"siteName\":\"Adamawa/Mambilla fringe bauxite\",\"lon\":12,\"lat\":7.2},{\"state\":\"Plateau\",\"siteName\":\"Plateau bauxite\",\"lon\":9.22,\"lat\":9.22},{\"state\":\"Nasarawa\",\"siteName\":\"Nasarawa bauxite\",\"lon\":8.53,\"lat\":8.53},{\"state\":\"Ekiti\",\"siteName\":\"Awo bauxite (Ekiti)\",\"lon\":5.22,\"lat\":7.66},{\"state\":\"Kogi\",\"siteName\":\"Kogi bauxite\",\"lon\":6.74,\"lat\":7.73}]","resourceId":"resource-bauxite","featureKind":"point","stateName":"Ekiti","siteName":"Awo bauxite (Ekiti)"},"geometry":{"type":"Point","coordinates":[5.22,7.66]}},{"type":"Feature","properties":{"layerId":"resources","kind":"resources","id":"resource-bauxite-5","name":"Bauxite & Alumina (Mambilla / Adamawa Plateau Belt)","resourceType":"bauxite","summary":"Lateritic bauxite plateaus in Taraba, Adamawa, and Ekiti — feedstock for Nigerian aluminium smelters and export.","description":"Nigeria's bauxite occurs as duricrust lateritic caps on the Mambilla Plateau, the Adamawa highlands, the Jos Plateau outliers, and smaller deposits in Ekiti. Current small-scale production feeds the local aluminium extrusion industry, while NSIA-backed feasibility studies target a 1–2 Mtpa bauxite mine + integrated alumina refinery paired with Mambilla hydropower.","lon":6.74,"lat":7.73,"statesCrossed":"[\"Taraba\",\"Adamawa\",\"Plateau\",\"Nasarawa\",\"Ekiti\",\"Kogi\"]","reserveNote":"~900 Mt lateritic bauxite indicated; Mambilla alone ~350 Mt","productionNote":"Artisanal + small crushing; NSIA Mambilla bauxite–alumina projects in pre-FEED","type":"Gibbsite-boehmite lateritic bauxite on plateau surfaces; export-grade alumina potential","economy":"Aluminium metal feedstock, alumina refining, construction extrusion, and export concentrate.","climate":"Highland tropical; bauxite laterites require seasonal wet–dry leaching.","landmarks":"[\"Mambilla Plateau bauxite laterites (Taraba)\",\"Adamawa (Numan/Shelleng) bauxite caps\",\"Aluminium extrusion smelters (Ikeja, Port Harcourt)\"]","highlights":"[\"Mambilla Plateau bauxite belt\",\"NSIA alumina refinery (planned)\",\"Domestic aluminium extrusion supply\"]","wikiUrl":"https://en.wikipedia.org/wiki/Bauxite","products":"[\"Alumina (Al₂O₃) – Bayer process refinery output → feed for aluminium smelters\",\"Primary aluminium ingots (99.5–99.8%) – Hall–Héroult electrolytic smelting\",\"Aluminium extrusion profiles – window frames, doors, curtain walls, roofing, furniture\",\"Aluminium sheets & coils – beverage cans, foil, automotive panels, appliances\",\"Aluminium casting alloys (AlSi, AlMg) – engine blocks, transmission housings, wheels\",\"Calcined bauxite / refractory grade – high-alumina cement, ladle linings, kilns\",\"Aluminium chemicals (alums, aluminium sulphate) – water treatment, paper sizing, tanning\",\"Abrasives & polishing compounds – fused alumina for sandpapers & grinding wheels\"]","locations":"[{\"state\":\"Taraba\",\"siteName\":\"Mambilla Plateau bauxite\",\"lon\":11.3,\"lat\":6.9},{\"state\":\"Adamawa\",\"siteName\":\"Adamawa/Mambilla fringe bauxite\",\"lon\":12,\"lat\":7.2},{\"state\":\"Plateau\",\"siteName\":\"Plateau bauxite\",\"lon\":9.22,\"lat\":9.22},{\"state\":\"Nasarawa\",\"siteName\":\"Nasarawa bauxite\",\"lon\":8.53,\"lat\":8.53},{\"state\":\"Ekiti\",\"siteName\":\"Awo bauxite (Ekiti)\",\"lon\":5.22,\"lat\":7.66},{\"state\":\"Kogi\",\"siteName\":\"Kogi bauxite\",\"lon\":6.74,\"lat\":7.73}]","resourceId":"resource-bauxite","featureKind":"point","stateName":"Kogi","siteName":"Kogi bauxite"},"geometry":{"type":"Point","coordinates":[6.74,7.73]}},{"type":"Feature","properties":{"layerId":"resources","kind":"resources","id":"resource-gemstones-0","name":"Gemstones (Sapphire, Ruby, Aquamarine, Tourmaline — Plateau & Kaduna)","resourceType":"gemstones","summary":"High-value coloured gemstone fields in Plateau, Kaduna, and Nasarawa — sapphire, ruby, aquamarine, tourmaline.","description":"Nigeria is an emerging coloured-gemstone producer. The Jos Plateau and neighbouring Kaduna/Nasarawa pegmatites and schists produce aquamarine, emerald, tourmaline, topaz, garnet, zircon, and pink/blue sapphire, with ruby deposits in the Mambilla (Taraba). Gemstone cutting is informal in Kaduna's lapidaries, but the Federal Ministry of Mines & Steel Development operates a gemstone certification lab to formalise the value chain.","lon":8.89,"lat":9.5,"statesCrossed":"[\"Plateau\",\"Kaduna\",\"Nasarawa\",\"Taraba\",\"Ekiti\",\"Oyo\",\"Kano\"]","reserveNote":"Gemstone-grade deposits widespread; not conventionally quantified as reserves","productionNote":"Artisanal small-scale mining + Kaduna lapidaries; formal certification growing","type":"Beryl (aquamarine/emerald), corundum (sapphire/ruby), tourmaline, topaz, garnet, zircon","economy":"Gemstone cutting, jewellery manufacturing, export of rough & cut stones, certification lab.","climate":"Highland tropical (Jos Plateau) to Sudan savanna; pegmatite and alluvial fields.","landmarks":"[\"Plateau Shendam / Bokkos aquamarine fields\",\"Kaduna gemstone lapidary district\",\"Federal Mines Gemstone Certification Laboratory (Abuja/Kaduna)\",\"Taraba Mambilla ruby occurrences\"]","highlights":"[\"Sapphire, ruby & aquamarine fields\",\"Jos Plateau pegmatite gem belt\",\"Kaduna lapidary & cutting hub\"]","wikiUrl":"https://en.wikipedia.org/wiki/Gemstone","products":"[\"Faceted cut gemstones (sapphire, ruby, emerald, aquamarine, tourmaline, topaz)\",\"Fine jewellery – rings, necklaces, earrings, bracelets, wedding sets (gold + gems)\",\"Cabochons – opaque/translucent stones (star sapphire, garnet, jasper) set in jewellery\",\"Gemstone beads – Nigerian traditional coral & gem beadwork for regalia\",\"Industrial / collector specimens – mineral crystal collections & museum-grade pieces\",\"Semi-precious inlay & mosaic tiles – decorative architectural stone cladding\",\"Certified rough exports – IGI/MGS-graded rough stones for overseas cutters\",\"Watch dials & luxury accessories – hardstone inlays for premium timepieces\"]","locations":"[{\"state\":\"Plateau\",\"siteName\":\"Jos/Mangu gemstone fields\",\"lon\":8.89,\"lat\":9.5},{\"state\":\"Kaduna\",\"siteName\":\"Kafanchan gemstone belt\",\"lon\":8.3,\"lat\":9.58},{\"state\":\"Nasarawa\",\"siteName\":\"Akwanga gemstones\",\"lon\":8.4,\"lat\":8.92},{\"state\":\"Taraba\",\"siteName\":\"Ibi gemstones\",\"lon\":9.75,\"lat\":8.18},{\"state\":\"Ekiti\",\"siteName\":\"Ekiti gemstones\",\"lon\":5.22,\"lat\":7.66},{\"state\":\"Oyo\",\"siteName\":\"Igbeti/Iseyin gemstones\",\"lon\":3.85,\"lat\":8.2},{\"state\":\"Kano\",\"siteName\":\"Kano gemstones\",\"lon\":8.52,\"lat\":11.92}]","resourceId":"resource-gemstones","featureKind":"point","stateName":"Plateau","siteName":"Jos/Mangu gemstone fields"},"geometry":{"type":"Point","coordinates":[8.89,9.5]}},{"type":"Feature","properties":{"layerId":"resources","kind":"resources","id":"resource-gemstones-1","name":"Gemstones (Sapphire, Ruby, Aquamarine, Tourmaline — Plateau & Kaduna)","resourceType":"gemstones","summary":"High-value coloured gemstone fields in Plateau, Kaduna, and Nasarawa — sapphire, ruby, aquamarine, tourmaline.","description":"Nigeria is an emerging coloured-gemstone producer. The Jos Plateau and neighbouring Kaduna/Nasarawa pegmatites and schists produce aquamarine, emerald, tourmaline, topaz, garnet, zircon, and pink/blue sapphire, with ruby deposits in the Mambilla (Taraba). Gemstone cutting is informal in Kaduna's lapidaries, but the Federal Ministry of Mines & Steel Development operates a gemstone certification lab to formalise the value chain.","lon":8.3,"lat":9.58,"statesCrossed":"[\"Plateau\",\"Kaduna\",\"Nasarawa\",\"Taraba\",\"Ekiti\",\"Oyo\",\"Kano\"]","reserveNote":"Gemstone-grade deposits widespread; not conventionally quantified as reserves","productionNote":"Artisanal small-scale mining + Kaduna lapidaries; formal certification growing","type":"Beryl (aquamarine/emerald), corundum (sapphire/ruby), tourmaline, topaz, garnet, zircon","economy":"Gemstone cutting, jewellery manufacturing, export of rough & cut stones, certification lab.","climate":"Highland tropical (Jos Plateau) to Sudan savanna; pegmatite and alluvial fields.","landmarks":"[\"Plateau Shendam / Bokkos aquamarine fields\",\"Kaduna gemstone lapidary district\",\"Federal Mines Gemstone Certification Laboratory (Abuja/Kaduna)\",\"Taraba Mambilla ruby occurrences\"]","highlights":"[\"Sapphire, ruby & aquamarine fields\",\"Jos Plateau pegmatite gem belt\",\"Kaduna lapidary & cutting hub\"]","wikiUrl":"https://en.wikipedia.org/wiki/Gemstone","products":"[\"Faceted cut gemstones (sapphire, ruby, emerald, aquamarine, tourmaline, topaz)\",\"Fine jewellery – rings, necklaces, earrings, bracelets, wedding sets (gold + gems)\",\"Cabochons – opaque/translucent stones (star sapphire, garnet, jasper) set in jewellery\",\"Gemstone beads – Nigerian traditional coral & gem beadwork for regalia\",\"Industrial / collector specimens – mineral crystal collections & museum-grade pieces\",\"Semi-precious inlay & mosaic tiles – decorative architectural stone cladding\",\"Certified rough exports – IGI/MGS-graded rough stones for overseas cutters\",\"Watch dials & luxury accessories – hardstone inlays for premium timepieces\"]","locations":"[{\"state\":\"Plateau\",\"siteName\":\"Jos/Mangu gemstone fields\",\"lon\":8.89,\"lat\":9.5},{\"state\":\"Kaduna\",\"siteName\":\"Kafanchan gemstone belt\",\"lon\":8.3,\"lat\":9.58},{\"state\":\"Nasarawa\",\"siteName\":\"Akwanga gemstones\",\"lon\":8.4,\"lat\":8.92},{\"state\":\"Taraba\",\"siteName\":\"Ibi gemstones\",\"lon\":9.75,\"lat\":8.18},{\"state\":\"Ekiti\",\"siteName\":\"Ekiti gemstones\",\"lon\":5.22,\"lat\":7.66},{\"state\":\"Oyo\",\"siteName\":\"Igbeti/Iseyin gemstones\",\"lon\":3.85,\"lat\":8.2},{\"state\":\"Kano\",\"siteName\":\"Kano gemstones\",\"lon\":8.52,\"lat\":11.92}]","resourceId":"resource-gemstones","featureKind":"point","stateName":"Kaduna","siteName":"Kafanchan gemstone belt"},"geometry":{"type":"Point","coordinates":[8.3,9.58]}},{"type":"Feature","properties":{"layerId":"resources","kind":"resources","id":"resource-gemstones-2","name":"Gemstones (Sapphire, Ruby, Aquamarine, Tourmaline — Plateau & Kaduna)","resourceType":"gemstones","summary":"High-value coloured gemstone fields in Plateau, Kaduna, and Nasarawa — sapphire, ruby, aquamarine, tourmaline.","description":"Nigeria is an emerging coloured-gemstone producer. The Jos Plateau and neighbouring Kaduna/Nasarawa pegmatites and schists produce aquamarine, emerald, tourmaline, topaz, garnet, zircon, and pink/blue sapphire, with ruby deposits in the Mambilla (Taraba). Gemstone cutting is informal in Kaduna's lapidaries, but the Federal Ministry of Mines & Steel Development operates a gemstone certification lab to formalise the value chain.","lon":8.4,"lat":8.92,"statesCrossed":"[\"Plateau\",\"Kaduna\",\"Nasarawa\",\"Taraba\",\"Ekiti\",\"Oyo\",\"Kano\"]","reserveNote":"Gemstone-grade deposits widespread; not conventionally quantified as reserves","productionNote":"Artisanal small-scale mining + Kaduna lapidaries; formal certification growing","type":"Beryl (aquamarine/emerald), corundum (sapphire/ruby), tourmaline, topaz, garnet, zircon","economy":"Gemstone cutting, jewellery manufacturing, export of rough & cut stones, certification lab.","climate":"Highland tropical (Jos Plateau) to Sudan savanna; pegmatite and alluvial fields.","landmarks":"[\"Plateau Shendam / Bokkos aquamarine fields\",\"Kaduna gemstone lapidary district\",\"Federal Mines Gemstone Certification Laboratory (Abuja/Kaduna)\",\"Taraba Mambilla ruby occurrences\"]","highlights":"[\"Sapphire, ruby & aquamarine fields\",\"Jos Plateau pegmatite gem belt\",\"Kaduna lapidary & cutting hub\"]","wikiUrl":"https://en.wikipedia.org/wiki/Gemstone","products":"[\"Faceted cut gemstones (sapphire, ruby, emerald, aquamarine, tourmaline, topaz)\",\"Fine jewellery – rings, necklaces, earrings, bracelets, wedding sets (gold + gems)\",\"Cabochons – opaque/translucent stones (star sapphire, garnet, jasper) set in jewellery\",\"Gemstone beads – Nigerian traditional coral & gem beadwork for regalia\",\"Industrial / collector specimens – mineral crystal collections & museum-grade pieces\",\"Semi-precious inlay & mosaic tiles – decorative architectural stone cladding\",\"Certified rough exports – IGI/MGS-graded rough stones for overseas cutters\",\"Watch dials & luxury accessories – hardstone inlays for premium timepieces\"]","locations":"[{\"state\":\"Plateau\",\"siteName\":\"Jos/Mangu gemstone fields\",\"lon\":8.89,\"lat\":9.5},{\"state\":\"Kaduna\",\"siteName\":\"Kafanchan gemstone belt\",\"lon\":8.3,\"lat\":9.58},{\"state\":\"Nasarawa\",\"siteName\":\"Akwanga gemstones\",\"lon\":8.4,\"lat\":8.92},{\"state\":\"Taraba\",\"siteName\":\"Ibi gemstones\",\"lon\":9.75,\"lat\":8.18},{\"state\":\"Ekiti\",\"siteName\":\"Ekiti gemstones\",\"lon\":5.22,\"lat\":7.66},{\"state\":\"Oyo\",\"siteName\":\"Igbeti/Iseyin gemstones\",\"lon\":3.85,\"lat\":8.2},{\"state\":\"Kano\",\"siteName\":\"Kano gemstones\",\"lon\":8.52,\"lat\":11.92}]","resourceId":"resource-gemstones","featureKind":"point","stateName":"Nasarawa","siteName":"Akwanga gemstones"},"geometry":{"type":"Point","coordinates":[8.4,8.92]}},{"type":"Feature","properties":{"layerId":"resources","kind":"resources","id":"resource-gemstones-3","name":"Gemstones (Sapphire, Ruby, Aquamarine, Tourmaline — Plateau & Kaduna)","resourceType":"gemstones","summary":"High-value coloured gemstone fields in Plateau, Kaduna, and Nasarawa — sapphire, ruby, aquamarine, tourmaline.","description":"Nigeria is an emerging coloured-gemstone producer. The Jos Plateau and neighbouring Kaduna/Nasarawa pegmatites and schists produce aquamarine, emerald, tourmaline, topaz, garnet, zircon, and pink/blue sapphire, with ruby deposits in the Mambilla (Taraba). Gemstone cutting is informal in Kaduna's lapidaries, but the Federal Ministry of Mines & Steel Development operates a gemstone certification lab to formalise the value chain.","lon":9.75,"lat":8.18,"statesCrossed":"[\"Plateau\",\"Kaduna\",\"Nasarawa\",\"Taraba\",\"Ekiti\",\"Oyo\",\"Kano\"]","reserveNote":"Gemstone-grade deposits widespread; not conventionally quantified as reserves","productionNote":"Artisanal small-scale mining + Kaduna lapidaries; formal certification growing","type":"Beryl (aquamarine/emerald), corundum (sapphire/ruby), tourmaline, topaz, garnet, zircon","economy":"Gemstone cutting, jewellery manufacturing, export of rough & cut stones, certification lab.","climate":"Highland tropical (Jos Plateau) to Sudan savanna; pegmatite and alluvial fields.","landmarks":"[\"Plateau Shendam / Bokkos aquamarine fields\",\"Kaduna gemstone lapidary district\",\"Federal Mines Gemstone Certification Laboratory (Abuja/Kaduna)\",\"Taraba Mambilla ruby occurrences\"]","highlights":"[\"Sapphire, ruby & aquamarine fields\",\"Jos Plateau pegmatite gem belt\",\"Kaduna lapidary & cutting hub\"]","wikiUrl":"https://en.wikipedia.org/wiki/Gemstone","products":"[\"Faceted cut gemstones (sapphire, ruby, emerald, aquamarine, tourmaline, topaz)\",\"Fine jewellery – rings, necklaces, earrings, bracelets, wedding sets (gold + gems)\",\"Cabochons – opaque/translucent stones (star sapphire, garnet, jasper) set in jewellery\",\"Gemstone beads – Nigerian traditional coral & gem beadwork for regalia\",\"Industrial / collector specimens – mineral crystal collections & museum-grade pieces\",\"Semi-precious inlay & mosaic tiles – decorative architectural stone cladding\",\"Certified rough exports – IGI/MGS-graded rough stones for overseas cutters\",\"Watch dials & luxury accessories – hardstone inlays for premium timepieces\"]","locations":"[{\"state\":\"Plateau\",\"siteName\":\"Jos/Mangu gemstone fields\",\"lon\":8.89,\"lat\":9.5},{\"state\":\"Kaduna\",\"siteName\":\"Kafanchan gemstone belt\",\"lon\":8.3,\"lat\":9.58},{\"state\":\"Nasarawa\",\"siteName\":\"Akwanga gemstones\",\"lon\":8.4,\"lat\":8.92},{\"state\":\"Taraba\",\"siteName\":\"Ibi gemstones\",\"lon\":9.75,\"lat\":8.18},{\"state\":\"Ekiti\",\"siteName\":\"Ekiti gemstones\",\"lon\":5.22,\"lat\":7.66},{\"state\":\"Oyo\",\"siteName\":\"Igbeti/Iseyin gemstones\",\"lon\":3.85,\"lat\":8.2},{\"state\":\"Kano\",\"siteName\":\"Kano gemstones\",\"lon\":8.52,\"lat\":11.92}]","resourceId":"resource-gemstones","featureKind":"point","stateName":"Taraba","siteName":"Ibi gemstones"},"geometry":{"type":"Point","coordinates":[9.75,8.18]}},{"type":"Feature","properties":{"layerId":"resources","kind":"resources","id":"resource-gemstones-4","name":"Gemstones (Sapphire, Ruby, Aquamarine, Tourmaline — Plateau & Kaduna)","resourceType":"gemstones","summary":"High-value coloured gemstone fields in Plateau, Kaduna, and Nasarawa — sapphire, ruby, aquamarine, tourmaline.","description":"Nigeria is an emerging coloured-gemstone producer. The Jos Plateau and neighbouring Kaduna/Nasarawa pegmatites and schists produce aquamarine, emerald, tourmaline, topaz, garnet, zircon, and pink/blue sapphire, with ruby deposits in the Mambilla (Taraba). Gemstone cutting is informal in Kaduna's lapidaries, but the Federal Ministry of Mines & Steel Development operates a gemstone certification lab to formalise the value chain.","lon":5.22,"lat":7.66,"statesCrossed":"[\"Plateau\",\"Kaduna\",\"Nasarawa\",\"Taraba\",\"Ekiti\",\"Oyo\",\"Kano\"]","reserveNote":"Gemstone-grade deposits widespread; not conventionally quantified as reserves","productionNote":"Artisanal small-scale mining + Kaduna lapidaries; formal certification growing","type":"Beryl (aquamarine/emerald), corundum (sapphire/ruby), tourmaline, topaz, garnet, zircon","economy":"Gemstone cutting, jewellery manufacturing, export of rough & cut stones, certification lab.","climate":"Highland tropical (Jos Plateau) to Sudan savanna; pegmatite and alluvial fields.","landmarks":"[\"Plateau Shendam / Bokkos aquamarine fields\",\"Kaduna gemstone lapidary district\",\"Federal Mines Gemstone Certification Laboratory (Abuja/Kaduna)\",\"Taraba Mambilla ruby occurrences\"]","highlights":"[\"Sapphire, ruby & aquamarine fields\",\"Jos Plateau pegmatite gem belt\",\"Kaduna lapidary & cutting hub\"]","wikiUrl":"https://en.wikipedia.org/wiki/Gemstone","products":"[\"Faceted cut gemstones (sapphire, ruby, emerald, aquamarine, tourmaline, topaz)\",\"Fine jewellery – rings, necklaces, earrings, bracelets, wedding sets (gold + gems)\",\"Cabochons – opaque/translucent stones (star sapphire, garnet, jasper) set in jewellery\",\"Gemstone beads – Nigerian traditional coral & gem beadwork for regalia\",\"Industrial / collector specimens – mineral crystal collections & museum-grade pieces\",\"Semi-precious inlay & mosaic tiles – decorative architectural stone cladding\",\"Certified rough exports – IGI/MGS-graded rough stones for overseas cutters\",\"Watch dials & luxury accessories – hardstone inlays for premium timepieces\"]","locations":"[{\"state\":\"Plateau\",\"siteName\":\"Jos/Mangu gemstone fields\",\"lon\":8.89,\"lat\":9.5},{\"state\":\"Kaduna\",\"siteName\":\"Kafanchan gemstone belt\",\"lon\":8.3,\"lat\":9.58},{\"state\":\"Nasarawa\",\"siteName\":\"Akwanga gemstones\",\"lon\":8.4,\"lat\":8.92},{\"state\":\"Taraba\",\"siteName\":\"Ibi gemstones\",\"lon\":9.75,\"lat\":8.18},{\"state\":\"Ekiti\",\"siteName\":\"Ekiti gemstones\",\"lon\":5.22,\"lat\":7.66},{\"state\":\"Oyo\",\"siteName\":\"Igbeti/Iseyin gemstones\",\"lon\":3.85,\"lat\":8.2},{\"state\":\"Kano\",\"siteName\":\"Kano gemstones\",\"lon\":8.52,\"lat\":11.92}]","resourceId":"resource-gemstones","featureKind":"point","stateName":"Ekiti","siteName":"Ekiti gemstones"},"geometry":{"type":"Point","coordinates":[5.22,7.66]}},{"type":"Feature","properties":{"layerId":"resources","kind":"resources","id":"resource-gemstones-5","name":"Gemstones (Sapphire, Ruby, Aquamarine, Tourmaline — Plateau & Kaduna)","resourceType":"gemstones","summary":"High-value coloured gemstone fields in Plateau, Kaduna, and Nasarawa — sapphire, ruby, aquamarine, tourmaline.","description":"Nigeria is an emerging coloured-gemstone producer. The Jos Plateau and neighbouring Kaduna/Nasarawa pegmatites and schists produce aquamarine, emerald, tourmaline, topaz, garnet, zircon, and pink/blue sapphire, with ruby deposits in the Mambilla (Taraba). Gemstone cutting is informal in Kaduna's lapidaries, but the Federal Ministry of Mines & Steel Development operates a gemstone certification lab to formalise the value chain.","lon":3.85,"lat":8.2,"statesCrossed":"[\"Plateau\",\"Kaduna\",\"Nasarawa\",\"Taraba\",\"Ekiti\",\"Oyo\",\"Kano\"]","reserveNote":"Gemstone-grade deposits widespread; not conventionally quantified as reserves","productionNote":"Artisanal small-scale mining + Kaduna lapidaries; formal certification growing","type":"Beryl (aquamarine/emerald), corundum (sapphire/ruby), tourmaline, topaz, garnet, zircon","economy":"Gemstone cutting, jewellery manufacturing, export of rough & cut stones, certification lab.","climate":"Highland tropical (Jos Plateau) to Sudan savanna; pegmatite and alluvial fields.","landmarks":"[\"Plateau Shendam / Bokkos aquamarine fields\",\"Kaduna gemstone lapidary district\",\"Federal Mines Gemstone Certification Laboratory (Abuja/Kaduna)\",\"Taraba Mambilla ruby occurrences\"]","highlights":"[\"Sapphire, ruby & aquamarine fields\",\"Jos Plateau pegmatite gem belt\",\"Kaduna lapidary & cutting hub\"]","wikiUrl":"https://en.wikipedia.org/wiki/Gemstone","products":"[\"Faceted cut gemstones (sapphire, ruby, emerald, aquamarine, tourmaline, topaz)\",\"Fine jewellery – rings, necklaces, earrings, bracelets, wedding sets (gold + gems)\",\"Cabochons – opaque/translucent stones (star sapphire, garnet, jasper) set in jewellery\",\"Gemstone beads – Nigerian traditional coral & gem beadwork for regalia\",\"Industrial / collector specimens – mineral crystal collections & museum-grade pieces\",\"Semi-precious inlay & mosaic tiles – decorative architectural stone cladding\",\"Certified rough exports – IGI/MGS-graded rough stones for overseas cutters\",\"Watch dials & luxury accessories – hardstone inlays for premium timepieces\"]","locations":"[{\"state\":\"Plateau\",\"siteName\":\"Jos/Mangu gemstone fields\",\"lon\":8.89,\"lat\":9.5},{\"state\":\"Kaduna\",\"siteName\":\"Kafanchan gemstone belt\",\"lon\":8.3,\"lat\":9.58},{\"state\":\"Nasarawa\",\"siteName\":\"Akwanga gemstones\",\"lon\":8.4,\"lat\":8.92},{\"state\":\"Taraba\",\"siteName\":\"Ibi gemstones\",\"lon\":9.75,\"lat\":8.18},{\"state\":\"Ekiti\",\"siteName\":\"Ekiti gemstones\",\"lon\":5.22,\"lat\":7.66},{\"state\":\"Oyo\",\"siteName\":\"Igbeti/Iseyin gemstones\",\"lon\":3.85,\"lat\":8.2},{\"state\":\"Kano\",\"siteName\":\"Kano gemstones\",\"lon\":8.52,\"lat\":11.92}]","resourceId":"resource-gemstones","featureKind":"point","stateName":"Oyo","siteName":"Igbeti/Iseyin gemstones"},"geometry":{"type":"Point","coordinates":[3.85,8.2]}},{"type":"Feature","properties":{"layerId":"resources","kind":"resources","id":"resource-gemstones-6","name":"Gemstones (Sapphire, Ruby, Aquamarine, Tourmaline — Plateau & Kaduna)","resourceType":"gemstones","summary":"High-value coloured gemstone fields in Plateau, Kaduna, and Nasarawa — sapphire, ruby, aquamarine, tourmaline.","description":"Nigeria is an emerging coloured-gemstone producer. The Jos Plateau and neighbouring Kaduna/Nasarawa pegmatites and schists produce aquamarine, emerald, tourmaline, topaz, garnet, zircon, and pink/blue sapphire, with ruby deposits in the Mambilla (Taraba). Gemstone cutting is informal in Kaduna's lapidaries, but the Federal Ministry of Mines & Steel Development operates a gemstone certification lab to formalise the value chain.","lon":8.52,"lat":11.92,"statesCrossed":"[\"Plateau\",\"Kaduna\",\"Nasarawa\",\"Taraba\",\"Ekiti\",\"Oyo\",\"Kano\"]","reserveNote":"Gemstone-grade deposits widespread; not conventionally quantified as reserves","productionNote":"Artisanal small-scale mining + Kaduna lapidaries; formal certification growing","type":"Beryl (aquamarine/emerald), corundum (sapphire/ruby), tourmaline, topaz, garnet, zircon","economy":"Gemstone cutting, jewellery manufacturing, export of rough & cut stones, certification lab.","climate":"Highland tropical (Jos Plateau) to Sudan savanna; pegmatite and alluvial fields.","landmarks":"[\"Plateau Shendam / Bokkos aquamarine fields\",\"Kaduna gemstone lapidary district\",\"Federal Mines Gemstone Certification Laboratory (Abuja/Kaduna)\",\"Taraba Mambilla ruby occurrences\"]","highlights":"[\"Sapphire, ruby & aquamarine fields\",\"Jos Plateau pegmatite gem belt\",\"Kaduna lapidary & cutting hub\"]","wikiUrl":"https://en.wikipedia.org/wiki/Gemstone","products":"[\"Faceted cut gemstones (sapphire, ruby, emerald, aquamarine, tourmaline, topaz)\",\"Fine jewellery – rings, necklaces, earrings, bracelets, wedding sets (gold + gems)\",\"Cabochons – opaque/translucent stones (star sapphire, garnet, jasper) set in jewellery\",\"Gemstone beads – Nigerian traditional coral & gem beadwork for regalia\",\"Industrial / collector specimens – mineral crystal collections & museum-grade pieces\",\"Semi-precious inlay & mosaic tiles – decorative architectural stone cladding\",\"Certified rough exports – IGI/MGS-graded rough stones for overseas cutters\",\"Watch dials & luxury accessories – hardstone inlays for premium timepieces\"]","locations":"[{\"state\":\"Plateau\",\"siteName\":\"Jos/Mangu gemstone fields\",\"lon\":8.89,\"lat\":9.5},{\"state\":\"Kaduna\",\"siteName\":\"Kafanchan gemstone belt\",\"lon\":8.3,\"lat\":9.58},{\"state\":\"Nasarawa\",\"siteName\":\"Akwanga gemstones\",\"lon\":8.4,\"lat\":8.92},{\"state\":\"Taraba\",\"siteName\":\"Ibi gemstones\",\"lon\":9.75,\"lat\":8.18},{\"state\":\"Ekiti\",\"siteName\":\"Ekiti gemstones\",\"lon\":5.22,\"lat\":7.66},{\"state\":\"Oyo\",\"siteName\":\"Igbeti/Iseyin gemstones\",\"lon\":3.85,\"lat\":8.2},{\"state\":\"Kano\",\"siteName\":\"Kano gemstones\",\"lon\":8.52,\"lat\":11.92}]","resourceId":"resource-gemstones","featureKind":"point","stateName":"Kano","siteName":"Kano gemstones"},"geometry":{"type":"Point","coordinates":[8.52,11.92]}},{"type":"Feature","properties":{"layerId":"resources","kind":"resources","id":"resource-kaolin-0","name":"Kaolin & Ball Clays (Ajaokuta, Warri, Abakaliki, Bauchi)","resourceType":"kaolin","summary":"Sedimentary kaolin and refractory ball-clay deposits for ceramics, paper coating, and drilling muds.","description":"Nigeria's kaolin deposits occur in Cretaceous/Tertiary sedimentary basins: Ajaokuta–Okene (Kogi), Warri southern flank (Delta), Abakaliki (Ebonyi), and the Bauchi/Gombe formation clays. Ball clays also outcrop in the Ilesha schist belt (Osun/Ekiti). Uses span ceramics tableware, paper coating, and oil-drilling mud additives, with Dangote & Bua cement plants also consuming raw clays.","lon":6.66,"lat":7.57,"statesCrossed":"[\"Kogi\",\"Delta\",\"Ebonyi\",\"Enugu\",\"Bauchi\",\"Gombe\",\"Osun\",\"Ekiti\",\"Ogun\"]","reserveNote":"~2.5 Bt kaolin indicated (Mining Cadastre Office estimates); vast clay belts","productionNote":"Small-scale beneficiated kaolin + raw clays; large paper-grade projects proposed","type":"Kaolinite kaolin, ball clay, bentonitic clays; refractory and paper-coating grades","economy":"Ceramics, paper filler/coating, drilling muds, paint extenders, rubber compounding.","climate":"Guinea savanna and deltaic sedimentary basins with thick clay sequences.","landmarks":"[\"Ajaokuta–Okene kaolin belt (Kogi)\",\"Abakaliki shale-clay formations (Ebonyi)\",\"Osun Ekiti Ilesha schist ball-clay deposits\"]","highlights":"[\"Ajaokuta + Abakaliki kaolin\",\"Ceramics & paper coating grade\",\"Drilling mud bentonite/kaolin\"]","wikiUrl":"https://en.wikipedia.org/wiki/Kaolinite","products":"[\"Ceramic tableware & sanitaryware – vitreous china, tiles, wash basins, toilets\",\"Paper coating & filler – glossy magazine & book paper (No. 1 & No. 2 coating clays)\",\"Water-based paint extender – TiO₂ spacer, rheology modifier for emulsion paints\",\"Oil-well drilling mud – kaolin / bentonite viscosifier & fluid-loss control additive\",\"Rubber compounding filler – low-abrasion kaolin for tyre sidewalls, hoses, footwear\",\"Fibreglass E-glass batch kaolin – Al₂O₃ + SiO₂ source for continuous glass strands\",\"Refractory mortars & kiln furniture – fireclay bricks for steel, cement, and ceramics kilns\",\"Cosmetic & pharmaceutical kaolin USP – facial masks, baby powder, antidiarrheal excipients\"]","locations":"[{\"state\":\"Kogi\",\"siteName\":\"Ajaokuta kaolin\",\"lon\":6.66,\"lat\":7.57},{\"state\":\"Delta\",\"siteName\":\"Ubulu/Warri kaolin\",\"lon\":5.75,\"lat\":5.6},{\"state\":\"Ebonyi\",\"siteName\":\"Abakaliki kaolin\",\"lon\":8.11,\"lat\":6.32},{\"state\":\"Enugu\",\"siteName\":\"Enugu kaolin\",\"lon\":7.51,\"lat\":6.52},{\"state\":\"Bauchi\",\"siteName\":\"Alkaleri kaolin\",\"lon\":10.3,\"lat\":10.3},{\"state\":\"Gombe\",\"siteName\":\"Gombe kaolin\",\"lon\":11.22,\"lat\":10.29},{\"state\":\"Osun\",\"siteName\":\"Ile-Ife kaolin\",\"lon\":4.56,\"lat\":7.48},{\"state\":\"Ekiti\",\"siteName\":\"Ekiti kaolin\",\"lon\":5.22,\"lat\":7.66},{\"state\":\"Ogun\",\"siteName\":\"Ogun kaolin\",\"lon\":3.35,\"lat\":7}]","resourceId":"resource-kaolin","featureKind":"point","stateName":"Kogi","siteName":"Ajaokuta kaolin"},"geometry":{"type":"Point","coordinates":[6.66,7.57]}},{"type":"Feature","properties":{"layerId":"resources","kind":"resources","id":"resource-kaolin-1","name":"Kaolin & Ball Clays (Ajaokuta, Warri, Abakaliki, Bauchi)","resourceType":"kaolin","summary":"Sedimentary kaolin and refractory ball-clay deposits for ceramics, paper coating, and drilling muds.","description":"Nigeria's kaolin deposits occur in Cretaceous/Tertiary sedimentary basins: Ajaokuta–Okene (Kogi), Warri southern flank (Delta), Abakaliki (Ebonyi), and the Bauchi/Gombe formation clays. Ball clays also outcrop in the Ilesha schist belt (Osun/Ekiti). Uses span ceramics tableware, paper coating, and oil-drilling mud additives, with Dangote & Bua cement plants also consuming raw clays.","lon":5.75,"lat":5.6,"statesCrossed":"[\"Kogi\",\"Delta\",\"Ebonyi\",\"Enugu\",\"Bauchi\",\"Gombe\",\"Osun\",\"Ekiti\",\"Ogun\"]","reserveNote":"~2.5 Bt kaolin indicated (Mining Cadastre Office estimates); vast clay belts","productionNote":"Small-scale beneficiated kaolin + raw clays; large paper-grade projects proposed","type":"Kaolinite kaolin, ball clay, bentonitic clays; refractory and paper-coating grades","economy":"Ceramics, paper filler/coating, drilling muds, paint extenders, rubber compounding.","climate":"Guinea savanna and deltaic sedimentary basins with thick clay sequences.","landmarks":"[\"Ajaokuta–Okene kaolin belt (Kogi)\",\"Abakaliki shale-clay formations (Ebonyi)\",\"Osun Ekiti Ilesha schist ball-clay deposits\"]","highlights":"[\"Ajaokuta + Abakaliki kaolin\",\"Ceramics & paper coating grade\",\"Drilling mud bentonite/kaolin\"]","wikiUrl":"https://en.wikipedia.org/wiki/Kaolinite","products":"[\"Ceramic tableware & sanitaryware – vitreous china, tiles, wash basins, toilets\",\"Paper coating & filler – glossy magazine & book paper (No. 1 & No. 2 coating clays)\",\"Water-based paint extender – TiO₂ spacer, rheology modifier for emulsion paints\",\"Oil-well drilling mud – kaolin / bentonite viscosifier & fluid-loss control additive\",\"Rubber compounding filler – low-abrasion kaolin for tyre sidewalls, hoses, footwear\",\"Fibreglass E-glass batch kaolin – Al₂O₃ + SiO₂ source for continuous glass strands\",\"Refractory mortars & kiln furniture – fireclay bricks for steel, cement, and ceramics kilns\",\"Cosmetic & pharmaceutical kaolin USP – facial masks, baby powder, antidiarrheal excipients\"]","locations":"[{\"state\":\"Kogi\",\"siteName\":\"Ajaokuta kaolin\",\"lon\":6.66,\"lat\":7.57},{\"state\":\"Delta\",\"siteName\":\"Ubulu/Warri kaolin\",\"lon\":5.75,\"lat\":5.6},{\"state\":\"Ebonyi\",\"siteName\":\"Abakaliki kaolin\",\"lon\":8.11,\"lat\":6.32},{\"state\":\"Enugu\",\"siteName\":\"Enugu kaolin\",\"lon\":7.51,\"lat\":6.52},{\"state\":\"Bauchi\",\"siteName\":\"Alkaleri kaolin\",\"lon\":10.3,\"lat\":10.3},{\"state\":\"Gombe\",\"siteName\":\"Gombe kaolin\",\"lon\":11.22,\"lat\":10.29},{\"state\":\"Osun\",\"siteName\":\"Ile-Ife kaolin\",\"lon\":4.56,\"lat\":7.48},{\"state\":\"Ekiti\",\"siteName\":\"Ekiti kaolin\",\"lon\":5.22,\"lat\":7.66},{\"state\":\"Ogun\",\"siteName\":\"Ogun kaolin\",\"lon\":3.35,\"lat\":7}]","resourceId":"resource-kaolin","featureKind":"point","stateName":"Delta","siteName":"Ubulu/Warri kaolin"},"geometry":{"type":"Point","coordinates":[5.75,5.6]}},{"type":"Feature","properties":{"layerId":"resources","kind":"resources","id":"resource-kaolin-2","name":"Kaolin & Ball Clays (Ajaokuta, Warri, Abakaliki, Bauchi)","resourceType":"kaolin","summary":"Sedimentary kaolin and refractory ball-clay deposits for ceramics, paper coating, and drilling muds.","description":"Nigeria's kaolin deposits occur in Cretaceous/Tertiary sedimentary basins: Ajaokuta–Okene (Kogi), Warri southern flank (Delta), Abakaliki (Ebonyi), and the Bauchi/Gombe formation clays. Ball clays also outcrop in the Ilesha schist belt (Osun/Ekiti). Uses span ceramics tableware, paper coating, and oil-drilling mud additives, with Dangote & Bua cement plants also consuming raw clays.","lon":8.11,"lat":6.32,"statesCrossed":"[\"Kogi\",\"Delta\",\"Ebonyi\",\"Enugu\",\"Bauchi\",\"Gombe\",\"Osun\",\"Ekiti\",\"Ogun\"]","reserveNote":"~2.5 Bt kaolin indicated (Mining Cadastre Office estimates); vast clay belts","productionNote":"Small-scale beneficiated kaolin + raw clays; large paper-grade projects proposed","type":"Kaolinite kaolin, ball clay, bentonitic clays; refractory and paper-coating grades","economy":"Ceramics, paper filler/coating, drilling muds, paint extenders, rubber compounding.","climate":"Guinea savanna and deltaic sedimentary basins with thick clay sequences.","landmarks":"[\"Ajaokuta–Okene kaolin belt (Kogi)\",\"Abakaliki shale-clay formations (Ebonyi)\",\"Osun Ekiti Ilesha schist ball-clay deposits\"]","highlights":"[\"Ajaokuta + Abakaliki kaolin\",\"Ceramics & paper coating grade\",\"Drilling mud bentonite/kaolin\"]","wikiUrl":"https://en.wikipedia.org/wiki/Kaolinite","products":"[\"Ceramic tableware & sanitaryware – vitreous china, tiles, wash basins, toilets\",\"Paper coating & filler – glossy magazine & book paper (No. 1 & No. 2 coating clays)\",\"Water-based paint extender – TiO₂ spacer, rheology modifier for emulsion paints\",\"Oil-well drilling mud – kaolin / bentonite viscosifier & fluid-loss control additive\",\"Rubber compounding filler – low-abrasion kaolin for tyre sidewalls, hoses, footwear\",\"Fibreglass E-glass batch kaolin – Al₂O₃ + SiO₂ source for continuous glass strands\",\"Refractory mortars & kiln furniture – fireclay bricks for steel, cement, and ceramics kilns\",\"Cosmetic & pharmaceutical kaolin USP – facial masks, baby powder, antidiarrheal excipients\"]","locations":"[{\"state\":\"Kogi\",\"siteName\":\"Ajaokuta kaolin\",\"lon\":6.66,\"lat\":7.57},{\"state\":\"Delta\",\"siteName\":\"Ubulu/Warri kaolin\",\"lon\":5.75,\"lat\":5.6},{\"state\":\"Ebonyi\",\"siteName\":\"Abakaliki kaolin\",\"lon\":8.11,\"lat\":6.32},{\"state\":\"Enugu\",\"siteName\":\"Enugu kaolin\",\"lon\":7.51,\"lat\":6.52},{\"state\":\"Bauchi\",\"siteName\":\"Alkaleri kaolin\",\"lon\":10.3,\"lat\":10.3},{\"state\":\"Gombe\",\"siteName\":\"Gombe kaolin\",\"lon\":11.22,\"lat\":10.29},{\"state\":\"Osun\",\"siteName\":\"Ile-Ife kaolin\",\"lon\":4.56,\"lat\":7.48},{\"state\":\"Ekiti\",\"siteName\":\"Ekiti kaolin\",\"lon\":5.22,\"lat\":7.66},{\"state\":\"Ogun\",\"siteName\":\"Ogun kaolin\",\"lon\":3.35,\"lat\":7}]","resourceId":"resource-kaolin","featureKind":"point","stateName":"Ebonyi","siteName":"Abakaliki kaolin"},"geometry":{"type":"Point","coordinates":[8.11,6.32]}},{"type":"Feature","properties":{"layerId":"resources","kind":"resources","id":"resource-kaolin-3","name":"Kaolin & Ball Clays (Ajaokuta, Warri, Abakaliki, Bauchi)","resourceType":"kaolin","summary":"Sedimentary kaolin and refractory ball-clay deposits for ceramics, paper coating, and drilling muds.","description":"Nigeria's kaolin deposits occur in Cretaceous/Tertiary sedimentary basins: Ajaokuta–Okene (Kogi), Warri southern flank (Delta), Abakaliki (Ebonyi), and the Bauchi/Gombe formation clays. Ball clays also outcrop in the Ilesha schist belt (Osun/Ekiti). Uses span ceramics tableware, paper coating, and oil-drilling mud additives, with Dangote & Bua cement plants also consuming raw clays.","lon":7.51,"lat":6.52,"statesCrossed":"[\"Kogi\",\"Delta\",\"Ebonyi\",\"Enugu\",\"Bauchi\",\"Gombe\",\"Osun\",\"Ekiti\",\"Ogun\"]","reserveNote":"~2.5 Bt kaolin indicated (Mining Cadastre Office estimates); vast clay belts","productionNote":"Small-scale beneficiated kaolin + raw clays; large paper-grade projects proposed","type":"Kaolinite kaolin, ball clay, bentonitic clays; refractory and paper-coating grades","economy":"Ceramics, paper filler/coating, drilling muds, paint extenders, rubber compounding.","climate":"Guinea savanna and deltaic sedimentary basins with thick clay sequences.","landmarks":"[\"Ajaokuta–Okene kaolin belt (Kogi)\",\"Abakaliki shale-clay formations (Ebonyi)\",\"Osun Ekiti Ilesha schist ball-clay deposits\"]","highlights":"[\"Ajaokuta + Abakaliki kaolin\",\"Ceramics & paper coating grade\",\"Drilling mud bentonite/kaolin\"]","wikiUrl":"https://en.wikipedia.org/wiki/Kaolinite","products":"[\"Ceramic tableware & sanitaryware – vitreous china, tiles, wash basins, toilets\",\"Paper coating & filler – glossy magazine & book paper (No. 1 & No. 2 coating clays)\",\"Water-based paint extender – TiO₂ spacer, rheology modifier for emulsion paints\",\"Oil-well drilling mud – kaolin / bentonite viscosifier & fluid-loss control additive\",\"Rubber compounding filler – low-abrasion kaolin for tyre sidewalls, hoses, footwear\",\"Fibreglass E-glass batch kaolin – Al₂O₃ + SiO₂ source for continuous glass strands\",\"Refractory mortars & kiln furniture – fireclay bricks for steel, cement, and ceramics kilns\",\"Cosmetic & pharmaceutical kaolin USP – facial masks, baby powder, antidiarrheal excipients\"]","locations":"[{\"state\":\"Kogi\",\"siteName\":\"Ajaokuta kaolin\",\"lon\":6.66,\"lat\":7.57},{\"state\":\"Delta\",\"siteName\":\"Ubulu/Warri kaolin\",\"lon\":5.75,\"lat\":5.6},{\"state\":\"Ebonyi\",\"siteName\":\"Abakaliki kaolin\",\"lon\":8.11,\"lat\":6.32},{\"state\":\"Enugu\",\"siteName\":\"Enugu kaolin\",\"lon\":7.51,\"lat\":6.52},{\"state\":\"Bauchi\",\"siteName\":\"Alkaleri kaolin\",\"lon\":10.3,\"lat\":10.3},{\"state\":\"Gombe\",\"siteName\":\"Gombe kaolin\",\"lon\":11.22,\"lat\":10.29},{\"state\":\"Osun\",\"siteName\":\"Ile-Ife kaolin\",\"lon\":4.56,\"lat\":7.48},{\"state\":\"Ekiti\",\"siteName\":\"Ekiti kaolin\",\"lon\":5.22,\"lat\":7.66},{\"state\":\"Ogun\",\"siteName\":\"Ogun kaolin\",\"lon\":3.35,\"lat\":7}]","resourceId":"resource-kaolin","featureKind":"point","stateName":"Enugu","siteName":"Enugu kaolin"},"geometry":{"type":"Point","coordinates":[7.51,6.52]}},{"type":"Feature","properties":{"layerId":"resources","kind":"resources","id":"resource-kaolin-4","name":"Kaolin & Ball Clays (Ajaokuta, Warri, Abakaliki, Bauchi)","resourceType":"kaolin","summary":"Sedimentary kaolin and refractory ball-clay deposits for ceramics, paper coating, and drilling muds.","description":"Nigeria's kaolin deposits occur in Cretaceous/Tertiary sedimentary basins: Ajaokuta–Okene (Kogi), Warri southern flank (Delta), Abakaliki (Ebonyi), and the Bauchi/Gombe formation clays. Ball clays also outcrop in the Ilesha schist belt (Osun/Ekiti). Uses span ceramics tableware, paper coating, and oil-drilling mud additives, with Dangote & Bua cement plants also consuming raw clays.","lon":10.3,"lat":10.3,"statesCrossed":"[\"Kogi\",\"Delta\",\"Ebonyi\",\"Enugu\",\"Bauchi\",\"Gombe\",\"Osun\",\"Ekiti\",\"Ogun\"]","reserveNote":"~2.5 Bt kaolin indicated (Mining Cadastre Office estimates); vast clay belts","productionNote":"Small-scale beneficiated kaolin + raw clays; large paper-grade projects proposed","type":"Kaolinite kaolin, ball clay, bentonitic clays; refractory and paper-coating grades","economy":"Ceramics, paper filler/coating, drilling muds, paint extenders, rubber compounding.","climate":"Guinea savanna and deltaic sedimentary basins with thick clay sequences.","landmarks":"[\"Ajaokuta–Okene kaolin belt (Kogi)\",\"Abakaliki shale-clay formations (Ebonyi)\",\"Osun Ekiti Ilesha schist ball-clay deposits\"]","highlights":"[\"Ajaokuta + Abakaliki kaolin\",\"Ceramics & paper coating grade\",\"Drilling mud bentonite/kaolin\"]","wikiUrl":"https://en.wikipedia.org/wiki/Kaolinite","products":"[\"Ceramic tableware & sanitaryware – vitreous china, tiles, wash basins, toilets\",\"Paper coating & filler – glossy magazine & book paper (No. 1 & No. 2 coating clays)\",\"Water-based paint extender – TiO₂ spacer, rheology modifier for emulsion paints\",\"Oil-well drilling mud – kaolin / bentonite viscosifier & fluid-loss control additive\",\"Rubber compounding filler – low-abrasion kaolin for tyre sidewalls, hoses, footwear\",\"Fibreglass E-glass batch kaolin – Al₂O₃ + SiO₂ source for continuous glass strands\",\"Refractory mortars & kiln furniture – fireclay bricks for steel, cement, and ceramics kilns\",\"Cosmetic & pharmaceutical kaolin USP – facial masks, baby powder, antidiarrheal excipients\"]","locations":"[{\"state\":\"Kogi\",\"siteName\":\"Ajaokuta kaolin\",\"lon\":6.66,\"lat\":7.57},{\"state\":\"Delta\",\"siteName\":\"Ubulu/Warri kaolin\",\"lon\":5.75,\"lat\":5.6},{\"state\":\"Ebonyi\",\"siteName\":\"Abakaliki kaolin\",\"lon\":8.11,\"lat\":6.32},{\"state\":\"Enugu\",\"siteName\":\"Enugu kaolin\",\"lon\":7.51,\"lat\":6.52},{\"state\":\"Bauchi\",\"siteName\":\"Alkaleri kaolin\",\"lon\":10.3,\"lat\":10.3},{\"state\":\"Gombe\",\"siteName\":\"Gombe kaolin\",\"lon\":11.22,\"lat\":10.29},{\"state\":\"Osun\",\"siteName\":\"Ile-Ife kaolin\",\"lon\":4.56,\"lat\":7.48},{\"state\":\"Ekiti\",\"siteName\":\"Ekiti kaolin\",\"lon\":5.22,\"lat\":7.66},{\"state\":\"Ogun\",\"siteName\":\"Ogun kaolin\",\"lon\":3.35,\"lat\":7}]","resourceId":"resource-kaolin","featureKind":"point","stateName":"Bauchi","siteName":"Alkaleri kaolin"},"geometry":{"type":"Point","coordinates":[10.3,10.3]}},{"type":"Feature","properties":{"layerId":"resources","kind":"resources","id":"resource-kaolin-5","name":"Kaolin & Ball Clays (Ajaokuta, Warri, Abakaliki, Bauchi)","resourceType":"kaolin","summary":"Sedimentary kaolin and refractory ball-clay deposits for ceramics, paper coating, and drilling muds.","description":"Nigeria's kaolin deposits occur in Cretaceous/Tertiary sedimentary basins: Ajaokuta–Okene (Kogi), Warri southern flank (Delta), Abakaliki (Ebonyi), and the Bauchi/Gombe formation clays. Ball clays also outcrop in the Ilesha schist belt (Osun/Ekiti). Uses span ceramics tableware, paper coating, and oil-drilling mud additives, with Dangote & Bua cement plants also consuming raw clays.","lon":11.22,"lat":10.29,"statesCrossed":"[\"Kogi\",\"Delta\",\"Ebonyi\",\"Enugu\",\"Bauchi\",\"Gombe\",\"Osun\",\"Ekiti\",\"Ogun\"]","reserveNote":"~2.5 Bt kaolin indicated (Mining Cadastre Office estimates); vast clay belts","productionNote":"Small-scale beneficiated kaolin + raw clays; large paper-grade projects proposed","type":"Kaolinite kaolin, ball clay, bentonitic clays; refractory and paper-coating grades","economy":"Ceramics, paper filler/coating, drilling muds, paint extenders, rubber compounding.","climate":"Guinea savanna and deltaic sedimentary basins with thick clay sequences.","landmarks":"[\"Ajaokuta–Okene kaolin belt (Kogi)\",\"Abakaliki shale-clay formations (Ebonyi)\",\"Osun Ekiti Ilesha schist ball-clay deposits\"]","highlights":"[\"Ajaokuta + Abakaliki kaolin\",\"Ceramics & paper coating grade\",\"Drilling mud bentonite/kaolin\"]","wikiUrl":"https://en.wikipedia.org/wiki/Kaolinite","products":"[\"Ceramic tableware & sanitaryware – vitreous china, tiles, wash basins, toilets\",\"Paper coating & filler – glossy magazine & book paper (No. 1 & No. 2 coating clays)\",\"Water-based paint extender – TiO₂ spacer, rheology modifier for emulsion paints\",\"Oil-well drilling mud – kaolin / bentonite viscosifier & fluid-loss control additive\",\"Rubber compounding filler – low-abrasion kaolin for tyre sidewalls, hoses, footwear\",\"Fibreglass E-glass batch kaolin – Al₂O₃ + SiO₂ source for continuous glass strands\",\"Refractory mortars & kiln furniture – fireclay bricks for steel, cement, and ceramics kilns\",\"Cosmetic & pharmaceutical kaolin USP – facial masks, baby powder, antidiarrheal excipients\"]","locations":"[{\"state\":\"Kogi\",\"siteName\":\"Ajaokuta kaolin\",\"lon\":6.66,\"lat\":7.57},{\"state\":\"Delta\",\"siteName\":\"Ubulu/Warri kaolin\",\"lon\":5.75,\"lat\":5.6},{\"state\":\"Ebonyi\",\"siteName\":\"Abakaliki kaolin\",\"lon\":8.11,\"lat\":6.32},{\"state\":\"Enugu\",\"siteName\":\"Enugu kaolin\",\"lon\":7.51,\"lat\":6.52},{\"state\":\"Bauchi\",\"siteName\":\"Alkaleri kaolin\",\"lon\":10.3,\"lat\":10.3},{\"state\":\"Gombe\",\"siteName\":\"Gombe kaolin\",\"lon\":11.22,\"lat\":10.29},{\"state\":\"Osun\",\"siteName\":\"Ile-Ife kaolin\",\"lon\":4.56,\"lat\":7.48},{\"state\":\"Ekiti\",\"siteName\":\"Ekiti kaolin\",\"lon\":5.22,\"lat\":7.66},{\"state\":\"Ogun\",\"siteName\":\"Ogun kaolin\",\"lon\":3.35,\"lat\":7}]","resourceId":"resource-kaolin","featureKind":"point","stateName":"Gombe","siteName":"Gombe kaolin"},"geometry":{"type":"Point","coordinates":[11.22,10.29]}},{"type":"Feature","properties":{"layerId":"resources","kind":"resources","id":"resource-kaolin-6","name":"Kaolin & Ball Clays (Ajaokuta, Warri, Abakaliki, Bauchi)","resourceType":"kaolin","summary":"Sedimentary kaolin and refractory ball-clay deposits for ceramics, paper coating, and drilling muds.","description":"Nigeria's kaolin deposits occur in Cretaceous/Tertiary sedimentary basins: Ajaokuta–Okene (Kogi), Warri southern flank (Delta), Abakaliki (Ebonyi), and the Bauchi/Gombe formation clays. Ball clays also outcrop in the Ilesha schist belt (Osun/Ekiti). Uses span ceramics tableware, paper coating, and oil-drilling mud additives, with Dangote & Bua cement plants also consuming raw clays.","lon":4.56,"lat":7.48,"statesCrossed":"[\"Kogi\",\"Delta\",\"Ebonyi\",\"Enugu\",\"Bauchi\",\"Gombe\",\"Osun\",\"Ekiti\",\"Ogun\"]","reserveNote":"~2.5 Bt kaolin indicated (Mining Cadastre Office estimates); vast clay belts","productionNote":"Small-scale beneficiated kaolin + raw clays; large paper-grade projects proposed","type":"Kaolinite kaolin, ball clay, bentonitic clays; refractory and paper-coating grades","economy":"Ceramics, paper filler/coating, drilling muds, paint extenders, rubber compounding.","climate":"Guinea savanna and deltaic sedimentary basins with thick clay sequences.","landmarks":"[\"Ajaokuta–Okene kaolin belt (Kogi)\",\"Abakaliki shale-clay formations (Ebonyi)\",\"Osun Ekiti Ilesha schist ball-clay deposits\"]","highlights":"[\"Ajaokuta + Abakaliki kaolin\",\"Ceramics & paper coating grade\",\"Drilling mud bentonite/kaolin\"]","wikiUrl":"https://en.wikipedia.org/wiki/Kaolinite","products":"[\"Ceramic tableware & sanitaryware – vitreous china, tiles, wash basins, toilets\",\"Paper coating & filler – glossy magazine & book paper (No. 1 & No. 2 coating clays)\",\"Water-based paint extender – TiO₂ spacer, rheology modifier for emulsion paints\",\"Oil-well drilling mud – kaolin / bentonite viscosifier & fluid-loss control additive\",\"Rubber compounding filler – low-abrasion kaolin for tyre sidewalls, hoses, footwear\",\"Fibreglass E-glass batch kaolin – Al₂O₃ + SiO₂ source for continuous glass strands\",\"Refractory mortars & kiln furniture – fireclay bricks for steel, cement, and ceramics kilns\",\"Cosmetic & pharmaceutical kaolin USP – facial masks, baby powder, antidiarrheal excipients\"]","locations":"[{\"state\":\"Kogi\",\"siteName\":\"Ajaokuta kaolin\",\"lon\":6.66,\"lat\":7.57},{\"state\":\"Delta\",\"siteName\":\"Ubulu/Warri kaolin\",\"lon\":5.75,\"lat\":5.6},{\"state\":\"Ebonyi\",\"siteName\":\"Abakaliki kaolin\",\"lon\":8.11,\"lat\":6.32},{\"state\":\"Enugu\",\"siteName\":\"Enugu kaolin\",\"lon\":7.51,\"lat\":6.52},{\"state\":\"Bauchi\",\"siteName\":\"Alkaleri kaolin\",\"lon\":10.3,\"lat\":10.3},{\"state\":\"Gombe\",\"siteName\":\"Gombe kaolin\",\"lon\":11.22,\"lat\":10.29},{\"state\":\"Osun\",\"siteName\":\"Ile-Ife kaolin\",\"lon\":4.56,\"lat\":7.48},{\"state\":\"Ekiti\",\"siteName\":\"Ekiti kaolin\",\"lon\":5.22,\"lat\":7.66},{\"state\":\"Ogun\",\"siteName\":\"Ogun kaolin\",\"lon\":3.35,\"lat\":7}]","resourceId":"resource-kaolin","featureKind":"point","stateName":"Osun","siteName":"Ile-Ife kaolin"},"geometry":{"type":"Point","coordinates":[4.56,7.48]}},{"type":"Feature","properties":{"layerId":"resources","kind":"resources","id":"resource-kaolin-7","name":"Kaolin & Ball Clays (Ajaokuta, Warri, Abakaliki, Bauchi)","resourceType":"kaolin","summary":"Sedimentary kaolin and refractory ball-clay deposits for ceramics, paper coating, and drilling muds.","description":"Nigeria's kaolin deposits occur in Cretaceous/Tertiary sedimentary basins: Ajaokuta–Okene (Kogi), Warri southern flank (Delta), Abakaliki (Ebonyi), and the Bauchi/Gombe formation clays. Ball clays also outcrop in the Ilesha schist belt (Osun/Ekiti). Uses span ceramics tableware, paper coating, and oil-drilling mud additives, with Dangote & Bua cement plants also consuming raw clays.","lon":5.22,"lat":7.66,"statesCrossed":"[\"Kogi\",\"Delta\",\"Ebonyi\",\"Enugu\",\"Bauchi\",\"Gombe\",\"Osun\",\"Ekiti\",\"Ogun\"]","reserveNote":"~2.5 Bt kaolin indicated (Mining Cadastre Office estimates); vast clay belts","productionNote":"Small-scale beneficiated kaolin + raw clays; large paper-grade projects proposed","type":"Kaolinite kaolin, ball clay, bentonitic clays; refractory and paper-coating grades","economy":"Ceramics, paper filler/coating, drilling muds, paint extenders, rubber compounding.","climate":"Guinea savanna and deltaic sedimentary basins with thick clay sequences.","landmarks":"[\"Ajaokuta–Okene kaolin belt (Kogi)\",\"Abakaliki shale-clay formations (Ebonyi)\",\"Osun Ekiti Ilesha schist ball-clay deposits\"]","highlights":"[\"Ajaokuta + Abakaliki kaolin\",\"Ceramics & paper coating grade\",\"Drilling mud bentonite/kaolin\"]","wikiUrl":"https://en.wikipedia.org/wiki/Kaolinite","products":"[\"Ceramic tableware & sanitaryware – vitreous china, tiles, wash basins, toilets\",\"Paper coating & filler – glossy magazine & book paper (No. 1 & No. 2 coating clays)\",\"Water-based paint extender – TiO₂ spacer, rheology modifier for emulsion paints\",\"Oil-well drilling mud – kaolin / bentonite viscosifier & fluid-loss control additive\",\"Rubber compounding filler – low-abrasion kaolin for tyre sidewalls, hoses, footwear\",\"Fibreglass E-glass batch kaolin – Al₂O₃ + SiO₂ source for continuous glass strands\",\"Refractory mortars & kiln furniture – fireclay bricks for steel, cement, and ceramics kilns\",\"Cosmetic & pharmaceutical kaolin USP – facial masks, baby powder, antidiarrheal excipients\"]","locations":"[{\"state\":\"Kogi\",\"siteName\":\"Ajaokuta kaolin\",\"lon\":6.66,\"lat\":7.57},{\"state\":\"Delta\",\"siteName\":\"Ubulu/Warri kaolin\",\"lon\":5.75,\"lat\":5.6},{\"state\":\"Ebonyi\",\"siteName\":\"Abakaliki kaolin\",\"lon\":8.11,\"lat\":6.32},{\"state\":\"Enugu\",\"siteName\":\"Enugu kaolin\",\"lon\":7.51,\"lat\":6.52},{\"state\":\"Bauchi\",\"siteName\":\"Alkaleri kaolin\",\"lon\":10.3,\"lat\":10.3},{\"state\":\"Gombe\",\"siteName\":\"Gombe kaolin\",\"lon\":11.22,\"lat\":10.29},{\"state\":\"Osun\",\"siteName\":\"Ile-Ife kaolin\",\"lon\":4.56,\"lat\":7.48},{\"state\":\"Ekiti\",\"siteName\":\"Ekiti kaolin\",\"lon\":5.22,\"lat\":7.66},{\"state\":\"Ogun\",\"siteName\":\"Ogun kaolin\",\"lon\":3.35,\"lat\":7}]","resourceId":"resource-kaolin","featureKind":"point","stateName":"Ekiti","siteName":"Ekiti kaolin"},"geometry":{"type":"Point","coordinates":[5.22,7.66]}},{"type":"Feature","properties":{"layerId":"resources","kind":"resources","id":"resource-kaolin-8","name":"Kaolin & Ball Clays (Ajaokuta, Warri, Abakaliki, Bauchi)","resourceType":"kaolin","summary":"Sedimentary kaolin and refractory ball-clay deposits for ceramics, paper coating, and drilling muds.","description":"Nigeria's kaolin deposits occur in Cretaceous/Tertiary sedimentary basins: Ajaokuta–Okene (Kogi), Warri southern flank (Delta), Abakaliki (Ebonyi), and the Bauchi/Gombe formation clays. Ball clays also outcrop in the Ilesha schist belt (Osun/Ekiti). Uses span ceramics tableware, paper coating, and oil-drilling mud additives, with Dangote & Bua cement plants also consuming raw clays.","lon":3.35,"lat":7,"statesCrossed":"[\"Kogi\",\"Delta\",\"Ebonyi\",\"Enugu\",\"Bauchi\",\"Gombe\",\"Osun\",\"Ekiti\",\"Ogun\"]","reserveNote":"~2.5 Bt kaolin indicated (Mining Cadastre Office estimates); vast clay belts","productionNote":"Small-scale beneficiated kaolin + raw clays; large paper-grade projects proposed","type":"Kaolinite kaolin, ball clay, bentonitic clays; refractory and paper-coating grades","economy":"Ceramics, paper filler/coating, drilling muds, paint extenders, rubber compounding.","climate":"Guinea savanna and deltaic sedimentary basins with thick clay sequences.","landmarks":"[\"Ajaokuta–Okene kaolin belt (Kogi)\",\"Abakaliki shale-clay formations (Ebonyi)\",\"Osun Ekiti Ilesha schist ball-clay deposits\"]","highlights":"[\"Ajaokuta + Abakaliki kaolin\",\"Ceramics & paper coating grade\",\"Drilling mud bentonite/kaolin\"]","wikiUrl":"https://en.wikipedia.org/wiki/Kaolinite","products":"[\"Ceramic tableware & sanitaryware – vitreous china, tiles, wash basins, toilets\",\"Paper coating & filler – glossy magazine & book paper (No. 1 & No. 2 coating clays)\",\"Water-based paint extender – TiO₂ spacer, rheology modifier for emulsion paints\",\"Oil-well drilling mud – kaolin / bentonite viscosifier & fluid-loss control additive\",\"Rubber compounding filler – low-abrasion kaolin for tyre sidewalls, hoses, footwear\",\"Fibreglass E-glass batch kaolin – Al₂O₃ + SiO₂ source for continuous glass strands\",\"Refractory mortars & kiln furniture – fireclay bricks for steel, cement, and ceramics kilns\",\"Cosmetic & pharmaceutical kaolin USP – facial masks, baby powder, antidiarrheal excipients\"]","locations":"[{\"state\":\"Kogi\",\"siteName\":\"Ajaokuta kaolin\",\"lon\":6.66,\"lat\":7.57},{\"state\":\"Delta\",\"siteName\":\"Ubulu/Warri kaolin\",\"lon\":5.75,\"lat\":5.6},{\"state\":\"Ebonyi\",\"siteName\":\"Abakaliki kaolin\",\"lon\":8.11,\"lat\":6.32},{\"state\":\"Enugu\",\"siteName\":\"Enugu kaolin\",\"lon\":7.51,\"lat\":6.52},{\"state\":\"Bauchi\",\"siteName\":\"Alkaleri kaolin\",\"lon\":10.3,\"lat\":10.3},{\"state\":\"Gombe\",\"siteName\":\"Gombe kaolin\",\"lon\":11.22,\"lat\":10.29},{\"state\":\"Osun\",\"siteName\":\"Ile-Ife kaolin\",\"lon\":4.56,\"lat\":7.48},{\"state\":\"Ekiti\",\"siteName\":\"Ekiti kaolin\",\"lon\":5.22,\"lat\":7.66},{\"state\":\"Ogun\",\"siteName\":\"Ogun kaolin\",\"lon\":3.35,\"lat\":7}]","resourceId":"resource-kaolin","featureKind":"point","stateName":"Ogun","siteName":"Ogun kaolin"},"geometry":{"type":"Point","coordinates":[3.35,7]}},{"type":"Feature","properties":{"layerId":"resources","kind":"resources","id":"resource-phosphate-0","name":"Phosphate Rock (Sokoto Embayment & Cross River Basin)","resourceType":"phosphate","summary":"Sokoto marine phosphorites and Cross River phosphate shales — fertiliser and animal-feed mineral.","description":"Nigeria's phosphate deposits occur principally in the Upper Cretaceous Maastrichtian Sokoto embayment (Gwandu, Illela, and Isa formations) and in phosphorite nodules and shales along the Cross River basin (Odukpani, Ikom). Current output feeds local single-superphosphate (SSP) blending, with a Morocco-backed Sokoto greenfield fertiliser complex under negotiation.","lon":5.5,"lat":13.05,"statesCrossed":"[\"Sokoto\",\"Kebbi\",\"Zamfara\",\"Cross River\",\"Benue\",\"Borno\"]","reserveNote":"Sokoto embayment indicated ~250 Mt phosphate rock equivalent; Cross River ~50 Mt","productionNote":"Small artisanal + SSP blending; Sokoto Morocco-JV DAP/NPK fertiliser plant planned","type":"Marine sedimentary phosphorites, shale-hosted phosphate nodules; DAP/NPK fertiliser grades","economy":"Fertiliser (SSP, DAP, NPK blends), animal-feed dicalcium phosphate, industrial acid.","climate":"Sahelian Sokoto plains + tropical Cross River; both marine transgression sequences.","landmarks":"[\"Sokoto Gwandu / Illela phosphorite deposits\",\"Cross River Odukpani/Ikom phosphate nodules\",\"National Fertiliser Company of Nigeria (NAFCON) blending terminals\"]","highlights":"[\"Sokoto marine phosphorite belt\",\"NAFCON fertiliser feedstock\",\"Morocco JV Sokoto DAP plant (MOU)\"]","wikiUrl":"https://en.wikipedia.org/wiki/Phosphate_rock","products":"[\"Single Superphosphate (SSP) fertiliser – P₂O₅ + gypsum soil amendment\",\"Di-ammonium Phosphate (DAP) & Mono-ammonium Phosphate (MAP) – granular NPK fertilisers\",\"NPK compound blends (15-15-15, 20-10-10) – cocoa, maize, rice, oil palm nutrition\",\"Phosphoric acid (wet process) – H₃PO₄ for DAP + food-grade derivatives\",\"Dicalcium phosphate (DCP) & Monocalcium phosphate (MCP) – poultry & livestock feed minerals\",\"Triple Superphosphate (TSP) – high-concentration P₂O₅ direct-application fertiliser\",\"Industrial phosphate chemicals – STPP detergents, food emulsifiers, flame retardants\",\"Superphosphate of lime (SSP) byproduct gypsum – plasterboard & cement retarder\"]","locations":"[{\"state\":\"Sokoto\",\"siteName\":\"Dange/Gusau embayment phosphate\",\"lon\":5.5,\"lat\":13.05},{\"state\":\"Kebbi\",\"siteName\":\"Kebbi phosphate\",\"lon\":4.2,\"lat\":11.5},{\"state\":\"Zamfara\",\"siteName\":\"Zamfara phosphate\",\"lon\":6.23,\"lat\":12.1},{\"state\":\"Cross River\",\"siteName\":\"Calabar Flank phosphate\",\"lon\":8.42,\"lat\":4.98},{\"state\":\"Benue\",\"siteName\":\"Benue phosphate\",\"lon\":8.76,\"lat\":7.33},{\"state\":\"Borno\",\"siteName\":\"Chad basin phosphate\",\"lon\":13.15,\"lat\":11.83}]","resourceId":"resource-phosphate","featureKind":"point","stateName":"Sokoto","siteName":"Dange/Gusau embayment phosphate"},"geometry":{"type":"Point","coordinates":[5.5,13.05]}},{"type":"Feature","properties":{"layerId":"resources","kind":"resources","id":"resource-phosphate-1","name":"Phosphate Rock (Sokoto Embayment & Cross River Basin)","resourceType":"phosphate","summary":"Sokoto marine phosphorites and Cross River phosphate shales — fertiliser and animal-feed mineral.","description":"Nigeria's phosphate deposits occur principally in the Upper Cretaceous Maastrichtian Sokoto embayment (Gwandu, Illela, and Isa formations) and in phosphorite nodules and shales along the Cross River basin (Odukpani, Ikom). Current output feeds local single-superphosphate (SSP) blending, with a Morocco-backed Sokoto greenfield fertiliser complex under negotiation.","lon":4.2,"lat":11.5,"statesCrossed":"[\"Sokoto\",\"Kebbi\",\"Zamfara\",\"Cross River\",\"Benue\",\"Borno\"]","reserveNote":"Sokoto embayment indicated ~250 Mt phosphate rock equivalent; Cross River ~50 Mt","productionNote":"Small artisanal + SSP blending; Sokoto Morocco-JV DAP/NPK fertiliser plant planned","type":"Marine sedimentary phosphorites, shale-hosted phosphate nodules; DAP/NPK fertiliser grades","economy":"Fertiliser (SSP, DAP, NPK blends), animal-feed dicalcium phosphate, industrial acid.","climate":"Sahelian Sokoto plains + tropical Cross River; both marine transgression sequences.","landmarks":"[\"Sokoto Gwandu / Illela phosphorite deposits\",\"Cross River Odukpani/Ikom phosphate nodules\",\"National Fertiliser Company of Nigeria (NAFCON) blending terminals\"]","highlights":"[\"Sokoto marine phosphorite belt\",\"NAFCON fertiliser feedstock\",\"Morocco JV Sokoto DAP plant (MOU)\"]","wikiUrl":"https://en.wikipedia.org/wiki/Phosphate_rock","products":"[\"Single Superphosphate (SSP) fertiliser – P₂O₅ + gypsum soil amendment\",\"Di-ammonium Phosphate (DAP) & Mono-ammonium Phosphate (MAP) – granular NPK fertilisers\",\"NPK compound blends (15-15-15, 20-10-10) – cocoa, maize, rice, oil palm nutrition\",\"Phosphoric acid (wet process) – H₃PO₄ for DAP + food-grade derivatives\",\"Dicalcium phosphate (DCP) & Monocalcium phosphate (MCP) – poultry & livestock feed minerals\",\"Triple Superphosphate (TSP) – high-concentration P₂O₅ direct-application fertiliser\",\"Industrial phosphate chemicals – STPP detergents, food emulsifiers, flame retardants\",\"Superphosphate of lime (SSP) byproduct gypsum – plasterboard & cement retarder\"]","locations":"[{\"state\":\"Sokoto\",\"siteName\":\"Dange/Gusau embayment phosphate\",\"lon\":5.5,\"lat\":13.05},{\"state\":\"Kebbi\",\"siteName\":\"Kebbi phosphate\",\"lon\":4.2,\"lat\":11.5},{\"state\":\"Zamfara\",\"siteName\":\"Zamfara phosphate\",\"lon\":6.23,\"lat\":12.1},{\"state\":\"Cross River\",\"siteName\":\"Calabar Flank phosphate\",\"lon\":8.42,\"lat\":4.98},{\"state\":\"Benue\",\"siteName\":\"Benue phosphate\",\"lon\":8.76,\"lat\":7.33},{\"state\":\"Borno\",\"siteName\":\"Chad basin phosphate\",\"lon\":13.15,\"lat\":11.83}]","resourceId":"resource-phosphate","featureKind":"point","stateName":"Kebbi","siteName":"Kebbi phosphate"},"geometry":{"type":"Point","coordinates":[4.2,11.5]}},{"type":"Feature","properties":{"layerId":"resources","kind":"resources","id":"resource-phosphate-2","name":"Phosphate Rock (Sokoto Embayment & Cross River Basin)","resourceType":"phosphate","summary":"Sokoto marine phosphorites and Cross River phosphate shales — fertiliser and animal-feed mineral.","description":"Nigeria's phosphate deposits occur principally in the Upper Cretaceous Maastrichtian Sokoto embayment (Gwandu, Illela, and Isa formations) and in phosphorite nodules and shales along the Cross River basin (Odukpani, Ikom). Current output feeds local single-superphosphate (SSP) blending, with a Morocco-backed Sokoto greenfield fertiliser complex under negotiation.","lon":6.23,"lat":12.1,"statesCrossed":"[\"Sokoto\",\"Kebbi\",\"Zamfara\",\"Cross River\",\"Benue\",\"Borno\"]","reserveNote":"Sokoto embayment indicated ~250 Mt phosphate rock equivalent; Cross River ~50 Mt","productionNote":"Small artisanal + SSP blending; Sokoto Morocco-JV DAP/NPK fertiliser plant planned","type":"Marine sedimentary phosphorites, shale-hosted phosphate nodules; DAP/NPK fertiliser grades","economy":"Fertiliser (SSP, DAP, NPK blends), animal-feed dicalcium phosphate, industrial acid.","climate":"Sahelian Sokoto plains + tropical Cross River; both marine transgression sequences.","landmarks":"[\"Sokoto Gwandu / Illela phosphorite deposits\",\"Cross River Odukpani/Ikom phosphate nodules\",\"National Fertiliser Company of Nigeria (NAFCON) blending terminals\"]","highlights":"[\"Sokoto marine phosphorite belt\",\"NAFCON fertiliser feedstock\",\"Morocco JV Sokoto DAP plant (MOU)\"]","wikiUrl":"https://en.wikipedia.org/wiki/Phosphate_rock","products":"[\"Single Superphosphate (SSP) fertiliser – P₂O₅ + gypsum soil amendment\",\"Di-ammonium Phosphate (DAP) & Mono-ammonium Phosphate (MAP) – granular NPK fertilisers\",\"NPK compound blends (15-15-15, 20-10-10) – cocoa, maize, rice, oil palm nutrition\",\"Phosphoric acid (wet process) – H₃PO₄ for DAP + food-grade derivatives\",\"Dicalcium phosphate (DCP) & Monocalcium phosphate (MCP) – poultry & livestock feed minerals\",\"Triple Superphosphate (TSP) – high-concentration P₂O₅ direct-application fertiliser\",\"Industrial phosphate chemicals – STPP detergents, food emulsifiers, flame retardants\",\"Superphosphate of lime (SSP) byproduct gypsum – plasterboard & cement retarder\"]","locations":"[{\"state\":\"Sokoto\",\"siteName\":\"Dange/Gusau embayment phosphate\",\"lon\":5.5,\"lat\":13.05},{\"state\":\"Kebbi\",\"siteName\":\"Kebbi phosphate\",\"lon\":4.2,\"lat\":11.5},{\"state\":\"Zamfara\",\"siteName\":\"Zamfara phosphate\",\"lon\":6.23,\"lat\":12.1},{\"state\":\"Cross River\",\"siteName\":\"Calabar Flank phosphate\",\"lon\":8.42,\"lat\":4.98},{\"state\":\"Benue\",\"siteName\":\"Benue phosphate\",\"lon\":8.76,\"lat\":7.33},{\"state\":\"Borno\",\"siteName\":\"Chad basin phosphate\",\"lon\":13.15,\"lat\":11.83}]","resourceId":"resource-phosphate","featureKind":"point","stateName":"Zamfara","siteName":"Zamfara phosphate"},"geometry":{"type":"Point","coordinates":[6.23,12.1]}},{"type":"Feature","properties":{"layerId":"resources","kind":"resources","id":"resource-phosphate-3","name":"Phosphate Rock (Sokoto Embayment & Cross River Basin)","resourceType":"phosphate","summary":"Sokoto marine phosphorites and Cross River phosphate shales — fertiliser and animal-feed mineral.","description":"Nigeria's phosphate deposits occur principally in the Upper Cretaceous Maastrichtian Sokoto embayment (Gwandu, Illela, and Isa formations) and in phosphorite nodules and shales along the Cross River basin (Odukpani, Ikom). Current output feeds local single-superphosphate (SSP) blending, with a Morocco-backed Sokoto greenfield fertiliser complex under negotiation.","lon":8.42,"lat":4.98,"statesCrossed":"[\"Sokoto\",\"Kebbi\",\"Zamfara\",\"Cross River\",\"Benue\",\"Borno\"]","reserveNote":"Sokoto embayment indicated ~250 Mt phosphate rock equivalent; Cross River ~50 Mt","productionNote":"Small artisanal + SSP blending; Sokoto Morocco-JV DAP/NPK fertiliser plant planned","type":"Marine sedimentary phosphorites, shale-hosted phosphate nodules; DAP/NPK fertiliser grades","economy":"Fertiliser (SSP, DAP, NPK blends), animal-feed dicalcium phosphate, industrial acid.","climate":"Sahelian Sokoto plains + tropical Cross River; both marine transgression sequences.","landmarks":"[\"Sokoto Gwandu / Illela phosphorite deposits\",\"Cross River Odukpani/Ikom phosphate nodules\",\"National Fertiliser Company of Nigeria (NAFCON) blending terminals\"]","highlights":"[\"Sokoto marine phosphorite belt\",\"NAFCON fertiliser feedstock\",\"Morocco JV Sokoto DAP plant (MOU)\"]","wikiUrl":"https://en.wikipedia.org/wiki/Phosphate_rock","products":"[\"Single Superphosphate (SSP) fertiliser – P₂O₅ + gypsum soil amendment\",\"Di-ammonium Phosphate (DAP) & Mono-ammonium Phosphate (MAP) – granular NPK fertilisers\",\"NPK compound blends (15-15-15, 20-10-10) – cocoa, maize, rice, oil palm nutrition\",\"Phosphoric acid (wet process) – H₃PO₄ for DAP + food-grade derivatives\",\"Dicalcium phosphate (DCP) & Monocalcium phosphate (MCP) – poultry & livestock feed minerals\",\"Triple Superphosphate (TSP) – high-concentration P₂O₅ direct-application fertiliser\",\"Industrial phosphate chemicals – STPP detergents, food emulsifiers, flame retardants\",\"Superphosphate of lime (SSP) byproduct gypsum – plasterboard & cement retarder\"]","locations":"[{\"state\":\"Sokoto\",\"siteName\":\"Dange/Gusau embayment phosphate\",\"lon\":5.5,\"lat\":13.05},{\"state\":\"Kebbi\",\"siteName\":\"Kebbi phosphate\",\"lon\":4.2,\"lat\":11.5},{\"state\":\"Zamfara\",\"siteName\":\"Zamfara phosphate\",\"lon\":6.23,\"lat\":12.1},{\"state\":\"Cross River\",\"siteName\":\"Calabar Flank phosphate\",\"lon\":8.42,\"lat\":4.98},{\"state\":\"Benue\",\"siteName\":\"Benue phosphate\",\"lon\":8.76,\"lat\":7.33},{\"state\":\"Borno\",\"siteName\":\"Chad basin phosphate\",\"lon\":13.15,\"lat\":11.83}]","resourceId":"resource-phosphate","featureKind":"point","stateName":"Cross River","siteName":"Calabar Flank phosphate"},"geometry":{"type":"Point","coordinates":[8.42,4.98]}},{"type":"Feature","properties":{"layerId":"resources","kind":"resources","id":"resource-phosphate-4","name":"Phosphate Rock (Sokoto Embayment & Cross River Basin)","resourceType":"phosphate","summary":"Sokoto marine phosphorites and Cross River phosphate shales — fertiliser and animal-feed mineral.","description":"Nigeria's phosphate deposits occur principally in the Upper Cretaceous Maastrichtian Sokoto embayment (Gwandu, Illela, and Isa formations) and in phosphorite nodules and shales along the Cross River basin (Odukpani, Ikom). Current output feeds local single-superphosphate (SSP) blending, with a Morocco-backed Sokoto greenfield fertiliser complex under negotiation.","lon":8.76,"lat":7.33,"statesCrossed":"[\"Sokoto\",\"Kebbi\",\"Zamfara\",\"Cross River\",\"Benue\",\"Borno\"]","reserveNote":"Sokoto embayment indicated ~250 Mt phosphate rock equivalent; Cross River ~50 Mt","productionNote":"Small artisanal + SSP blending; Sokoto Morocco-JV DAP/NPK fertiliser plant planned","type":"Marine sedimentary phosphorites, shale-hosted phosphate nodules; DAP/NPK fertiliser grades","economy":"Fertiliser (SSP, DAP, NPK blends), animal-feed dicalcium phosphate, industrial acid.","climate":"Sahelian Sokoto plains + tropical Cross River; both marine transgression sequences.","landmarks":"[\"Sokoto Gwandu / Illela phosphorite deposits\",\"Cross River Odukpani/Ikom phosphate nodules\",\"National Fertiliser Company of Nigeria (NAFCON) blending terminals\"]","highlights":"[\"Sokoto marine phosphorite belt\",\"NAFCON fertiliser feedstock\",\"Morocco JV Sokoto DAP plant (MOU)\"]","wikiUrl":"https://en.wikipedia.org/wiki/Phosphate_rock","products":"[\"Single Superphosphate (SSP) fertiliser – P₂O₅ + gypsum soil amendment\",\"Di-ammonium Phosphate (DAP) & Mono-ammonium Phosphate (MAP) – granular NPK fertilisers\",\"NPK compound blends (15-15-15, 20-10-10) – cocoa, maize, rice, oil palm nutrition\",\"Phosphoric acid (wet process) – H₃PO₄ for DAP + food-grade derivatives\",\"Dicalcium phosphate (DCP) & Monocalcium phosphate (MCP) – poultry & livestock feed minerals\",\"Triple Superphosphate (TSP) – high-concentration P₂O₅ direct-application fertiliser\",\"Industrial phosphate chemicals – STPP detergents, food emulsifiers, flame retardants\",\"Superphosphate of lime (SSP) byproduct gypsum – plasterboard & cement retarder\"]","locations":"[{\"state\":\"Sokoto\",\"siteName\":\"Dange/Gusau embayment phosphate\",\"lon\":5.5,\"lat\":13.05},{\"state\":\"Kebbi\",\"siteName\":\"Kebbi phosphate\",\"lon\":4.2,\"lat\":11.5},{\"state\":\"Zamfara\",\"siteName\":\"Zamfara phosphate\",\"lon\":6.23,\"lat\":12.1},{\"state\":\"Cross River\",\"siteName\":\"Calabar Flank phosphate\",\"lon\":8.42,\"lat\":4.98},{\"state\":\"Benue\",\"siteName\":\"Benue phosphate\",\"lon\":8.76,\"lat\":7.33},{\"state\":\"Borno\",\"siteName\":\"Chad basin phosphate\",\"lon\":13.15,\"lat\":11.83}]","resourceId":"resource-phosphate","featureKind":"point","stateName":"Benue","siteName":"Benue phosphate"},"geometry":{"type":"Point","coordinates":[8.76,7.33]}},{"type":"Feature","properties":{"layerId":"resources","kind":"resources","id":"resource-phosphate-5","name":"Phosphate Rock (Sokoto Embayment & Cross River Basin)","resourceType":"phosphate","summary":"Sokoto marine phosphorites and Cross River phosphate shales — fertiliser and animal-feed mineral.","description":"Nigeria's phosphate deposits occur principally in the Upper Cretaceous Maastrichtian Sokoto embayment (Gwandu, Illela, and Isa formations) and in phosphorite nodules and shales along the Cross River basin (Odukpani, Ikom). Current output feeds local single-superphosphate (SSP) blending, with a Morocco-backed Sokoto greenfield fertiliser complex under negotiation.","lon":13.15,"lat":11.83,"statesCrossed":"[\"Sokoto\",\"Kebbi\",\"Zamfara\",\"Cross River\",\"Benue\",\"Borno\"]","reserveNote":"Sokoto embayment indicated ~250 Mt phosphate rock equivalent; Cross River ~50 Mt","productionNote":"Small artisanal + SSP blending; Sokoto Morocco-JV DAP/NPK fertiliser plant planned","type":"Marine sedimentary phosphorites, shale-hosted phosphate nodules; DAP/NPK fertiliser grades","economy":"Fertiliser (SSP, DAP, NPK blends), animal-feed dicalcium phosphate, industrial acid.","climate":"Sahelian Sokoto plains + tropical Cross River; both marine transgression sequences.","landmarks":"[\"Sokoto Gwandu / Illela phosphorite deposits\",\"Cross River Odukpani/Ikom phosphate nodules\",\"National Fertiliser Company of Nigeria (NAFCON) blending terminals\"]","highlights":"[\"Sokoto marine phosphorite belt\",\"NAFCON fertiliser feedstock\",\"Morocco JV Sokoto DAP plant (MOU)\"]","wikiUrl":"https://en.wikipedia.org/wiki/Phosphate_rock","products":"[\"Single Superphosphate (SSP) fertiliser – P₂O₅ + gypsum soil amendment\",\"Di-ammonium Phosphate (DAP) & Mono-ammonium Phosphate (MAP) – granular NPK fertilisers\",\"NPK compound blends (15-15-15, 20-10-10) – cocoa, maize, rice, oil palm nutrition\",\"Phosphoric acid (wet process) – H₃PO₄ for DAP + food-grade derivatives\",\"Dicalcium phosphate (DCP) & Monocalcium phosphate (MCP) – poultry & livestock feed minerals\",\"Triple Superphosphate (TSP) – high-concentration P₂O₅ direct-application fertiliser\",\"Industrial phosphate chemicals – STPP detergents, food emulsifiers, flame retardants\",\"Superphosphate of lime (SSP) byproduct gypsum – plasterboard & cement retarder\"]","locations":"[{\"state\":\"Sokoto\",\"siteName\":\"Dange/Gusau embayment phosphate\",\"lon\":5.5,\"lat\":13.05},{\"state\":\"Kebbi\",\"siteName\":\"Kebbi phosphate\",\"lon\":4.2,\"lat\":11.5},{\"state\":\"Zamfara\",\"siteName\":\"Zamfara phosphate\",\"lon\":6.23,\"lat\":12.1},{\"state\":\"Cross River\",\"siteName\":\"Calabar Flank phosphate\",\"lon\":8.42,\"lat\":4.98},{\"state\":\"Benue\",\"siteName\":\"Benue phosphate\",\"lon\":8.76,\"lat\":7.33},{\"state\":\"Borno\",\"siteName\":\"Chad basin phosphate\",\"lon\":13.15,\"lat\":11.83}]","resourceId":"resource-phosphate","featureKind":"point","stateName":"Borno","siteName":"Chad basin phosphate"},"geometry":{"type":"Point","coordinates":[13.15,11.83]}},{"type":"Feature","properties":{"layerId":"resources","kind":"resources","id":"resource-gypsum-0","name":"Gypsum & Anhydrite (Sokoto, Niger, Benue, Gombe)","resourceType":"gypsum","summary":"Evaporitic gypsum deposits supplying cement retarder, plasterboard, and agricultural soil conditioner.","description":"Nigeria's gypsum deposits are predominantly evaporitic in the Sokoto embayment, the Benue trough, southern Niger State, and the Gombe sub-basin. The overwhelming bulk of output feeds the cement industry (5% gypsum added to clinker as set retarder), with the remainder used in wallboard, plaster, agriculture, and dental plasters.","lon":5.3,"lat":13.15,"statesCrossed":"[\"Sokoto\",\"Niger\",\"Benue\",\"Gombe\",\"Kebbi\",\"Bauchi\",\"Adamawa\"]","reserveNote":"~1.5 Bt gypsum/anhydrite indicated (MCO Nigeria estimates)","productionNote":"Mined for cement retarder; small plaster/moulding gypsum grades; plasterboard plants planned","type":"Gypsum (CaSO₄·2H₂O) + anhydrite; primary cement-grade + secondary plaster-board grade","economy":"Cement retarder (largest demand), plasterboard, agricultural gypsum (soil amendment).","climate":"Sahelian–Sudan evaporitic lake basins with Cretaceous–Tertiary marine sequences.","landmarks":"[\"Sokoto–Argungu gypsum deposits\",\"Benue Makurdi/Lafia gypsum sub-basins\",\"Dangote/Lafarge cement blending & clinker grinding lines\"]","highlights":"[\"Cement clinker retarder (primary)\",\"Sokoto + Benue gypsum belts\",\"Plasterboard demand from construction boom\"]","wikiUrl":"https://en.wikipedia.org/wiki/Gypsum","products":"[\"Cement retarder – 4–5 wt% raw gypsum ground with Portland cement clinker (controls set time)\",\"Plaster of Paris (calcined gypsum / stucco) – internal wall plaster, cornices, mouldings\",\"Gypsum wallboard / drywall / plasterboard – interior partitions, ceilings, fire-rated panels\",\"Agricultural gypsum – soil amendment (sodic soil reclamation), sulphur + calcium nutrition\",\"Dental & medical plaster – dental impressions, orthopaedic casts, surgical splints\",\"Gypsum moulds for ceramics & pottery – jiggering & slip-casting tableware\",\"Alpha-grade high-strength gypsum – precision casting, tile adhesive, flooring underlayment\",\"Desulphurisation gypsum analogue – potential use from future flue-gas desulphurisation\"]","locations":"[{\"state\":\"Sokoto\",\"siteName\":\"Kalambaina/Wurno gypsum\",\"lon\":5.3,\"lat\":13.15},{\"state\":\"Niger\",\"siteName\":\"Niger gypsum\",\"lon\":6,\"lat\":9.93},{\"state\":\"Benue\",\"siteName\":\"Benue gypsum\",\"lon\":8.76,\"lat\":7.33},{\"state\":\"Gombe\",\"siteName\":\"Gombe gypsum\",\"lon\":11.22,\"lat\":10.29},{\"state\":\"Kebbi\",\"siteName\":\"Kebbi gypsum\",\"lon\":4.2,\"lat\":11.5},{\"state\":\"Bauchi\",\"siteName\":\"Bauchi gypsum\",\"lon\":9.84,\"lat\":10.5},{\"state\":\"Adamawa\",\"siteName\":\"Yola gypsum\",\"lon\":12.48,\"lat\":9.2}]","resourceId":"resource-gypsum","featureKind":"point","stateName":"Sokoto","siteName":"Kalambaina/Wurno gypsum"},"geometry":{"type":"Point","coordinates":[5.3,13.15]}},{"type":"Feature","properties":{"layerId":"resources","kind":"resources","id":"resource-gypsum-1","name":"Gypsum & Anhydrite (Sokoto, Niger, Benue, Gombe)","resourceType":"gypsum","summary":"Evaporitic gypsum deposits supplying cement retarder, plasterboard, and agricultural soil conditioner.","description":"Nigeria's gypsum deposits are predominantly evaporitic in the Sokoto embayment, the Benue trough, southern Niger State, and the Gombe sub-basin. The overwhelming bulk of output feeds the cement industry (5% gypsum added to clinker as set retarder), with the remainder used in wallboard, plaster, agriculture, and dental plasters.","lon":6,"lat":9.93,"statesCrossed":"[\"Sokoto\",\"Niger\",\"Benue\",\"Gombe\",\"Kebbi\",\"Bauchi\",\"Adamawa\"]","reserveNote":"~1.5 Bt gypsum/anhydrite indicated (MCO Nigeria estimates)","productionNote":"Mined for cement retarder; small plaster/moulding gypsum grades; plasterboard plants planned","type":"Gypsum (CaSO₄·2H₂O) + anhydrite; primary cement-grade + secondary plaster-board grade","economy":"Cement retarder (largest demand), plasterboard, agricultural gypsum (soil amendment).","climate":"Sahelian–Sudan evaporitic lake basins with Cretaceous–Tertiary marine sequences.","landmarks":"[\"Sokoto–Argungu gypsum deposits\",\"Benue Makurdi/Lafia gypsum sub-basins\",\"Dangote/Lafarge cement blending & clinker grinding lines\"]","highlights":"[\"Cement clinker retarder (primary)\",\"Sokoto + Benue gypsum belts\",\"Plasterboard demand from construction boom\"]","wikiUrl":"https://en.wikipedia.org/wiki/Gypsum","products":"[\"Cement retarder – 4–5 wt% raw gypsum ground with Portland cement clinker (controls set time)\",\"Plaster of Paris (calcined gypsum / stucco) – internal wall plaster, cornices, mouldings\",\"Gypsum wallboard / drywall / plasterboard – interior partitions, ceilings, fire-rated panels\",\"Agricultural gypsum – soil amendment (sodic soil reclamation), sulphur + calcium nutrition\",\"Dental & medical plaster – dental impressions, orthopaedic casts, surgical splints\",\"Gypsum moulds for ceramics & pottery – jiggering & slip-casting tableware\",\"Alpha-grade high-strength gypsum – precision casting, tile adhesive, flooring underlayment\",\"Desulphurisation gypsum analogue – potential use from future flue-gas desulphurisation\"]","locations":"[{\"state\":\"Sokoto\",\"siteName\":\"Kalambaina/Wurno gypsum\",\"lon\":5.3,\"lat\":13.15},{\"state\":\"Niger\",\"siteName\":\"Niger gypsum\",\"lon\":6,\"lat\":9.93},{\"state\":\"Benue\",\"siteName\":\"Benue gypsum\",\"lon\":8.76,\"lat\":7.33},{\"state\":\"Gombe\",\"siteName\":\"Gombe gypsum\",\"lon\":11.22,\"lat\":10.29},{\"state\":\"Kebbi\",\"siteName\":\"Kebbi gypsum\",\"lon\":4.2,\"lat\":11.5},{\"state\":\"Bauchi\",\"siteName\":\"Bauchi gypsum\",\"lon\":9.84,\"lat\":10.5},{\"state\":\"Adamawa\",\"siteName\":\"Yola gypsum\",\"lon\":12.48,\"lat\":9.2}]","resourceId":"resource-gypsum","featureKind":"point","stateName":"Niger","siteName":"Niger gypsum"},"geometry":{"type":"Point","coordinates":[6,9.93]}},{"type":"Feature","properties":{"layerId":"resources","kind":"resources","id":"resource-gypsum-2","name":"Gypsum & Anhydrite (Sokoto, Niger, Benue, Gombe)","resourceType":"gypsum","summary":"Evaporitic gypsum deposits supplying cement retarder, plasterboard, and agricultural soil conditioner.","description":"Nigeria's gypsum deposits are predominantly evaporitic in the Sokoto embayment, the Benue trough, southern Niger State, and the Gombe sub-basin. The overwhelming bulk of output feeds the cement industry (5% gypsum added to clinker as set retarder), with the remainder used in wallboard, plaster, agriculture, and dental plasters.","lon":8.76,"lat":7.33,"statesCrossed":"[\"Sokoto\",\"Niger\",\"Benue\",\"Gombe\",\"Kebbi\",\"Bauchi\",\"Adamawa\"]","reserveNote":"~1.5 Bt gypsum/anhydrite indicated (MCO Nigeria estimates)","productionNote":"Mined for cement retarder; small plaster/moulding gypsum grades; plasterboard plants planned","type":"Gypsum (CaSO₄·2H₂O) + anhydrite; primary cement-grade + secondary plaster-board grade","economy":"Cement retarder (largest demand), plasterboard, agricultural gypsum (soil amendment).","climate":"Sahelian–Sudan evaporitic lake basins with Cretaceous–Tertiary marine sequences.","landmarks":"[\"Sokoto–Argungu gypsum deposits\",\"Benue Makurdi/Lafia gypsum sub-basins\",\"Dangote/Lafarge cement blending & clinker grinding lines\"]","highlights":"[\"Cement clinker retarder (primary)\",\"Sokoto + Benue gypsum belts\",\"Plasterboard demand from construction boom\"]","wikiUrl":"https://en.wikipedia.org/wiki/Gypsum","products":"[\"Cement retarder – 4–5 wt% raw gypsum ground with Portland cement clinker (controls set time)\",\"Plaster of Paris (calcined gypsum / stucco) – internal wall plaster, cornices, mouldings\",\"Gypsum wallboard / drywall / plasterboard – interior partitions, ceilings, fire-rated panels\",\"Agricultural gypsum – soil amendment (sodic soil reclamation), sulphur + calcium nutrition\",\"Dental & medical plaster – dental impressions, orthopaedic casts, surgical splints\",\"Gypsum moulds for ceramics & pottery – jiggering & slip-casting tableware\",\"Alpha-grade high-strength gypsum – precision casting, tile adhesive, flooring underlayment\",\"Desulphurisation gypsum analogue – potential use from future flue-gas desulphurisation\"]","locations":"[{\"state\":\"Sokoto\",\"siteName\":\"Kalambaina/Wurno gypsum\",\"lon\":5.3,\"lat\":13.15},{\"state\":\"Niger\",\"siteName\":\"Niger gypsum\",\"lon\":6,\"lat\":9.93},{\"state\":\"Benue\",\"siteName\":\"Benue gypsum\",\"lon\":8.76,\"lat\":7.33},{\"state\":\"Gombe\",\"siteName\":\"Gombe gypsum\",\"lon\":11.22,\"lat\":10.29},{\"state\":\"Kebbi\",\"siteName\":\"Kebbi gypsum\",\"lon\":4.2,\"lat\":11.5},{\"state\":\"Bauchi\",\"siteName\":\"Bauchi gypsum\",\"lon\":9.84,\"lat\":10.5},{\"state\":\"Adamawa\",\"siteName\":\"Yola gypsum\",\"lon\":12.48,\"lat\":9.2}]","resourceId":"resource-gypsum","featureKind":"point","stateName":"Benue","siteName":"Benue gypsum"},"geometry":{"type":"Point","coordinates":[8.76,7.33]}},{"type":"Feature","properties":{"layerId":"resources","kind":"resources","id":"resource-gypsum-3","name":"Gypsum & Anhydrite (Sokoto, Niger, Benue, Gombe)","resourceType":"gypsum","summary":"Evaporitic gypsum deposits supplying cement retarder, plasterboard, and agricultural soil conditioner.","description":"Nigeria's gypsum deposits are predominantly evaporitic in the Sokoto embayment, the Benue trough, southern Niger State, and the Gombe sub-basin. The overwhelming bulk of output feeds the cement industry (5% gypsum added to clinker as set retarder), with the remainder used in wallboard, plaster, agriculture, and dental plasters.","lon":11.22,"lat":10.29,"statesCrossed":"[\"Sokoto\",\"Niger\",\"Benue\",\"Gombe\",\"Kebbi\",\"Bauchi\",\"Adamawa\"]","reserveNote":"~1.5 Bt gypsum/anhydrite indicated (MCO Nigeria estimates)","productionNote":"Mined for cement retarder; small plaster/moulding gypsum grades; plasterboard plants planned","type":"Gypsum (CaSO₄·2H₂O) + anhydrite; primary cement-grade + secondary plaster-board grade","economy":"Cement retarder (largest demand), plasterboard, agricultural gypsum (soil amendment).","climate":"Sahelian–Sudan evaporitic lake basins with Cretaceous–Tertiary marine sequences.","landmarks":"[\"Sokoto–Argungu gypsum deposits\",\"Benue Makurdi/Lafia gypsum sub-basins\",\"Dangote/Lafarge cement blending & clinker grinding lines\"]","highlights":"[\"Cement clinker retarder (primary)\",\"Sokoto + Benue gypsum belts\",\"Plasterboard demand from construction boom\"]","wikiUrl":"https://en.wikipedia.org/wiki/Gypsum","products":"[\"Cement retarder – 4–5 wt% raw gypsum ground with Portland cement clinker (controls set time)\",\"Plaster of Paris (calcined gypsum / stucco) – internal wall plaster, cornices, mouldings\",\"Gypsum wallboard / drywall / plasterboard – interior partitions, ceilings, fire-rated panels\",\"Agricultural gypsum – soil amendment (sodic soil reclamation), sulphur + calcium nutrition\",\"Dental & medical plaster – dental impressions, orthopaedic casts, surgical splints\",\"Gypsum moulds for ceramics & pottery – jiggering & slip-casting tableware\",\"Alpha-grade high-strength gypsum – precision casting, tile adhesive, flooring underlayment\",\"Desulphurisation gypsum analogue – potential use from future flue-gas desulphurisation\"]","locations":"[{\"state\":\"Sokoto\",\"siteName\":\"Kalambaina/Wurno gypsum\",\"lon\":5.3,\"lat\":13.15},{\"state\":\"Niger\",\"siteName\":\"Niger gypsum\",\"lon\":6,\"lat\":9.93},{\"state\":\"Benue\",\"siteName\":\"Benue gypsum\",\"lon\":8.76,\"lat\":7.33},{\"state\":\"Gombe\",\"siteName\":\"Gombe gypsum\",\"lon\":11.22,\"lat\":10.29},{\"state\":\"Kebbi\",\"siteName\":\"Kebbi gypsum\",\"lon\":4.2,\"lat\":11.5},{\"state\":\"Bauchi\",\"siteName\":\"Bauchi gypsum\",\"lon\":9.84,\"lat\":10.5},{\"state\":\"Adamawa\",\"siteName\":\"Yola gypsum\",\"lon\":12.48,\"lat\":9.2}]","resourceId":"resource-gypsum","featureKind":"point","stateName":"Gombe","siteName":"Gombe gypsum"},"geometry":{"type":"Point","coordinates":[11.22,10.29]}},{"type":"Feature","properties":{"layerId":"resources","kind":"resources","id":"resource-gypsum-4","name":"Gypsum & Anhydrite (Sokoto, Niger, Benue, Gombe)","resourceType":"gypsum","summary":"Evaporitic gypsum deposits supplying cement retarder, plasterboard, and agricultural soil conditioner.","description":"Nigeria's gypsum deposits are predominantly evaporitic in the Sokoto embayment, the Benue trough, southern Niger State, and the Gombe sub-basin. The overwhelming bulk of output feeds the cement industry (5% gypsum added to clinker as set retarder), with the remainder used in wallboard, plaster, agriculture, and dental plasters.","lon":4.2,"lat":11.5,"statesCrossed":"[\"Sokoto\",\"Niger\",\"Benue\",\"Gombe\",\"Kebbi\",\"Bauchi\",\"Adamawa\"]","reserveNote":"~1.5 Bt gypsum/anhydrite indicated (MCO Nigeria estimates)","productionNote":"Mined for cement retarder; small plaster/moulding gypsum grades; plasterboard plants planned","type":"Gypsum (CaSO₄·2H₂O) + anhydrite; primary cement-grade + secondary plaster-board grade","economy":"Cement retarder (largest demand), plasterboard, agricultural gypsum (soil amendment).","climate":"Sahelian–Sudan evaporitic lake basins with Cretaceous–Tertiary marine sequences.","landmarks":"[\"Sokoto–Argungu gypsum deposits\",\"Benue Makurdi/Lafia gypsum sub-basins\",\"Dangote/Lafarge cement blending & clinker grinding lines\"]","highlights":"[\"Cement clinker retarder (primary)\",\"Sokoto + Benue gypsum belts\",\"Plasterboard demand from construction boom\"]","wikiUrl":"https://en.wikipedia.org/wiki/Gypsum","products":"[\"Cement retarder – 4–5 wt% raw gypsum ground with Portland cement clinker (controls set time)\",\"Plaster of Paris (calcined gypsum / stucco) – internal wall plaster, cornices, mouldings\",\"Gypsum wallboard / drywall / plasterboard – interior partitions, ceilings, fire-rated panels\",\"Agricultural gypsum – soil amendment (sodic soil reclamation), sulphur + calcium nutrition\",\"Dental & medical plaster – dental impressions, orthopaedic casts, surgical splints\",\"Gypsum moulds for ceramics & pottery – jiggering & slip-casting tableware\",\"Alpha-grade high-strength gypsum – precision casting, tile adhesive, flooring underlayment\",\"Desulphurisation gypsum analogue – potential use from future flue-gas desulphurisation\"]","locations":"[{\"state\":\"Sokoto\",\"siteName\":\"Kalambaina/Wurno gypsum\",\"lon\":5.3,\"lat\":13.15},{\"state\":\"Niger\",\"siteName\":\"Niger gypsum\",\"lon\":6,\"lat\":9.93},{\"state\":\"Benue\",\"siteName\":\"Benue gypsum\",\"lon\":8.76,\"lat\":7.33},{\"state\":\"Gombe\",\"siteName\":\"Gombe gypsum\",\"lon\":11.22,\"lat\":10.29},{\"state\":\"Kebbi\",\"siteName\":\"Kebbi gypsum\",\"lon\":4.2,\"lat\":11.5},{\"state\":\"Bauchi\",\"siteName\":\"Bauchi gypsum\",\"lon\":9.84,\"lat\":10.5},{\"state\":\"Adamawa\",\"siteName\":\"Yola gypsum\",\"lon\":12.48,\"lat\":9.2}]","resourceId":"resource-gypsum","featureKind":"point","stateName":"Kebbi","siteName":"Kebbi gypsum"},"geometry":{"type":"Point","coordinates":[4.2,11.5]}},{"type":"Feature","properties":{"layerId":"resources","kind":"resources","id":"resource-gypsum-5","name":"Gypsum & Anhydrite (Sokoto, Niger, Benue, Gombe)","resourceType":"gypsum","summary":"Evaporitic gypsum deposits supplying cement retarder, plasterboard, and agricultural soil conditioner.","description":"Nigeria's gypsum deposits are predominantly evaporitic in the Sokoto embayment, the Benue trough, southern Niger State, and the Gombe sub-basin. The overwhelming bulk of output feeds the cement industry (5% gypsum added to clinker as set retarder), with the remainder used in wallboard, plaster, agriculture, and dental plasters.","lon":9.84,"lat":10.5,"statesCrossed":"[\"Sokoto\",\"Niger\",\"Benue\",\"Gombe\",\"Kebbi\",\"Bauchi\",\"Adamawa\"]","reserveNote":"~1.5 Bt gypsum/anhydrite indicated (MCO Nigeria estimates)","productionNote":"Mined for cement retarder; small plaster/moulding gypsum grades; plasterboard plants planned","type":"Gypsum (CaSO₄·2H₂O) + anhydrite; primary cement-grade + secondary plaster-board grade","economy":"Cement retarder (largest demand), plasterboard, agricultural gypsum (soil amendment).","climate":"Sahelian–Sudan evaporitic lake basins with Cretaceous–Tertiary marine sequences.","landmarks":"[\"Sokoto–Argungu gypsum deposits\",\"Benue Makurdi/Lafia gypsum sub-basins\",\"Dangote/Lafarge cement blending & clinker grinding lines\"]","highlights":"[\"Cement clinker retarder (primary)\",\"Sokoto + Benue gypsum belts\",\"Plasterboard demand from construction boom\"]","wikiUrl":"https://en.wikipedia.org/wiki/Gypsum","products":"[\"Cement retarder – 4–5 wt% raw gypsum ground with Portland cement clinker (controls set time)\",\"Plaster of Paris (calcined gypsum / stucco) – internal wall plaster, cornices, mouldings\",\"Gypsum wallboard / drywall / plasterboard – interior partitions, ceilings, fire-rated panels\",\"Agricultural gypsum – soil amendment (sodic soil reclamation), sulphur + calcium nutrition\",\"Dental & medical plaster – dental impressions, orthopaedic casts, surgical splints\",\"Gypsum moulds for ceramics & pottery – jiggering & slip-casting tableware\",\"Alpha-grade high-strength gypsum – precision casting, tile adhesive, flooring underlayment\",\"Desulphurisation gypsum analogue – potential use from future flue-gas desulphurisation\"]","locations":"[{\"state\":\"Sokoto\",\"siteName\":\"Kalambaina/Wurno gypsum\",\"lon\":5.3,\"lat\":13.15},{\"state\":\"Niger\",\"siteName\":\"Niger gypsum\",\"lon\":6,\"lat\":9.93},{\"state\":\"Benue\",\"siteName\":\"Benue gypsum\",\"lon\":8.76,\"lat\":7.33},{\"state\":\"Gombe\",\"siteName\":\"Gombe gypsum\",\"lon\":11.22,\"lat\":10.29},{\"state\":\"Kebbi\",\"siteName\":\"Kebbi gypsum\",\"lon\":4.2,\"lat\":11.5},{\"state\":\"Bauchi\",\"siteName\":\"Bauchi gypsum\",\"lon\":9.84,\"lat\":10.5},{\"state\":\"Adamawa\",\"siteName\":\"Yola gypsum\",\"lon\":12.48,\"lat\":9.2}]","resourceId":"resource-gypsum","featureKind":"point","stateName":"Bauchi","siteName":"Bauchi gypsum"},"geometry":{"type":"Point","coordinates":[9.84,10.5]}},{"type":"Feature","properties":{"layerId":"resources","kind":"resources","id":"resource-gypsum-6","name":"Gypsum & Anhydrite (Sokoto, Niger, Benue, Gombe)","resourceType":"gypsum","summary":"Evaporitic gypsum deposits supplying cement retarder, plasterboard, and agricultural soil conditioner.","description":"Nigeria's gypsum deposits are predominantly evaporitic in the Sokoto embayment, the Benue trough, southern Niger State, and the Gombe sub-basin. The overwhelming bulk of output feeds the cement industry (5% gypsum added to clinker as set retarder), with the remainder used in wallboard, plaster, agriculture, and dental plasters.","lon":12.48,"lat":9.2,"statesCrossed":"[\"Sokoto\",\"Niger\",\"Benue\",\"Gombe\",\"Kebbi\",\"Bauchi\",\"Adamawa\"]","reserveNote":"~1.5 Bt gypsum/anhydrite indicated (MCO Nigeria estimates)","productionNote":"Mined for cement retarder; small plaster/moulding gypsum grades; plasterboard plants planned","type":"Gypsum (CaSO₄·2H₂O) + anhydrite; primary cement-grade + secondary plaster-board grade","economy":"Cement retarder (largest demand), plasterboard, agricultural gypsum (soil amendment).","climate":"Sahelian–Sudan evaporitic lake basins with Cretaceous–Tertiary marine sequences.","landmarks":"[\"Sokoto–Argungu gypsum deposits\",\"Benue Makurdi/Lafia gypsum sub-basins\",\"Dangote/Lafarge cement blending & clinker grinding lines\"]","highlights":"[\"Cement clinker retarder (primary)\",\"Sokoto + Benue gypsum belts\",\"Plasterboard demand from construction boom\"]","wikiUrl":"https://en.wikipedia.org/wiki/Gypsum","products":"[\"Cement retarder – 4–5 wt% raw gypsum ground with Portland cement clinker (controls set time)\",\"Plaster of Paris (calcined gypsum / stucco) – internal wall plaster, cornices, mouldings\",\"Gypsum wallboard / drywall / plasterboard – interior partitions, ceilings, fire-rated panels\",\"Agricultural gypsum – soil amendment (sodic soil reclamation), sulphur + calcium nutrition\",\"Dental & medical plaster – dental impressions, orthopaedic casts, surgical splints\",\"Gypsum moulds for ceramics & pottery – jiggering & slip-casting tableware\",\"Alpha-grade high-strength gypsum – precision casting, tile adhesive, flooring underlayment\",\"Desulphurisation gypsum analogue – potential use from future flue-gas desulphurisation\"]","locations":"[{\"state\":\"Sokoto\",\"siteName\":\"Kalambaina/Wurno gypsum\",\"lon\":5.3,\"lat\":13.15},{\"state\":\"Niger\",\"siteName\":\"Niger gypsum\",\"lon\":6,\"lat\":9.93},{\"state\":\"Benue\",\"siteName\":\"Benue gypsum\",\"lon\":8.76,\"lat\":7.33},{\"state\":\"Gombe\",\"siteName\":\"Gombe gypsum\",\"lon\":11.22,\"lat\":10.29},{\"state\":\"Kebbi\",\"siteName\":\"Kebbi gypsum\",\"lon\":4.2,\"lat\":11.5},{\"state\":\"Bauchi\",\"siteName\":\"Bauchi gypsum\",\"lon\":9.84,\"lat\":10.5},{\"state\":\"Adamawa\",\"siteName\":\"Yola gypsum\",\"lon\":12.48,\"lat\":9.2}]","resourceId":"resource-gypsum","featureKind":"point","stateName":"Adamawa","siteName":"Yola gypsum"},"geometry":{"type":"Point","coordinates":[12.48,9.2]}},{"type":"Feature","properties":{"layerId":"resources","kind":"resources","id":"resource-graphite-0","name":"Graphite (Nasarawa, Ondo, Ekiti Schist Belts)","resourceType":"graphite","summary":"Flake & vein graphite in the Nigerian schist belts — emerging lithium-ion battery anode material.","description":"Nigeria contains graphite-bearing metasediments within the Proterozoic schist belts running through Nasarawa, Ondo, Ekiti, and Kwara. Flake graphite concentrates command premium prices for refractories and expandable graphite, while the electric-vehicle era has drawn attention to high-purity spheroidised graphite for Li-ion anodes. Junior explorers active since 2021 have delineated maiden resource estimates.","lon":8.53,"lat":8.53,"statesCrossed":"[\"Nasarawa\",\"Ondo\",\"Ekiti\",\"Kwara\",\"Kogi\",\"Osun\"]","reserveNote":"Indicated maiden resources >50 Mt at multiple projects; upgradeable to battery-grade","productionNote":"Early-stage; artisanal flake + junior pre-production; graphite spheroidisation plants studied","type":"Flake graphite (+ vein graphite) in schist metasediments; expandable + battery grades","economy":"Refractories, steel recarburising, Li-ion battery anodes, graphene feedstock.","climate":"Tropical highland; schist-belt basement terrains with weathered outcrops.","landmarks":"[\"Nasarawa graphite schist belts (Akwanga, Lafia)\",\"Ondo/Ekiti Ife–Ilesha schist graphite occurrences\",\"Nigerian Coal Corporation (NCC) graphite diversification research\"]","highlights":"[\"Schist-belt flake graphite\",\"Li-ion battery anode (future)\",\"Expandable graphite & refractories\"]","wikiUrl":"https://en.wikipedia.org/wiki/Graphite","products":"[\"Natural flake graphite (80–98% C) – refractory crucibles, brake linings, foundry facings\",\"Battery-grade spheroidised & coated graphite – Li-ion battery anodes (EVs, grid storage)\",\"Expandable graphite (EG) – intumescent fire-retardant, thermal interface sheets, gaskets\",\"Graphite electrodes (artificial from needle coke) – electric arc furnace steelmaking\",\"Steelmaking recarburiser – low-sulphur graphite for carbon addition to ladles\",\"Pencil leads & lubricants – bonded clay/graphite for writing & industrial lubrication\",\"Graphene precursor – high-purity graphite feed for CVD & liquid exfoliation\",\"Nuclear graphite (speciality) – pebbles & moderator blocks for next-gen HTGRs\"]","locations":"[{\"state\":\"Nasarawa\",\"siteName\":\"Nasarawa graphite\",\"lon\":8.53,\"lat\":8.53},{\"state\":\"Ondo\",\"siteName\":\"Ondo graphite\",\"lon\":5.1,\"lat\":7.1},{\"state\":\"Ekiti\",\"siteName\":\"Ikere-Ekiti graphite\",\"lon\":5.23,\"lat\":7.5},{\"state\":\"Kwara\",\"siteName\":\"Kwara graphite\",\"lon\":4.55,\"lat\":8.5},{\"state\":\"Kogi\",\"siteName\":\"Kogi graphite\",\"lon\":6.74,\"lat\":7.73},{\"state\":\"Osun\",\"siteName\":\"Osun graphite\",\"lon\":4.5,\"lat\":7.6}]","resourceId":"resource-graphite","featureKind":"point","stateName":"Nasarawa","siteName":"Nasarawa graphite"},"geometry":{"type":"Point","coordinates":[8.53,8.53]}},{"type":"Feature","properties":{"layerId":"resources","kind":"resources","id":"resource-graphite-1","name":"Graphite (Nasarawa, Ondo, Ekiti Schist Belts)","resourceType":"graphite","summary":"Flake & vein graphite in the Nigerian schist belts — emerging lithium-ion battery anode material.","description":"Nigeria contains graphite-bearing metasediments within the Proterozoic schist belts running through Nasarawa, Ondo, Ekiti, and Kwara. Flake graphite concentrates command premium prices for refractories and expandable graphite, while the electric-vehicle era has drawn attention to high-purity spheroidised graphite for Li-ion anodes. Junior explorers active since 2021 have delineated maiden resource estimates.","lon":5.1,"lat":7.1,"statesCrossed":"[\"Nasarawa\",\"Ondo\",\"Ekiti\",\"Kwara\",\"Kogi\",\"Osun\"]","reserveNote":"Indicated maiden resources >50 Mt at multiple projects; upgradeable to battery-grade","productionNote":"Early-stage; artisanal flake + junior pre-production; graphite spheroidisation plants studied","type":"Flake graphite (+ vein graphite) in schist metasediments; expandable + battery grades","economy":"Refractories, steel recarburising, Li-ion battery anodes, graphene feedstock.","climate":"Tropical highland; schist-belt basement terrains with weathered outcrops.","landmarks":"[\"Nasarawa graphite schist belts (Akwanga, Lafia)\",\"Ondo/Ekiti Ife–Ilesha schist graphite occurrences\",\"Nigerian Coal Corporation (NCC) graphite diversification research\"]","highlights":"[\"Schist-belt flake graphite\",\"Li-ion battery anode (future)\",\"Expandable graphite & refractories\"]","wikiUrl":"https://en.wikipedia.org/wiki/Graphite","products":"[\"Natural flake graphite (80–98% C) – refractory crucibles, brake linings, foundry facings\",\"Battery-grade spheroidised & coated graphite – Li-ion battery anodes (EVs, grid storage)\",\"Expandable graphite (EG) – intumescent fire-retardant, thermal interface sheets, gaskets\",\"Graphite electrodes (artificial from needle coke) – electric arc furnace steelmaking\",\"Steelmaking recarburiser – low-sulphur graphite for carbon addition to ladles\",\"Pencil leads & lubricants – bonded clay/graphite for writing & industrial lubrication\",\"Graphene precursor – high-purity graphite feed for CVD & liquid exfoliation\",\"Nuclear graphite (speciality) – pebbles & moderator blocks for next-gen HTGRs\"]","locations":"[{\"state\":\"Nasarawa\",\"siteName\":\"Nasarawa graphite\",\"lon\":8.53,\"lat\":8.53},{\"state\":\"Ondo\",\"siteName\":\"Ondo graphite\",\"lon\":5.1,\"lat\":7.1},{\"state\":\"Ekiti\",\"siteName\":\"Ikere-Ekiti graphite\",\"lon\":5.23,\"lat\":7.5},{\"state\":\"Kwara\",\"siteName\":\"Kwara graphite\",\"lon\":4.55,\"lat\":8.5},{\"state\":\"Kogi\",\"siteName\":\"Kogi graphite\",\"lon\":6.74,\"lat\":7.73},{\"state\":\"Osun\",\"siteName\":\"Osun graphite\",\"lon\":4.5,\"lat\":7.6}]","resourceId":"resource-graphite","featureKind":"point","stateName":"Ondo","siteName":"Ondo graphite"},"geometry":{"type":"Point","coordinates":[5.1,7.1]}},{"type":"Feature","properties":{"layerId":"resources","kind":"resources","id":"resource-graphite-2","name":"Graphite (Nasarawa, Ondo, Ekiti Schist Belts)","resourceType":"graphite","summary":"Flake & vein graphite in the Nigerian schist belts — emerging lithium-ion battery anode material.","description":"Nigeria contains graphite-bearing metasediments within the Proterozoic schist belts running through Nasarawa, Ondo, Ekiti, and Kwara. Flake graphite concentrates command premium prices for refractories and expandable graphite, while the electric-vehicle era has drawn attention to high-purity spheroidised graphite for Li-ion anodes. Junior explorers active since 2021 have delineated maiden resource estimates.","lon":5.23,"lat":7.5,"statesCrossed":"[\"Nasarawa\",\"Ondo\",\"Ekiti\",\"Kwara\",\"Kogi\",\"Osun\"]","reserveNote":"Indicated maiden resources >50 Mt at multiple projects; upgradeable to battery-grade","productionNote":"Early-stage; artisanal flake + junior pre-production; graphite spheroidisation plants studied","type":"Flake graphite (+ vein graphite) in schist metasediments; expandable + battery grades","economy":"Refractories, steel recarburising, Li-ion battery anodes, graphene feedstock.","climate":"Tropical highland; schist-belt basement terrains with weathered outcrops.","landmarks":"[\"Nasarawa graphite schist belts (Akwanga, Lafia)\",\"Ondo/Ekiti Ife–Ilesha schist graphite occurrences\",\"Nigerian Coal Corporation (NCC) graphite diversification research\"]","highlights":"[\"Schist-belt flake graphite\",\"Li-ion battery anode (future)\",\"Expandable graphite & refractories\"]","wikiUrl":"https://en.wikipedia.org/wiki/Graphite","products":"[\"Natural flake graphite (80–98% C) – refractory crucibles, brake linings, foundry facings\",\"Battery-grade spheroidised & coated graphite – Li-ion battery anodes (EVs, grid storage)\",\"Expandable graphite (EG) – intumescent fire-retardant, thermal interface sheets, gaskets\",\"Graphite electrodes (artificial from needle coke) – electric arc furnace steelmaking\",\"Steelmaking recarburiser – low-sulphur graphite for carbon addition to ladles\",\"Pencil leads & lubricants – bonded clay/graphite for writing & industrial lubrication\",\"Graphene precursor – high-purity graphite feed for CVD & liquid exfoliation\",\"Nuclear graphite (speciality) – pebbles & moderator blocks for next-gen HTGRs\"]","locations":"[{\"state\":\"Nasarawa\",\"siteName\":\"Nasarawa graphite\",\"lon\":8.53,\"lat\":8.53},{\"state\":\"Ondo\",\"siteName\":\"Ondo graphite\",\"lon\":5.1,\"lat\":7.1},{\"state\":\"Ekiti\",\"siteName\":\"Ikere-Ekiti graphite\",\"lon\":5.23,\"lat\":7.5},{\"state\":\"Kwara\",\"siteName\":\"Kwara graphite\",\"lon\":4.55,\"lat\":8.5},{\"state\":\"Kogi\",\"siteName\":\"Kogi graphite\",\"lon\":6.74,\"lat\":7.73},{\"state\":\"Osun\",\"siteName\":\"Osun graphite\",\"lon\":4.5,\"lat\":7.6}]","resourceId":"resource-graphite","featureKind":"point","stateName":"Ekiti","siteName":"Ikere-Ekiti graphite"},"geometry":{"type":"Point","coordinates":[5.23,7.5]}},{"type":"Feature","properties":{"layerId":"resources","kind":"resources","id":"resource-graphite-3","name":"Graphite (Nasarawa, Ondo, Ekiti Schist Belts)","resourceType":"graphite","summary":"Flake & vein graphite in the Nigerian schist belts — emerging lithium-ion battery anode material.","description":"Nigeria contains graphite-bearing metasediments within the Proterozoic schist belts running through Nasarawa, Ondo, Ekiti, and Kwara. Flake graphite concentrates command premium prices for refractories and expandable graphite, while the electric-vehicle era has drawn attention to high-purity spheroidised graphite for Li-ion anodes. Junior explorers active since 2021 have delineated maiden resource estimates.","lon":4.55,"lat":8.5,"statesCrossed":"[\"Nasarawa\",\"Ondo\",\"Ekiti\",\"Kwara\",\"Kogi\",\"Osun\"]","reserveNote":"Indicated maiden resources >50 Mt at multiple projects; upgradeable to battery-grade","productionNote":"Early-stage; artisanal flake + junior pre-production; graphite spheroidisation plants studied","type":"Flake graphite (+ vein graphite) in schist metasediments; expandable + battery grades","economy":"Refractories, steel recarburising, Li-ion battery anodes, graphene feedstock.","climate":"Tropical highland; schist-belt basement terrains with weathered outcrops.","landmarks":"[\"Nasarawa graphite schist belts (Akwanga, Lafia)\",\"Ondo/Ekiti Ife–Ilesha schist graphite occurrences\",\"Nigerian Coal Corporation (NCC) graphite diversification research\"]","highlights":"[\"Schist-belt flake graphite\",\"Li-ion battery anode (future)\",\"Expandable graphite & refractories\"]","wikiUrl":"https://en.wikipedia.org/wiki/Graphite","products":"[\"Natural flake graphite (80–98% C) – refractory crucibles, brake linings, foundry facings\",\"Battery-grade spheroidised & coated graphite – Li-ion battery anodes (EVs, grid storage)\",\"Expandable graphite (EG) – intumescent fire-retardant, thermal interface sheets, gaskets\",\"Graphite electrodes (artificial from needle coke) – electric arc furnace steelmaking\",\"Steelmaking recarburiser – low-sulphur graphite for carbon addition to ladles\",\"Pencil leads & lubricants – bonded clay/graphite for writing & industrial lubrication\",\"Graphene precursor – high-purity graphite feed for CVD & liquid exfoliation\",\"Nuclear graphite (speciality) – pebbles & moderator blocks for next-gen HTGRs\"]","locations":"[{\"state\":\"Nasarawa\",\"siteName\":\"Nasarawa graphite\",\"lon\":8.53,\"lat\":8.53},{\"state\":\"Ondo\",\"siteName\":\"Ondo graphite\",\"lon\":5.1,\"lat\":7.1},{\"state\":\"Ekiti\",\"siteName\":\"Ikere-Ekiti graphite\",\"lon\":5.23,\"lat\":7.5},{\"state\":\"Kwara\",\"siteName\":\"Kwara graphite\",\"lon\":4.55,\"lat\":8.5},{\"state\":\"Kogi\",\"siteName\":\"Kogi graphite\",\"lon\":6.74,\"lat\":7.73},{\"state\":\"Osun\",\"siteName\":\"Osun graphite\",\"lon\":4.5,\"lat\":7.6}]","resourceId":"resource-graphite","featureKind":"point","stateName":"Kwara","siteName":"Kwara graphite"},"geometry":{"type":"Point","coordinates":[4.55,8.5]}},{"type":"Feature","properties":{"layerId":"resources","kind":"resources","id":"resource-graphite-4","name":"Graphite (Nasarawa, Ondo, Ekiti Schist Belts)","resourceType":"graphite","summary":"Flake & vein graphite in the Nigerian schist belts — emerging lithium-ion battery anode material.","description":"Nigeria contains graphite-bearing metasediments within the Proterozoic schist belts running through Nasarawa, Ondo, Ekiti, and Kwara. Flake graphite concentrates command premium prices for refractories and expandable graphite, while the electric-vehicle era has drawn attention to high-purity spheroidised graphite for Li-ion anodes. Junior explorers active since 2021 have delineated maiden resource estimates.","lon":6.74,"lat":7.73,"statesCrossed":"[\"Nasarawa\",\"Ondo\",\"Ekiti\",\"Kwara\",\"Kogi\",\"Osun\"]","reserveNote":"Indicated maiden resources >50 Mt at multiple projects; upgradeable to battery-grade","productionNote":"Early-stage; artisanal flake + junior pre-production; graphite spheroidisation plants studied","type":"Flake graphite (+ vein graphite) in schist metasediments; expandable + battery grades","economy":"Refractories, steel recarburising, Li-ion battery anodes, graphene feedstock.","climate":"Tropical highland; schist-belt basement terrains with weathered outcrops.","landmarks":"[\"Nasarawa graphite schist belts (Akwanga, Lafia)\",\"Ondo/Ekiti Ife–Ilesha schist graphite occurrences\",\"Nigerian Coal Corporation (NCC) graphite diversification research\"]","highlights":"[\"Schist-belt flake graphite\",\"Li-ion battery anode (future)\",\"Expandable graphite & refractories\"]","wikiUrl":"https://en.wikipedia.org/wiki/Graphite","products":"[\"Natural flake graphite (80–98% C) – refractory crucibles, brake linings, foundry facings\",\"Battery-grade spheroidised & coated graphite – Li-ion battery anodes (EVs, grid storage)\",\"Expandable graphite (EG) – intumescent fire-retardant, thermal interface sheets, gaskets\",\"Graphite electrodes (artificial from needle coke) – electric arc furnace steelmaking\",\"Steelmaking recarburiser – low-sulphur graphite for carbon addition to ladles\",\"Pencil leads & lubricants – bonded clay/graphite for writing & industrial lubrication\",\"Graphene precursor – high-purity graphite feed for CVD & liquid exfoliation\",\"Nuclear graphite (speciality) – pebbles & moderator blocks for next-gen HTGRs\"]","locations":"[{\"state\":\"Nasarawa\",\"siteName\":\"Nasarawa graphite\",\"lon\":8.53,\"lat\":8.53},{\"state\":\"Ondo\",\"siteName\":\"Ondo graphite\",\"lon\":5.1,\"lat\":7.1},{\"state\":\"Ekiti\",\"siteName\":\"Ikere-Ekiti graphite\",\"lon\":5.23,\"lat\":7.5},{\"state\":\"Kwara\",\"siteName\":\"Kwara graphite\",\"lon\":4.55,\"lat\":8.5},{\"state\":\"Kogi\",\"siteName\":\"Kogi graphite\",\"lon\":6.74,\"lat\":7.73},{\"state\":\"Osun\",\"siteName\":\"Osun graphite\",\"lon\":4.5,\"lat\":7.6}]","resourceId":"resource-graphite","featureKind":"point","stateName":"Kogi","siteName":"Kogi graphite"},"geometry":{"type":"Point","coordinates":[6.74,7.73]}},{"type":"Feature","properties":{"layerId":"resources","kind":"resources","id":"resource-graphite-5","name":"Graphite (Nasarawa, Ondo, Ekiti Schist Belts)","resourceType":"graphite","summary":"Flake & vein graphite in the Nigerian schist belts — emerging lithium-ion battery anode material.","description":"Nigeria contains graphite-bearing metasediments within the Proterozoic schist belts running through Nasarawa, Ondo, Ekiti, and Kwara. Flake graphite concentrates command premium prices for refractories and expandable graphite, while the electric-vehicle era has drawn attention to high-purity spheroidised graphite for Li-ion anodes. Junior explorers active since 2021 have delineated maiden resource estimates.","lon":4.5,"lat":7.6,"statesCrossed":"[\"Nasarawa\",\"Ondo\",\"Ekiti\",\"Kwara\",\"Kogi\",\"Osun\"]","reserveNote":"Indicated maiden resources >50 Mt at multiple projects; upgradeable to battery-grade","productionNote":"Early-stage; artisanal flake + junior pre-production; graphite spheroidisation plants studied","type":"Flake graphite (+ vein graphite) in schist metasediments; expandable + battery grades","economy":"Refractories, steel recarburising, Li-ion battery anodes, graphene feedstock.","climate":"Tropical highland; schist-belt basement terrains with weathered outcrops.","landmarks":"[\"Nasarawa graphite schist belts (Akwanga, Lafia)\",\"Ondo/Ekiti Ife–Ilesha schist graphite occurrences\",\"Nigerian Coal Corporation (NCC) graphite diversification research\"]","highlights":"[\"Schist-belt flake graphite\",\"Li-ion battery anode (future)\",\"Expandable graphite & refractories\"]","wikiUrl":"https://en.wikipedia.org/wiki/Graphite","products":"[\"Natural flake graphite (80–98% C) – refractory crucibles, brake linings, foundry facings\",\"Battery-grade spheroidised & coated graphite – Li-ion battery anodes (EVs, grid storage)\",\"Expandable graphite (EG) – intumescent fire-retardant, thermal interface sheets, gaskets\",\"Graphite electrodes (artificial from needle coke) – electric arc furnace steelmaking\",\"Steelmaking recarburiser – low-sulphur graphite for carbon addition to ladles\",\"Pencil leads & lubricants – bonded clay/graphite for writing & industrial lubrication\",\"Graphene precursor – high-purity graphite feed for CVD & liquid exfoliation\",\"Nuclear graphite (speciality) – pebbles & moderator blocks for next-gen HTGRs\"]","locations":"[{\"state\":\"Nasarawa\",\"siteName\":\"Nasarawa graphite\",\"lon\":8.53,\"lat\":8.53},{\"state\":\"Ondo\",\"siteName\":\"Ondo graphite\",\"lon\":5.1,\"lat\":7.1},{\"state\":\"Ekiti\",\"siteName\":\"Ikere-Ekiti graphite\",\"lon\":5.23,\"lat\":7.5},{\"state\":\"Kwara\",\"siteName\":\"Kwara graphite\",\"lon\":4.55,\"lat\":8.5},{\"state\":\"Kogi\",\"siteName\":\"Kogi graphite\",\"lon\":6.74,\"lat\":7.73},{\"state\":\"Osun\",\"siteName\":\"Osun graphite\",\"lon\":4.5,\"lat\":7.6}]","resourceId":"resource-graphite","featureKind":"point","stateName":"Osun","siteName":"Osun graphite"},"geometry":{"type":"Point","coordinates":[4.5,7.6]}},{"type":"Feature","properties":{"layerId":"resources","kind":"resources","id":"resource-tungsten-0","name":"Tungsten & Tin-Wolfram (Plateau, Bauchi, Nasarawa, Oyo)","resourceType":"tungsten","summary":"Scheelite and wolframite within the Jos Plateau tin fields and southwestern lode systems.","description":"Nigeria's tungsten (wolframite / scheelite) deposits occur as byproduct minerals within the Jos Plateau tin–columbite alluvial fields and in quartz-vein lodes in the Bauchi, Nasarawa, and Ibadan schist belts. Production today is almost entirely artisanal small-scale, with tungsten concentrates exported into the global Chinese and EU market for hardmetals.","lon":8.9,"lat":9.5,"statesCrossed":"[\"Plateau\",\"Bauchi\",\"Nasarawa\",\"Oyo\",\"Osun\",\"Kaduna\"]","reserveNote":"Byproduct within alluvial tin fields; lode deposits under-explored","productionNote":"Artisanal byproduct concentrate; future DMS + flotation plants for lodes","type":"Wolframite ((Fe,Mn)WO₄) + scheelite (CaWO₄); tin-tungsten byproduct vein & alluvial","economy":"Hardmetals / WC tooling, mining drill bits, defence penetrators, lighting filaments.","climate":"Highland tropical plateau; hardrock lodes + alluvial gravels.","landmarks":"[\"Jos Plateau Barikin Ladi tungsten-bearing alluvials\",\"Bauchi lode scheelite prospects (Bogoro, Tafawa Balewa)\",\"Ibadan Oyo schist-belt tungsten lodes\"]","highlights":"[\"Tin-columbite byproduct W\",\"Jos Plateau + Bauchi lodes\",\"WC-hardmetal concentrates\"]","wikiUrl":"https://en.wikipedia.org/wiki/Tungsten","products":"[\"Tungsten carbide (WC) cemented carbide – mining drill bits, turning tools, milling inserts\",\"Tungsten metal powder & ingots – wire drawing, sintered alloys, defence penetrators\",\"Incandescent & halogen lamp filaments, X-ray tube anodes, heating elements\",\"Tungsten heavy alloys (W-Ni-Fe / W-Ni-Cu) – counterweights, ordnance, radiation shielding\",\"Ammonium paratungstate (APT) & tungsten oxides – precursor powders for metallurgy\",\"Tungsten welding electrodes (GTAW / TIG) – thoriated, ceriated, lanthanated grades\",\"Ferro-tungsten (FeW) master alloy – steelmaking addition for high-speed & tool steels\",\"Superalloys (Waspaloy, Hastelloy X) – jet engine hot-section components & turbine blades\"]","locations":"[{\"state\":\"Plateau\",\"siteName\":\"Barikin Ladi tungsten\",\"lon\":8.9,\"lat\":9.5},{\"state\":\"Bauchi\",\"siteName\":\"Bogoro/Tafawa Balewa scheelite\",\"lon\":9.9,\"lat\":9.9},{\"state\":\"Nasarawa\",\"siteName\":\"Nasarawa tungsten\",\"lon\":8.53,\"lat\":8.53},{\"state\":\"Oyo\",\"siteName\":\"Ibadan schist-belt tungsten\",\"lon\":3.9,\"lat\":7.4},{\"state\":\"Osun\",\"siteName\":\"Osun tungsten\",\"lon\":4.5,\"lat\":7.6},{\"state\":\"Kaduna\",\"siteName\":\"Kaduna tungsten\",\"lon\":7.44,\"lat\":10.52}]","resourceId":"resource-tungsten","featureKind":"point","stateName":"Plateau","siteName":"Barikin Ladi tungsten"},"geometry":{"type":"Point","coordinates":[8.9,9.5]}},{"type":"Feature","properties":{"layerId":"resources","kind":"resources","id":"resource-tungsten-1","name":"Tungsten & Tin-Wolfram (Plateau, Bauchi, Nasarawa, Oyo)","resourceType":"tungsten","summary":"Scheelite and wolframite within the Jos Plateau tin fields and southwestern lode systems.","description":"Nigeria's tungsten (wolframite / scheelite) deposits occur as byproduct minerals within the Jos Plateau tin–columbite alluvial fields and in quartz-vein lodes in the Bauchi, Nasarawa, and Ibadan schist belts. Production today is almost entirely artisanal small-scale, with tungsten concentrates exported into the global Chinese and EU market for hardmetals.","lon":9.9,"lat":9.9,"statesCrossed":"[\"Plateau\",\"Bauchi\",\"Nasarawa\",\"Oyo\",\"Osun\",\"Kaduna\"]","reserveNote":"Byproduct within alluvial tin fields; lode deposits under-explored","productionNote":"Artisanal byproduct concentrate; future DMS + flotation plants for lodes","type":"Wolframite ((Fe,Mn)WO₄) + scheelite (CaWO₄); tin-tungsten byproduct vein & alluvial","economy":"Hardmetals / WC tooling, mining drill bits, defence penetrators, lighting filaments.","climate":"Highland tropical plateau; hardrock lodes + alluvial gravels.","landmarks":"[\"Jos Plateau Barikin Ladi tungsten-bearing alluvials\",\"Bauchi lode scheelite prospects (Bogoro, Tafawa Balewa)\",\"Ibadan Oyo schist-belt tungsten lodes\"]","highlights":"[\"Tin-columbite byproduct W\",\"Jos Plateau + Bauchi lodes\",\"WC-hardmetal concentrates\"]","wikiUrl":"https://en.wikipedia.org/wiki/Tungsten","products":"[\"Tungsten carbide (WC) cemented carbide – mining drill bits, turning tools, milling inserts\",\"Tungsten metal powder & ingots – wire drawing, sintered alloys, defence penetrators\",\"Incandescent & halogen lamp filaments, X-ray tube anodes, heating elements\",\"Tungsten heavy alloys (W-Ni-Fe / W-Ni-Cu) – counterweights, ordnance, radiation shielding\",\"Ammonium paratungstate (APT) & tungsten oxides – precursor powders for metallurgy\",\"Tungsten welding electrodes (GTAW / TIG) – thoriated, ceriated, lanthanated grades\",\"Ferro-tungsten (FeW) master alloy – steelmaking addition for high-speed & tool steels\",\"Superalloys (Waspaloy, Hastelloy X) – jet engine hot-section components & turbine blades\"]","locations":"[{\"state\":\"Plateau\",\"siteName\":\"Barikin Ladi tungsten\",\"lon\":8.9,\"lat\":9.5},{\"state\":\"Bauchi\",\"siteName\":\"Bogoro/Tafawa Balewa scheelite\",\"lon\":9.9,\"lat\":9.9},{\"state\":\"Nasarawa\",\"siteName\":\"Nasarawa tungsten\",\"lon\":8.53,\"lat\":8.53},{\"state\":\"Oyo\",\"siteName\":\"Ibadan schist-belt tungsten\",\"lon\":3.9,\"lat\":7.4},{\"state\":\"Osun\",\"siteName\":\"Osun tungsten\",\"lon\":4.5,\"lat\":7.6},{\"state\":\"Kaduna\",\"siteName\":\"Kaduna tungsten\",\"lon\":7.44,\"lat\":10.52}]","resourceId":"resource-tungsten","featureKind":"point","stateName":"Bauchi","siteName":"Bogoro/Tafawa Balewa scheelite"},"geometry":{"type":"Point","coordinates":[9.9,9.9]}},{"type":"Feature","properties":{"layerId":"resources","kind":"resources","id":"resource-tungsten-2","name":"Tungsten & Tin-Wolfram (Plateau, Bauchi, Nasarawa, Oyo)","resourceType":"tungsten","summary":"Scheelite and wolframite within the Jos Plateau tin fields and southwestern lode systems.","description":"Nigeria's tungsten (wolframite / scheelite) deposits occur as byproduct minerals within the Jos Plateau tin–columbite alluvial fields and in quartz-vein lodes in the Bauchi, Nasarawa, and Ibadan schist belts. Production today is almost entirely artisanal small-scale, with tungsten concentrates exported into the global Chinese and EU market for hardmetals.","lon":8.53,"lat":8.53,"statesCrossed":"[\"Plateau\",\"Bauchi\",\"Nasarawa\",\"Oyo\",\"Osun\",\"Kaduna\"]","reserveNote":"Byproduct within alluvial tin fields; lode deposits under-explored","productionNote":"Artisanal byproduct concentrate; future DMS + flotation plants for lodes","type":"Wolframite ((Fe,Mn)WO₄) + scheelite (CaWO₄); tin-tungsten byproduct vein & alluvial","economy":"Hardmetals / WC tooling, mining drill bits, defence penetrators, lighting filaments.","climate":"Highland tropical plateau; hardrock lodes + alluvial gravels.","landmarks":"[\"Jos Plateau Barikin Ladi tungsten-bearing alluvials\",\"Bauchi lode scheelite prospects (Bogoro, Tafawa Balewa)\",\"Ibadan Oyo schist-belt tungsten lodes\"]","highlights":"[\"Tin-columbite byproduct W\",\"Jos Plateau + Bauchi lodes\",\"WC-hardmetal concentrates\"]","wikiUrl":"https://en.wikipedia.org/wiki/Tungsten","products":"[\"Tungsten carbide (WC) cemented carbide – mining drill bits, turning tools, milling inserts\",\"Tungsten metal powder & ingots – wire drawing, sintered alloys, defence penetrators\",\"Incandescent & halogen lamp filaments, X-ray tube anodes, heating elements\",\"Tungsten heavy alloys (W-Ni-Fe / W-Ni-Cu) – counterweights, ordnance, radiation shielding\",\"Ammonium paratungstate (APT) & tungsten oxides – precursor powders for metallurgy\",\"Tungsten welding electrodes (GTAW / TIG) – thoriated, ceriated, lanthanated grades\",\"Ferro-tungsten (FeW) master alloy – steelmaking addition for high-speed & tool steels\",\"Superalloys (Waspaloy, Hastelloy X) – jet engine hot-section components & turbine blades\"]","locations":"[{\"state\":\"Plateau\",\"siteName\":\"Barikin Ladi tungsten\",\"lon\":8.9,\"lat\":9.5},{\"state\":\"Bauchi\",\"siteName\":\"Bogoro/Tafawa Balewa scheelite\",\"lon\":9.9,\"lat\":9.9},{\"state\":\"Nasarawa\",\"siteName\":\"Nasarawa tungsten\",\"lon\":8.53,\"lat\":8.53},{\"state\":\"Oyo\",\"siteName\":\"Ibadan schist-belt tungsten\",\"lon\":3.9,\"lat\":7.4},{\"state\":\"Osun\",\"siteName\":\"Osun tungsten\",\"lon\":4.5,\"lat\":7.6},{\"state\":\"Kaduna\",\"siteName\":\"Kaduna tungsten\",\"lon\":7.44,\"lat\":10.52}]","resourceId":"resource-tungsten","featureKind":"point","stateName":"Nasarawa","siteName":"Nasarawa tungsten"},"geometry":{"type":"Point","coordinates":[8.53,8.53]}},{"type":"Feature","properties":{"layerId":"resources","kind":"resources","id":"resource-tungsten-3","name":"Tungsten & Tin-Wolfram (Plateau, Bauchi, Nasarawa, Oyo)","resourceType":"tungsten","summary":"Scheelite and wolframite within the Jos Plateau tin fields and southwestern lode systems.","description":"Nigeria's tungsten (wolframite / scheelite) deposits occur as byproduct minerals within the Jos Plateau tin–columbite alluvial fields and in quartz-vein lodes in the Bauchi, Nasarawa, and Ibadan schist belts. Production today is almost entirely artisanal small-scale, with tungsten concentrates exported into the global Chinese and EU market for hardmetals.","lon":3.9,"lat":7.4,"statesCrossed":"[\"Plateau\",\"Bauchi\",\"Nasarawa\",\"Oyo\",\"Osun\",\"Kaduna\"]","reserveNote":"Byproduct within alluvial tin fields; lode deposits under-explored","productionNote":"Artisanal byproduct concentrate; future DMS + flotation plants for lodes","type":"Wolframite ((Fe,Mn)WO₄) + scheelite (CaWO₄); tin-tungsten byproduct vein & alluvial","economy":"Hardmetals / WC tooling, mining drill bits, defence penetrators, lighting filaments.","climate":"Highland tropical plateau; hardrock lodes + alluvial gravels.","landmarks":"[\"Jos Plateau Barikin Ladi tungsten-bearing alluvials\",\"Bauchi lode scheelite prospects (Bogoro, Tafawa Balewa)\",\"Ibadan Oyo schist-belt tungsten lodes\"]","highlights":"[\"Tin-columbite byproduct W\",\"Jos Plateau + Bauchi lodes\",\"WC-hardmetal concentrates\"]","wikiUrl":"https://en.wikipedia.org/wiki/Tungsten","products":"[\"Tungsten carbide (WC) cemented carbide – mining drill bits, turning tools, milling inserts\",\"Tungsten metal powder & ingots – wire drawing, sintered alloys, defence penetrators\",\"Incandescent & halogen lamp filaments, X-ray tube anodes, heating elements\",\"Tungsten heavy alloys (W-Ni-Fe / W-Ni-Cu) – counterweights, ordnance, radiation shielding\",\"Ammonium paratungstate (APT) & tungsten oxides – precursor powders for metallurgy\",\"Tungsten welding electrodes (GTAW / TIG) – thoriated, ceriated, lanthanated grades\",\"Ferro-tungsten (FeW) master alloy – steelmaking addition for high-speed & tool steels\",\"Superalloys (Waspaloy, Hastelloy X) – jet engine hot-section components & turbine blades\"]","locations":"[{\"state\":\"Plateau\",\"siteName\":\"Barikin Ladi tungsten\",\"lon\":8.9,\"lat\":9.5},{\"state\":\"Bauchi\",\"siteName\":\"Bogoro/Tafawa Balewa scheelite\",\"lon\":9.9,\"lat\":9.9},{\"state\":\"Nasarawa\",\"siteName\":\"Nasarawa tungsten\",\"lon\":8.53,\"lat\":8.53},{\"state\":\"Oyo\",\"siteName\":\"Ibadan schist-belt tungsten\",\"lon\":3.9,\"lat\":7.4},{\"state\":\"Osun\",\"siteName\":\"Osun tungsten\",\"lon\":4.5,\"lat\":7.6},{\"state\":\"Kaduna\",\"siteName\":\"Kaduna tungsten\",\"lon\":7.44,\"lat\":10.52}]","resourceId":"resource-tungsten","featureKind":"point","stateName":"Oyo","siteName":"Ibadan schist-belt tungsten"},"geometry":{"type":"Point","coordinates":[3.9,7.4]}},{"type":"Feature","properties":{"layerId":"resources","kind":"resources","id":"resource-tungsten-4","name":"Tungsten & Tin-Wolfram (Plateau, Bauchi, Nasarawa, Oyo)","resourceType":"tungsten","summary":"Scheelite and wolframite within the Jos Plateau tin fields and southwestern lode systems.","description":"Nigeria's tungsten (wolframite / scheelite) deposits occur as byproduct minerals within the Jos Plateau tin–columbite alluvial fields and in quartz-vein lodes in the Bauchi, Nasarawa, and Ibadan schist belts. Production today is almost entirely artisanal small-scale, with tungsten concentrates exported into the global Chinese and EU market for hardmetals.","lon":4.5,"lat":7.6,"statesCrossed":"[\"Plateau\",\"Bauchi\",\"Nasarawa\",\"Oyo\",\"Osun\",\"Kaduna\"]","reserveNote":"Byproduct within alluvial tin fields; lode deposits under-explored","productionNote":"Artisanal byproduct concentrate; future DMS + flotation plants for lodes","type":"Wolframite ((Fe,Mn)WO₄) + scheelite (CaWO₄); tin-tungsten byproduct vein & alluvial","economy":"Hardmetals / WC tooling, mining drill bits, defence penetrators, lighting filaments.","climate":"Highland tropical plateau; hardrock lodes + alluvial gravels.","landmarks":"[\"Jos Plateau Barikin Ladi tungsten-bearing alluvials\",\"Bauchi lode scheelite prospects (Bogoro, Tafawa Balewa)\",\"Ibadan Oyo schist-belt tungsten lodes\"]","highlights":"[\"Tin-columbite byproduct W\",\"Jos Plateau + Bauchi lodes\",\"WC-hardmetal concentrates\"]","wikiUrl":"https://en.wikipedia.org/wiki/Tungsten","products":"[\"Tungsten carbide (WC) cemented carbide – mining drill bits, turning tools, milling inserts\",\"Tungsten metal powder & ingots – wire drawing, sintered alloys, defence penetrators\",\"Incandescent & halogen lamp filaments, X-ray tube anodes, heating elements\",\"Tungsten heavy alloys (W-Ni-Fe / W-Ni-Cu) – counterweights, ordnance, radiation shielding\",\"Ammonium paratungstate (APT) & tungsten oxides – precursor powders for metallurgy\",\"Tungsten welding electrodes (GTAW / TIG) – thoriated, ceriated, lanthanated grades\",\"Ferro-tungsten (FeW) master alloy – steelmaking addition for high-speed & tool steels\",\"Superalloys (Waspaloy, Hastelloy X) – jet engine hot-section components & turbine blades\"]","locations":"[{\"state\":\"Plateau\",\"siteName\":\"Barikin Ladi tungsten\",\"lon\":8.9,\"lat\":9.5},{\"state\":\"Bauchi\",\"siteName\":\"Bogoro/Tafawa Balewa scheelite\",\"lon\":9.9,\"lat\":9.9},{\"state\":\"Nasarawa\",\"siteName\":\"Nasarawa tungsten\",\"lon\":8.53,\"lat\":8.53},{\"state\":\"Oyo\",\"siteName\":\"Ibadan schist-belt tungsten\",\"lon\":3.9,\"lat\":7.4},{\"state\":\"Osun\",\"siteName\":\"Osun tungsten\",\"lon\":4.5,\"lat\":7.6},{\"state\":\"Kaduna\",\"siteName\":\"Kaduna tungsten\",\"lon\":7.44,\"lat\":10.52}]","resourceId":"resource-tungsten","featureKind":"point","stateName":"Osun","siteName":"Osun tungsten"},"geometry":{"type":"Point","coordinates":[4.5,7.6]}},{"type":"Feature","properties":{"layerId":"resources","kind":"resources","id":"resource-tungsten-5","name":"Tungsten & Tin-Wolfram (Plateau, Bauchi, Nasarawa, Oyo)","resourceType":"tungsten","summary":"Scheelite and wolframite within the Jos Plateau tin fields and southwestern lode systems.","description":"Nigeria's tungsten (wolframite / scheelite) deposits occur as byproduct minerals within the Jos Plateau tin–columbite alluvial fields and in quartz-vein lodes in the Bauchi, Nasarawa, and Ibadan schist belts. Production today is almost entirely artisanal small-scale, with tungsten concentrates exported into the global Chinese and EU market for hardmetals.","lon":7.44,"lat":10.52,"statesCrossed":"[\"Plateau\",\"Bauchi\",\"Nasarawa\",\"Oyo\",\"Osun\",\"Kaduna\"]","reserveNote":"Byproduct within alluvial tin fields; lode deposits under-explored","productionNote":"Artisanal byproduct concentrate; future DMS + flotation plants for lodes","type":"Wolframite ((Fe,Mn)WO₄) + scheelite (CaWO₄); tin-tungsten byproduct vein & alluvial","economy":"Hardmetals / WC tooling, mining drill bits, defence penetrators, lighting filaments.","climate":"Highland tropical plateau; hardrock lodes + alluvial gravels.","landmarks":"[\"Jos Plateau Barikin Ladi tungsten-bearing alluvials\",\"Bauchi lode scheelite prospects (Bogoro, Tafawa Balewa)\",\"Ibadan Oyo schist-belt tungsten lodes\"]","highlights":"[\"Tin-columbite byproduct W\",\"Jos Plateau + Bauchi lodes\",\"WC-hardmetal concentrates\"]","wikiUrl":"https://en.wikipedia.org/wiki/Tungsten","products":"[\"Tungsten carbide (WC) cemented carbide – mining drill bits, turning tools, milling inserts\",\"Tungsten metal powder & ingots – wire drawing, sintered alloys, defence penetrators\",\"Incandescent & halogen lamp filaments, X-ray tube anodes, heating elements\",\"Tungsten heavy alloys (W-Ni-Fe / W-Ni-Cu) – counterweights, ordnance, radiation shielding\",\"Ammonium paratungstate (APT) & tungsten oxides – precursor powders for metallurgy\",\"Tungsten welding electrodes (GTAW / TIG) – thoriated, ceriated, lanthanated grades\",\"Ferro-tungsten (FeW) master alloy – steelmaking addition for high-speed & tool steels\",\"Superalloys (Waspaloy, Hastelloy X) – jet engine hot-section components & turbine blades\"]","locations":"[{\"state\":\"Plateau\",\"siteName\":\"Barikin Ladi tungsten\",\"lon\":8.9,\"lat\":9.5},{\"state\":\"Bauchi\",\"siteName\":\"Bogoro/Tafawa Balewa scheelite\",\"lon\":9.9,\"lat\":9.9},{\"state\":\"Nasarawa\",\"siteName\":\"Nasarawa tungsten\",\"lon\":8.53,\"lat\":8.53},{\"state\":\"Oyo\",\"siteName\":\"Ibadan schist-belt tungsten\",\"lon\":3.9,\"lat\":7.4},{\"state\":\"Osun\",\"siteName\":\"Osun tungsten\",\"lon\":4.5,\"lat\":7.6},{\"state\":\"Kaduna\",\"siteName\":\"Kaduna tungsten\",\"lon\":7.44,\"lat\":10.52}]","resourceId":"resource-tungsten","featureKind":"point","stateName":"Kaduna","siteName":"Kaduna tungsten"},"geometry":{"type":"Point","coordinates":[7.44,10.52]}},{"type":"Feature","properties":{"layerId":"resources","kind":"resources","id":"resource-feldspar-mica-0","name":"Feldspar, Mica & Industrial Minerals (Nasarawa-Kwara, Ogun-Ekiti)","resourceType":"feldspar-mica","summary":"Industrial silica, feldspar, kaolin & mica assemblage powering Nigerian ceramics, glass, and paint industries.","description":"A full ceramic-grade industrial-mineral assemblage crops out in the Nigerian basement: potash feldspar in Nasarawa and Kwara, soda feldspar in the Ogun-Ekiti crystalline basement, muscovite mica in the Ibadan schists, and silica sands in the Niger-Benue delta fringes. Together with the abundant kaolin clays, they underpin Nigeria's rapidly growing domestic tile, sanitaryware, float-glass, and bottle-glass industries.","lon":8.5,"lat":8.6,"statesCrossed":"[\"Nasarawa\",\"Kwara\",\"Ogun\",\"Ekiti\",\"Oyo\",\"Kogi\",\"Delta\",\"Edo\"]","reserveNote":"Vast pegmatite feldspar + alluvial silica sands; mica widespread","productionNote":"Small-scale pegmatite mining + river silica; ceramic-grade beneficiation growing","type":"K-feldspar (microcline), Na-feldspar (albite), muscovite mica, silica sand; ceramic/glass grades","economy":"Ceramic tile flux, glass batch, filler extenders, cosmetics, electrical insulation.","climate":"Basement-craton tropical highlands + deltaic alluvial silica terrains.","landmarks":"[\"Nasarawa Lafia/Akwanga pegmatite feldspar belts\",\"Ogun–Ewekoro silica sands (west of Abeokuta)\",\"Niger–Benue delta fringe silica-sand dredges (Warri, Onitsha)\"]","highlights":"[\"Ceramic-grade feldspar + silica\",\"Pegmatite K-feldspar belt Nasarawa\",\"Mica for electrical & cosmetic grades\"]","wikiUrl":"https://en.wikipedia.org/wiki/Feldspar","products":"[\"Ceramic tile flux (K-feldspar) – vitrified & porcelain floor/wall tiles vitrification\",\"Glass batch feldspar + silica sand – soda-lime float-glass (windows, mirrors) & bottles\",\"Dinnerware sanitaryware vitreous china batch – feldspar + kaolin + silica + ball clay\",\"Muscovite mica sheet – high-voltage electrical insulation, capacitor dielectrics, furnace windows\",\"Mica powder (wet- & dry-ground) – paint extender, pearlescent pigment substrate, cosmetics\",\"Silica-sand foundry moulds (AFS 45–55 grade) – green-sand iron & steel casting\",\"Filler extenders – ground silica & feldspar powder for paints, plastics, rubber, adhesives\",\"Speciality low-iron silica (SiO₂ >99.5%) – solar PV glass, ultra-clear optical glass, fibre optics\"]","locations":"[{\"state\":\"Nasarawa\",\"siteName\":\"Lafia/Akwanga pegmatite feldspar\",\"lon\":8.5,\"lat\":8.6},{\"state\":\"Kwara\",\"siteName\":\"Kwara feldspar\",\"lon\":4.55,\"lat\":8.5},{\"state\":\"Ogun\",\"siteName\":\"Ewekoro silica sands\",\"lon\":3.2,\"lat\":6.95},{\"state\":\"Ekiti\",\"siteName\":\"Ekiti feldspar/mica\",\"lon\":5.22,\"lat\":7.66},{\"state\":\"Oyo\",\"siteName\":\"Ibadan mica schists\",\"lon\":3.9,\"lat\":7.4},{\"state\":\"Kogi\",\"siteName\":\"Kogi feldspar\",\"lon\":6.74,\"lat\":7.73},{\"state\":\"Delta\",\"siteName\":\"Warri silica-sand dredges\",\"lon\":5.75,\"lat\":5.52},{\"state\":\"Edo\",\"siteName\":\"Edo feldspar/silica\",\"lon\":6,\"lat\":6.63}]","resourceId":"resource-feldspar-mica","featureKind":"point","stateName":"Nasarawa","siteName":"Lafia/Akwanga pegmatite feldspar"},"geometry":{"type":"Point","coordinates":[8.5,8.6]}},{"type":"Feature","properties":{"layerId":"resources","kind":"resources","id":"resource-feldspar-mica-1","name":"Feldspar, Mica & Industrial Minerals (Nasarawa-Kwara, Ogun-Ekiti)","resourceType":"feldspar-mica","summary":"Industrial silica, feldspar, kaolin & mica assemblage powering Nigerian ceramics, glass, and paint industries.","description":"A full ceramic-grade industrial-mineral assemblage crops out in the Nigerian basement: potash feldspar in Nasarawa and Kwara, soda feldspar in the Ogun-Ekiti crystalline basement, muscovite mica in the Ibadan schists, and silica sands in the Niger-Benue delta fringes. Together with the abundant kaolin clays, they underpin Nigeria's rapidly growing domestic tile, sanitaryware, float-glass, and bottle-glass industries.","lon":4.55,"lat":8.5,"statesCrossed":"[\"Nasarawa\",\"Kwara\",\"Ogun\",\"Ekiti\",\"Oyo\",\"Kogi\",\"Delta\",\"Edo\"]","reserveNote":"Vast pegmatite feldspar + alluvial silica sands; mica widespread","productionNote":"Small-scale pegmatite mining + river silica; ceramic-grade beneficiation growing","type":"K-feldspar (microcline), Na-feldspar (albite), muscovite mica, silica sand; ceramic/glass grades","economy":"Ceramic tile flux, glass batch, filler extenders, cosmetics, electrical insulation.","climate":"Basement-craton tropical highlands + deltaic alluvial silica terrains.","landmarks":"[\"Nasarawa Lafia/Akwanga pegmatite feldspar belts\",\"Ogun–Ewekoro silica sands (west of Abeokuta)\",\"Niger–Benue delta fringe silica-sand dredges (Warri, Onitsha)\"]","highlights":"[\"Ceramic-grade feldspar + silica\",\"Pegmatite K-feldspar belt Nasarawa\",\"Mica for electrical & cosmetic grades\"]","wikiUrl":"https://en.wikipedia.org/wiki/Feldspar","products":"[\"Ceramic tile flux (K-feldspar) – vitrified & porcelain floor/wall tiles vitrification\",\"Glass batch feldspar + silica sand – soda-lime float-glass (windows, mirrors) & bottles\",\"Dinnerware sanitaryware vitreous china batch – feldspar + kaolin + silica + ball clay\",\"Muscovite mica sheet – high-voltage electrical insulation, capacitor dielectrics, furnace windows\",\"Mica powder (wet- & dry-ground) – paint extender, pearlescent pigment substrate, cosmetics\",\"Silica-sand foundry moulds (AFS 45–55 grade) – green-sand iron & steel casting\",\"Filler extenders – ground silica & feldspar powder for paints, plastics, rubber, adhesives\",\"Speciality low-iron silica (SiO₂ >99.5%) – solar PV glass, ultra-clear optical glass, fibre optics\"]","locations":"[{\"state\":\"Nasarawa\",\"siteName\":\"Lafia/Akwanga pegmatite feldspar\",\"lon\":8.5,\"lat\":8.6},{\"state\":\"Kwara\",\"siteName\":\"Kwara feldspar\",\"lon\":4.55,\"lat\":8.5},{\"state\":\"Ogun\",\"siteName\":\"Ewekoro silica sands\",\"lon\":3.2,\"lat\":6.95},{\"state\":\"Ekiti\",\"siteName\":\"Ekiti feldspar/mica\",\"lon\":5.22,\"lat\":7.66},{\"state\":\"Oyo\",\"siteName\":\"Ibadan mica schists\",\"lon\":3.9,\"lat\":7.4},{\"state\":\"Kogi\",\"siteName\":\"Kogi feldspar\",\"lon\":6.74,\"lat\":7.73},{\"state\":\"Delta\",\"siteName\":\"Warri silica-sand dredges\",\"lon\":5.75,\"lat\":5.52},{\"state\":\"Edo\",\"siteName\":\"Edo feldspar/silica\",\"lon\":6,\"lat\":6.63}]","resourceId":"resource-feldspar-mica","featureKind":"point","stateName":"Kwara","siteName":"Kwara feldspar"},"geometry":{"type":"Point","coordinates":[4.55,8.5]}},{"type":"Feature","properties":{"layerId":"resources","kind":"resources","id":"resource-feldspar-mica-2","name":"Feldspar, Mica & Industrial Minerals (Nasarawa-Kwara, Ogun-Ekiti)","resourceType":"feldspar-mica","summary":"Industrial silica, feldspar, kaolin & mica assemblage powering Nigerian ceramics, glass, and paint industries.","description":"A full ceramic-grade industrial-mineral assemblage crops out in the Nigerian basement: potash feldspar in Nasarawa and Kwara, soda feldspar in the Ogun-Ekiti crystalline basement, muscovite mica in the Ibadan schists, and silica sands in the Niger-Benue delta fringes. Together with the abundant kaolin clays, they underpin Nigeria's rapidly growing domestic tile, sanitaryware, float-glass, and bottle-glass industries.","lon":3.2,"lat":6.95,"statesCrossed":"[\"Nasarawa\",\"Kwara\",\"Ogun\",\"Ekiti\",\"Oyo\",\"Kogi\",\"Delta\",\"Edo\"]","reserveNote":"Vast pegmatite feldspar + alluvial silica sands; mica widespread","productionNote":"Small-scale pegmatite mining + river silica; ceramic-grade beneficiation growing","type":"K-feldspar (microcline), Na-feldspar (albite), muscovite mica, silica sand; ceramic/glass grades","economy":"Ceramic tile flux, glass batch, filler extenders, cosmetics, electrical insulation.","climate":"Basement-craton tropical highlands + deltaic alluvial silica terrains.","landmarks":"[\"Nasarawa Lafia/Akwanga pegmatite feldspar belts\",\"Ogun–Ewekoro silica sands (west of Abeokuta)\",\"Niger–Benue delta fringe silica-sand dredges (Warri, Onitsha)\"]","highlights":"[\"Ceramic-grade feldspar + silica\",\"Pegmatite K-feldspar belt Nasarawa\",\"Mica for electrical & cosmetic grades\"]","wikiUrl":"https://en.wikipedia.org/wiki/Feldspar","products":"[\"Ceramic tile flux (K-feldspar) – vitrified & porcelain floor/wall tiles vitrification\",\"Glass batch feldspar + silica sand – soda-lime float-glass (windows, mirrors) & bottles\",\"Dinnerware sanitaryware vitreous china batch – feldspar + kaolin + silica + ball clay\",\"Muscovite mica sheet – high-voltage electrical insulation, capacitor dielectrics, furnace windows\",\"Mica powder (wet- & dry-ground) – paint extender, pearlescent pigment substrate, cosmetics\",\"Silica-sand foundry moulds (AFS 45–55 grade) – green-sand iron & steel casting\",\"Filler extenders – ground silica & feldspar powder for paints, plastics, rubber, adhesives\",\"Speciality low-iron silica (SiO₂ >99.5%) – solar PV glass, ultra-clear optical glass, fibre optics\"]","locations":"[{\"state\":\"Nasarawa\",\"siteName\":\"Lafia/Akwanga pegmatite feldspar\",\"lon\":8.5,\"lat\":8.6},{\"state\":\"Kwara\",\"siteName\":\"Kwara feldspar\",\"lon\":4.55,\"lat\":8.5},{\"state\":\"Ogun\",\"siteName\":\"Ewekoro silica sands\",\"lon\":3.2,\"lat\":6.95},{\"state\":\"Ekiti\",\"siteName\":\"Ekiti feldspar/mica\",\"lon\":5.22,\"lat\":7.66},{\"state\":\"Oyo\",\"siteName\":\"Ibadan mica schists\",\"lon\":3.9,\"lat\":7.4},{\"state\":\"Kogi\",\"siteName\":\"Kogi feldspar\",\"lon\":6.74,\"lat\":7.73},{\"state\":\"Delta\",\"siteName\":\"Warri silica-sand dredges\",\"lon\":5.75,\"lat\":5.52},{\"state\":\"Edo\",\"siteName\":\"Edo feldspar/silica\",\"lon\":6,\"lat\":6.63}]","resourceId":"resource-feldspar-mica","featureKind":"point","stateName":"Ogun","siteName":"Ewekoro silica sands"},"geometry":{"type":"Point","coordinates":[3.2,6.95]}},{"type":"Feature","properties":{"layerId":"resources","kind":"resources","id":"resource-feldspar-mica-3","name":"Feldspar, Mica & Industrial Minerals (Nasarawa-Kwara, Ogun-Ekiti)","resourceType":"feldspar-mica","summary":"Industrial silica, feldspar, kaolin & mica assemblage powering Nigerian ceramics, glass, and paint industries.","description":"A full ceramic-grade industrial-mineral assemblage crops out in the Nigerian basement: potash feldspar in Nasarawa and Kwara, soda feldspar in the Ogun-Ekiti crystalline basement, muscovite mica in the Ibadan schists, and silica sands in the Niger-Benue delta fringes. Together with the abundant kaolin clays, they underpin Nigeria's rapidly growing domestic tile, sanitaryware, float-glass, and bottle-glass industries.","lon":5.22,"lat":7.66,"statesCrossed":"[\"Nasarawa\",\"Kwara\",\"Ogun\",\"Ekiti\",\"Oyo\",\"Kogi\",\"Delta\",\"Edo\"]","reserveNote":"Vast pegmatite feldspar + alluvial silica sands; mica widespread","productionNote":"Small-scale pegmatite mining + river silica; ceramic-grade beneficiation growing","type":"K-feldspar (microcline), Na-feldspar (albite), muscovite mica, silica sand; ceramic/glass grades","economy":"Ceramic tile flux, glass batch, filler extenders, cosmetics, electrical insulation.","climate":"Basement-craton tropical highlands + deltaic alluvial silica terrains.","landmarks":"[\"Nasarawa Lafia/Akwanga pegmatite feldspar belts\",\"Ogun–Ewekoro silica sands (west of Abeokuta)\",\"Niger–Benue delta fringe silica-sand dredges (Warri, Onitsha)\"]","highlights":"[\"Ceramic-grade feldspar + silica\",\"Pegmatite K-feldspar belt Nasarawa\",\"Mica for electrical & cosmetic grades\"]","wikiUrl":"https://en.wikipedia.org/wiki/Feldspar","products":"[\"Ceramic tile flux (K-feldspar) – vitrified & porcelain floor/wall tiles vitrification\",\"Glass batch feldspar + silica sand – soda-lime float-glass (windows, mirrors) & bottles\",\"Dinnerware sanitaryware vitreous china batch – feldspar + kaolin + silica + ball clay\",\"Muscovite mica sheet – high-voltage electrical insulation, capacitor dielectrics, furnace windows\",\"Mica powder (wet- & dry-ground) – paint extender, pearlescent pigment substrate, cosmetics\",\"Silica-sand foundry moulds (AFS 45–55 grade) – green-sand iron & steel casting\",\"Filler extenders – ground silica & feldspar powder for paints, plastics, rubber, adhesives\",\"Speciality low-iron silica (SiO₂ >99.5%) – solar PV glass, ultra-clear optical glass, fibre optics\"]","locations":"[{\"state\":\"Nasarawa\",\"siteName\":\"Lafia/Akwanga pegmatite feldspar\",\"lon\":8.5,\"lat\":8.6},{\"state\":\"Kwara\",\"siteName\":\"Kwara feldspar\",\"lon\":4.55,\"lat\":8.5},{\"state\":\"Ogun\",\"siteName\":\"Ewekoro silica sands\",\"lon\":3.2,\"lat\":6.95},{\"state\":\"Ekiti\",\"siteName\":\"Ekiti feldspar/mica\",\"lon\":5.22,\"lat\":7.66},{\"state\":\"Oyo\",\"siteName\":\"Ibadan mica schists\",\"lon\":3.9,\"lat\":7.4},{\"state\":\"Kogi\",\"siteName\":\"Kogi feldspar\",\"lon\":6.74,\"lat\":7.73},{\"state\":\"Delta\",\"siteName\":\"Warri silica-sand dredges\",\"lon\":5.75,\"lat\":5.52},{\"state\":\"Edo\",\"siteName\":\"Edo feldspar/silica\",\"lon\":6,\"lat\":6.63}]","resourceId":"resource-feldspar-mica","featureKind":"point","stateName":"Ekiti","siteName":"Ekiti feldspar/mica"},"geometry":{"type":"Point","coordinates":[5.22,7.66]}},{"type":"Feature","properties":{"layerId":"resources","kind":"resources","id":"resource-feldspar-mica-4","name":"Feldspar, Mica & Industrial Minerals (Nasarawa-Kwara, Ogun-Ekiti)","resourceType":"feldspar-mica","summary":"Industrial silica, feldspar, kaolin & mica assemblage powering Nigerian ceramics, glass, and paint industries.","description":"A full ceramic-grade industrial-mineral assemblage crops out in the Nigerian basement: potash feldspar in Nasarawa and Kwara, soda feldspar in the Ogun-Ekiti crystalline basement, muscovite mica in the Ibadan schists, and silica sands in the Niger-Benue delta fringes. Together with the abundant kaolin clays, they underpin Nigeria's rapidly growing domestic tile, sanitaryware, float-glass, and bottle-glass industries.","lon":3.9,"lat":7.4,"statesCrossed":"[\"Nasarawa\",\"Kwara\",\"Ogun\",\"Ekiti\",\"Oyo\",\"Kogi\",\"Delta\",\"Edo\"]","reserveNote":"Vast pegmatite feldspar + alluvial silica sands; mica widespread","productionNote":"Small-scale pegmatite mining + river silica; ceramic-grade beneficiation growing","type":"K-feldspar (microcline), Na-feldspar (albite), muscovite mica, silica sand; ceramic/glass grades","economy":"Ceramic tile flux, glass batch, filler extenders, cosmetics, electrical insulation.","climate":"Basement-craton tropical highlands + deltaic alluvial silica terrains.","landmarks":"[\"Nasarawa Lafia/Akwanga pegmatite feldspar belts\",\"Ogun–Ewekoro silica sands (west of Abeokuta)\",\"Niger–Benue delta fringe silica-sand dredges (Warri, Onitsha)\"]","highlights":"[\"Ceramic-grade feldspar + silica\",\"Pegmatite K-feldspar belt Nasarawa\",\"Mica for electrical & cosmetic grades\"]","wikiUrl":"https://en.wikipedia.org/wiki/Feldspar","products":"[\"Ceramic tile flux (K-feldspar) – vitrified & porcelain floor/wall tiles vitrification\",\"Glass batch feldspar + silica sand – soda-lime float-glass (windows, mirrors) & bottles\",\"Dinnerware sanitaryware vitreous china batch – feldspar + kaolin + silica + ball clay\",\"Muscovite mica sheet – high-voltage electrical insulation, capacitor dielectrics, furnace windows\",\"Mica powder (wet- & dry-ground) – paint extender, pearlescent pigment substrate, cosmetics\",\"Silica-sand foundry moulds (AFS 45–55 grade) – green-sand iron & steel casting\",\"Filler extenders – ground silica & feldspar powder for paints, plastics, rubber, adhesives\",\"Speciality low-iron silica (SiO₂ >99.5%) – solar PV glass, ultra-clear optical glass, fibre optics\"]","locations":"[{\"state\":\"Nasarawa\",\"siteName\":\"Lafia/Akwanga pegmatite feldspar\",\"lon\":8.5,\"lat\":8.6},{\"state\":\"Kwara\",\"siteName\":\"Kwara feldspar\",\"lon\":4.55,\"lat\":8.5},{\"state\":\"Ogun\",\"siteName\":\"Ewekoro silica sands\",\"lon\":3.2,\"lat\":6.95},{\"state\":\"Ekiti\",\"siteName\":\"Ekiti feldspar/mica\",\"lon\":5.22,\"lat\":7.66},{\"state\":\"Oyo\",\"siteName\":\"Ibadan mica schists\",\"lon\":3.9,\"lat\":7.4},{\"state\":\"Kogi\",\"siteName\":\"Kogi feldspar\",\"lon\":6.74,\"lat\":7.73},{\"state\":\"Delta\",\"siteName\":\"Warri silica-sand dredges\",\"lon\":5.75,\"lat\":5.52},{\"state\":\"Edo\",\"siteName\":\"Edo feldspar/silica\",\"lon\":6,\"lat\":6.63}]","resourceId":"resource-feldspar-mica","featureKind":"point","stateName":"Oyo","siteName":"Ibadan mica schists"},"geometry":{"type":"Point","coordinates":[3.9,7.4]}},{"type":"Feature","properties":{"layerId":"resources","kind":"resources","id":"resource-feldspar-mica-5","name":"Feldspar, Mica & Industrial Minerals (Nasarawa-Kwara, Ogun-Ekiti)","resourceType":"feldspar-mica","summary":"Industrial silica, feldspar, kaolin & mica assemblage powering Nigerian ceramics, glass, and paint industries.","description":"A full ceramic-grade industrial-mineral assemblage crops out in the Nigerian basement: potash feldspar in Nasarawa and Kwara, soda feldspar in the Ogun-Ekiti crystalline basement, muscovite mica in the Ibadan schists, and silica sands in the Niger-Benue delta fringes. Together with the abundant kaolin clays, they underpin Nigeria's rapidly growing domestic tile, sanitaryware, float-glass, and bottle-glass industries.","lon":6.74,"lat":7.73,"statesCrossed":"[\"Nasarawa\",\"Kwara\",\"Ogun\",\"Ekiti\",\"Oyo\",\"Kogi\",\"Delta\",\"Edo\"]","reserveNote":"Vast pegmatite feldspar + alluvial silica sands; mica widespread","productionNote":"Small-scale pegmatite mining + river silica; ceramic-grade beneficiation growing","type":"K-feldspar (microcline), Na-feldspar (albite), muscovite mica, silica sand; ceramic/glass grades","economy":"Ceramic tile flux, glass batch, filler extenders, cosmetics, electrical insulation.","climate":"Basement-craton tropical highlands + deltaic alluvial silica terrains.","landmarks":"[\"Nasarawa Lafia/Akwanga pegmatite feldspar belts\",\"Ogun–Ewekoro silica sands (west of Abeokuta)\",\"Niger–Benue delta fringe silica-sand dredges (Warri, Onitsha)\"]","highlights":"[\"Ceramic-grade feldspar + silica\",\"Pegmatite K-feldspar belt Nasarawa\",\"Mica for electrical & cosmetic grades\"]","wikiUrl":"https://en.wikipedia.org/wiki/Feldspar","products":"[\"Ceramic tile flux (K-feldspar) – vitrified & porcelain floor/wall tiles vitrification\",\"Glass batch feldspar + silica sand – soda-lime float-glass (windows, mirrors) & bottles\",\"Dinnerware sanitaryware vitreous china batch – feldspar + kaolin + silica + ball clay\",\"Muscovite mica sheet – high-voltage electrical insulation, capacitor dielectrics, furnace windows\",\"Mica powder (wet- & dry-ground) – paint extender, pearlescent pigment substrate, cosmetics\",\"Silica-sand foundry moulds (AFS 45–55 grade) – green-sand iron & steel casting\",\"Filler extenders – ground silica & feldspar powder for paints, plastics, rubber, adhesives\",\"Speciality low-iron silica (SiO₂ >99.5%) – solar PV glass, ultra-clear optical glass, fibre optics\"]","locations":"[{\"state\":\"Nasarawa\",\"siteName\":\"Lafia/Akwanga pegmatite feldspar\",\"lon\":8.5,\"lat\":8.6},{\"state\":\"Kwara\",\"siteName\":\"Kwara feldspar\",\"lon\":4.55,\"lat\":8.5},{\"state\":\"Ogun\",\"siteName\":\"Ewekoro silica sands\",\"lon\":3.2,\"lat\":6.95},{\"state\":\"Ekiti\",\"siteName\":\"Ekiti feldspar/mica\",\"lon\":5.22,\"lat\":7.66},{\"state\":\"Oyo\",\"siteName\":\"Ibadan mica schists\",\"lon\":3.9,\"lat\":7.4},{\"state\":\"Kogi\",\"siteName\":\"Kogi feldspar\",\"lon\":6.74,\"lat\":7.73},{\"state\":\"Delta\",\"siteName\":\"Warri silica-sand dredges\",\"lon\":5.75,\"lat\":5.52},{\"state\":\"Edo\",\"siteName\":\"Edo feldspar/silica\",\"lon\":6,\"lat\":6.63}]","resourceId":"resource-feldspar-mica","featureKind":"point","stateName":"Kogi","siteName":"Kogi feldspar"},"geometry":{"type":"Point","coordinates":[6.74,7.73]}},{"type":"Feature","properties":{"layerId":"resources","kind":"resources","id":"resource-feldspar-mica-6","name":"Feldspar, Mica & Industrial Minerals (Nasarawa-Kwara, Ogun-Ekiti)","resourceType":"feldspar-mica","summary":"Industrial silica, feldspar, kaolin & mica assemblage powering Nigerian ceramics, glass, and paint industries.","description":"A full ceramic-grade industrial-mineral assemblage crops out in the Nigerian basement: potash feldspar in Nasarawa and Kwara, soda feldspar in the Ogun-Ekiti crystalline basement, muscovite mica in the Ibadan schists, and silica sands in the Niger-Benue delta fringes. Together with the abundant kaolin clays, they underpin Nigeria's rapidly growing domestic tile, sanitaryware, float-glass, and bottle-glass industries.","lon":5.75,"lat":5.52,"statesCrossed":"[\"Nasarawa\",\"Kwara\",\"Ogun\",\"Ekiti\",\"Oyo\",\"Kogi\",\"Delta\",\"Edo\"]","reserveNote":"Vast pegmatite feldspar + alluvial silica sands; mica widespread","productionNote":"Small-scale pegmatite mining + river silica; ceramic-grade beneficiation growing","type":"K-feldspar (microcline), Na-feldspar (albite), muscovite mica, silica sand; ceramic/glass grades","economy":"Ceramic tile flux, glass batch, filler extenders, cosmetics, electrical insulation.","climate":"Basement-craton tropical highlands + deltaic alluvial silica terrains.","landmarks":"[\"Nasarawa Lafia/Akwanga pegmatite feldspar belts\",\"Ogun–Ewekoro silica sands (west of Abeokuta)\",\"Niger–Benue delta fringe silica-sand dredges (Warri, Onitsha)\"]","highlights":"[\"Ceramic-grade feldspar + silica\",\"Pegmatite K-feldspar belt Nasarawa\",\"Mica for electrical & cosmetic grades\"]","wikiUrl":"https://en.wikipedia.org/wiki/Feldspar","products":"[\"Ceramic tile flux (K-feldspar) – vitrified & porcelain floor/wall tiles vitrification\",\"Glass batch feldspar + silica sand – soda-lime float-glass (windows, mirrors) & bottles\",\"Dinnerware sanitaryware vitreous china batch – feldspar + kaolin + silica + ball clay\",\"Muscovite mica sheet – high-voltage electrical insulation, capacitor dielectrics, furnace windows\",\"Mica powder (wet- & dry-ground) – paint extender, pearlescent pigment substrate, cosmetics\",\"Silica-sand foundry moulds (AFS 45–55 grade) – green-sand iron & steel casting\",\"Filler extenders – ground silica & feldspar powder for paints, plastics, rubber, adhesives\",\"Speciality low-iron silica (SiO₂ >99.5%) – solar PV glass, ultra-clear optical glass, fibre optics\"]","locations":"[{\"state\":\"Nasarawa\",\"siteName\":\"Lafia/Akwanga pegmatite feldspar\",\"lon\":8.5,\"lat\":8.6},{\"state\":\"Kwara\",\"siteName\":\"Kwara feldspar\",\"lon\":4.55,\"lat\":8.5},{\"state\":\"Ogun\",\"siteName\":\"Ewekoro silica sands\",\"lon\":3.2,\"lat\":6.95},{\"state\":\"Ekiti\",\"siteName\":\"Ekiti feldspar/mica\",\"lon\":5.22,\"lat\":7.66},{\"state\":\"Oyo\",\"siteName\":\"Ibadan mica schists\",\"lon\":3.9,\"lat\":7.4},{\"state\":\"Kogi\",\"siteName\":\"Kogi feldspar\",\"lon\":6.74,\"lat\":7.73},{\"state\":\"Delta\",\"siteName\":\"Warri silica-sand dredges\",\"lon\":5.75,\"lat\":5.52},{\"state\":\"Edo\",\"siteName\":\"Edo feldspar/silica\",\"lon\":6,\"lat\":6.63}]","resourceId":"resource-feldspar-mica","featureKind":"point","stateName":"Delta","siteName":"Warri silica-sand dredges"},"geometry":{"type":"Point","coordinates":[5.75,5.52]}},{"type":"Feature","properties":{"layerId":"resources","kind":"resources","id":"resource-feldspar-mica-7","name":"Feldspar, Mica & Industrial Minerals (Nasarawa-Kwara, Ogun-Ekiti)","resourceType":"feldspar-mica","summary":"Industrial silica, feldspar, kaolin & mica assemblage powering Nigerian ceramics, glass, and paint industries.","description":"A full ceramic-grade industrial-mineral assemblage crops out in the Nigerian basement: potash feldspar in Nasarawa and Kwara, soda feldspar in the Ogun-Ekiti crystalline basement, muscovite mica in the Ibadan schists, and silica sands in the Niger-Benue delta fringes. Together with the abundant kaolin clays, they underpin Nigeria's rapidly growing domestic tile, sanitaryware, float-glass, and bottle-glass industries.","lon":6,"lat":6.63,"statesCrossed":"[\"Nasarawa\",\"Kwara\",\"Ogun\",\"Ekiti\",\"Oyo\",\"Kogi\",\"Delta\",\"Edo\"]","reserveNote":"Vast pegmatite feldspar + alluvial silica sands; mica widespread","productionNote":"Small-scale pegmatite mining + river silica; ceramic-grade beneficiation growing","type":"K-feldspar (microcline), Na-feldspar (albite), muscovite mica, silica sand; ceramic/glass grades","economy":"Ceramic tile flux, glass batch, filler extenders, cosmetics, electrical insulation.","climate":"Basement-craton tropical highlands + deltaic alluvial silica terrains.","landmarks":"[\"Nasarawa Lafia/Akwanga pegmatite feldspar belts\",\"Ogun–Ewekoro silica sands (west of Abeokuta)\",\"Niger–Benue delta fringe silica-sand dredges (Warri, Onitsha)\"]","highlights":"[\"Ceramic-grade feldspar + silica\",\"Pegmatite K-feldspar belt Nasarawa\",\"Mica for electrical & cosmetic grades\"]","wikiUrl":"https://en.wikipedia.org/wiki/Feldspar","products":"[\"Ceramic tile flux (K-feldspar) – vitrified & porcelain floor/wall tiles vitrification\",\"Glass batch feldspar + silica sand – soda-lime float-glass (windows, mirrors) & bottles\",\"Dinnerware sanitaryware vitreous china batch – feldspar + kaolin + silica + ball clay\",\"Muscovite mica sheet – high-voltage electrical insulation, capacitor dielectrics, furnace windows\",\"Mica powder (wet- & dry-ground) – paint extender, pearlescent pigment substrate, cosmetics\",\"Silica-sand foundry moulds (AFS 45–55 grade) – green-sand iron & steel casting\",\"Filler extenders – ground silica & feldspar powder for paints, plastics, rubber, adhesives\",\"Speciality low-iron silica (SiO₂ >99.5%) – solar PV glass, ultra-clear optical glass, fibre optics\"]","locations":"[{\"state\":\"Nasarawa\",\"siteName\":\"Lafia/Akwanga pegmatite feldspar\",\"lon\":8.5,\"lat\":8.6},{\"state\":\"Kwara\",\"siteName\":\"Kwara feldspar\",\"lon\":4.55,\"lat\":8.5},{\"state\":\"Ogun\",\"siteName\":\"Ewekoro silica sands\",\"lon\":3.2,\"lat\":6.95},{\"state\":\"Ekiti\",\"siteName\":\"Ekiti feldspar/mica\",\"lon\":5.22,\"lat\":7.66},{\"state\":\"Oyo\",\"siteName\":\"Ibadan mica schists\",\"lon\":3.9,\"lat\":7.4},{\"state\":\"Kogi\",\"siteName\":\"Kogi feldspar\",\"lon\":6.74,\"lat\":7.73},{\"state\":\"Delta\",\"siteName\":\"Warri silica-sand dredges\",\"lon\":5.75,\"lat\":5.52},{\"state\":\"Edo\",\"siteName\":\"Edo feldspar/silica\",\"lon\":6,\"lat\":6.63}]","resourceId":"resource-feldspar-mica","featureKind":"point","stateName":"Edo","siteName":"Edo feldspar/silica"},"geometry":{"type":"Point","coordinates":[6,6.63]}},{"type":"Feature","properties":{"layerId":"resources","kind":"resources","id":"resource-gold-osun-0","name":"Gold (Osun–Ilesha Schist Belt)","resourceType":"gold","summary":"Lode and alluvial gold around Ife, Ilesha and Osu at the heart of the southwest schist belt.","description":"The Ife-Ilesha (or Ilesha-Osu) schist belt is Nigeria's best-known southwest gold province, with auriferous quartz veins at Itagunmodi, Iperindo, and around Osu. Activity is largely artisanal and small-scale, with junior mining companies targeting hard-rock deposits near the old Ile-Ife gold workings.","lon":4.73,"lat":7.62,"statesCrossed":"[\"Osun\",\"Ekiti\"]","reserveNote":"Auriferous quartz vein + alluvial deposits documented at Itagunmodi and Iperindo","productionNote":"ASGM active across the belt; formal development under study","type":"Lode & alluvial gold in the Ife-Ilesha schist belt","economy":"Artisanal goldsmithing, ASGM livelihoods, junior mining exploration.","climate":"Tropical wet-and-dry; evergreen rainforest fringe to the south.","landmarks":"[\"Ilesha gold belt\",\"Itagunmodi workings\",\"Ife-ile gold district\"]","highlights":"[\"Southwest lode gold\",\"ASGM economy\",\"Ife-Ilesha schist belt\"]","wikiUrl":"https://en.wikipedia.org/wiki/Gold_mining","products":"[\"Jewellery & artisanal goldsmithing\",\"Investment gold & bullion\",\"Electronics contacts & bonding wire\",\"Dental alloys\",\"Decorative gilding & traditional regalia\"]","locations":"[{\"state\":\"Osun\",\"siteName\":\"Ilesha/Itagunmodi gold\",\"lon\":4.73,\"lat\":7.62},{\"state\":\"Ekiti\",\"siteName\":\"Ise/Emure gold\",\"lon\":5.4,\"lat\":7.5}]","resourceId":"resource-gold-osun","featureKind":"point","stateName":"Osun","siteName":"Ilesha/Itagunmodi gold"},"geometry":{"type":"Point","coordinates":[4.73,7.62]}},{"type":"Feature","properties":{"layerId":"resources","kind":"resources","id":"resource-gold-osun-1","name":"Gold (Osun–Ilesha Schist Belt)","resourceType":"gold","summary":"Lode and alluvial gold around Ife, Ilesha and Osu at the heart of the southwest schist belt.","description":"The Ife-Ilesha (or Ilesha-Osu) schist belt is Nigeria's best-known southwest gold province, with auriferous quartz veins at Itagunmodi, Iperindo, and around Osu. Activity is largely artisanal and small-scale, with junior mining companies targeting hard-rock deposits near the old Ile-Ife gold workings.","lon":5.4,"lat":7.5,"statesCrossed":"[\"Osun\",\"Ekiti\"]","reserveNote":"Auriferous quartz vein + alluvial deposits documented at Itagunmodi and Iperindo","productionNote":"ASGM active across the belt; formal development under study","type":"Lode & alluvial gold in the Ife-Ilesha schist belt","economy":"Artisanal goldsmithing, ASGM livelihoods, junior mining exploration.","climate":"Tropical wet-and-dry; evergreen rainforest fringe to the south.","landmarks":"[\"Ilesha gold belt\",\"Itagunmodi workings\",\"Ife-ile gold district\"]","highlights":"[\"Southwest lode gold\",\"ASGM economy\",\"Ife-Ilesha schist belt\"]","wikiUrl":"https://en.wikipedia.org/wiki/Gold_mining","products":"[\"Jewellery & artisanal goldsmithing\",\"Investment gold & bullion\",\"Electronics contacts & bonding wire\",\"Dental alloys\",\"Decorative gilding & traditional regalia\"]","locations":"[{\"state\":\"Osun\",\"siteName\":\"Ilesha/Itagunmodi gold\",\"lon\":4.73,\"lat\":7.62},{\"state\":\"Ekiti\",\"siteName\":\"Ise/Emure gold\",\"lon\":5.4,\"lat\":7.5}]","resourceId":"resource-gold-osun","featureKind":"point","stateName":"Ekiti","siteName":"Ise/Emure gold"},"geometry":{"type":"Point","coordinates":[5.4,7.5]}},{"type":"Feature","properties":{"layerId":"resources","kind":"resources","id":"resource-gas-anambra-0","name":"Natural Gas (Anambra Basin)","resourceType":"natural-gas","summary":"Gas discoveries and CNG/power prospects across the Anambra basin interior basin between the Niger and the lower Benue trough.","description":"The Anambra Basin, spanning Anambra, Enugu, Imo and fringes of Kogi and Benue, hosts non-associated gas accumulations and the Agbada-FF facies outlook west of the Niger. It is the focus of midstream gas-to-power and CNG projects feeding eastern and north-central load centres.","lon":6.85,"lat":6,"statesCrossed":"[\"Anambra\",\"Enugu\",\"Imo\",\"Kogi\",\"Benue\"]","reserveNote":"Prospectivity from non-associated gas windows of the basin","productionNote":"Developmental CNG & gas-to-power projects emerging","type":"Non-associated and shallow gas, Anambra basin","economy":"Gas-to-power, CNG feedstock, industrial heat, fertiliser potential.","climate":"Tropical rainforest fringe to the south; wet-and-dry to the north.","landmarks":"[\"Anambra basin gas plays\",\"Onitsha industrial axis\",\"Enugu power corridor\"]","highlights":"[\"Eastern gas frontier\",\"CNG & power projects\",\"Niger–Benue transition\"]","wikiUrl":"https://en.wikipedia.org/wiki/Anambra_Basin","locations":"[{\"state\":\"Anambra\",\"siteName\":\"Ojoto/Ihiala gas plays\",\"lon\":6.85,\"lat\":6},{\"state\":\"Enugu\",\"siteName\":\"Enugu gas prospects\",\"lon\":7.51,\"lat\":6.52},{\"state\":\"Imo\",\"siteName\":\"Owerri gas prospects\",\"lon\":7.03,\"lat\":5.48},{\"state\":\"Kogi\",\"siteName\":\"Kogi confluence gas prospects\",\"lon\":6.74,\"lat\":7.73},{\"state\":\"Benue\",\"siteName\":\"Benue gas prospects\",\"lon\":8.76,\"lat\":7.33}]","resourceId":"resource-gas-anambra","featureKind":"point","stateName":"Anambra","siteName":"Ojoto/Ihiala gas plays"},"geometry":{"type":"Point","coordinates":[6.85,6]}},{"type":"Feature","properties":{"layerId":"resources","kind":"resources","id":"resource-gas-anambra-1","name":"Natural Gas (Anambra Basin)","resourceType":"natural-gas","summary":"Gas discoveries and CNG/power prospects across the Anambra basin interior basin between the Niger and the lower Benue trough.","description":"The Anambra Basin, spanning Anambra, Enugu, Imo and fringes of Kogi and Benue, hosts non-associated gas accumulations and the Agbada-FF facies outlook west of the Niger. It is the focus of midstream gas-to-power and CNG projects feeding eastern and north-central load centres.","lon":7.51,"lat":6.52,"statesCrossed":"[\"Anambra\",\"Enugu\",\"Imo\",\"Kogi\",\"Benue\"]","reserveNote":"Prospectivity from non-associated gas windows of the basin","productionNote":"Developmental CNG & gas-to-power projects emerging","type":"Non-associated and shallow gas, Anambra basin","economy":"Gas-to-power, CNG feedstock, industrial heat, fertiliser potential.","climate":"Tropical rainforest fringe to the south; wet-and-dry to the north.","landmarks":"[\"Anambra basin gas plays\",\"Onitsha industrial axis\",\"Enugu power corridor\"]","highlights":"[\"Eastern gas frontier\",\"CNG & power projects\",\"Niger–Benue transition\"]","wikiUrl":"https://en.wikipedia.org/wiki/Anambra_Basin","locations":"[{\"state\":\"Anambra\",\"siteName\":\"Ojoto/Ihiala gas plays\",\"lon\":6.85,\"lat\":6},{\"state\":\"Enugu\",\"siteName\":\"Enugu gas prospects\",\"lon\":7.51,\"lat\":6.52},{\"state\":\"Imo\",\"siteName\":\"Owerri gas prospects\",\"lon\":7.03,\"lat\":5.48},{\"state\":\"Kogi\",\"siteName\":\"Kogi confluence gas prospects\",\"lon\":6.74,\"lat\":7.73},{\"state\":\"Benue\",\"siteName\":\"Benue gas prospects\",\"lon\":8.76,\"lat\":7.33}]","resourceId":"resource-gas-anambra","featureKind":"point","stateName":"Enugu","siteName":"Enugu gas prospects"},"geometry":{"type":"Point","coordinates":[7.51,6.52]}},{"type":"Feature","properties":{"layerId":"resources","kind":"resources","id":"resource-gas-anambra-2","name":"Natural Gas (Anambra Basin)","resourceType":"natural-gas","summary":"Gas discoveries and CNG/power prospects across the Anambra basin interior basin between the Niger and the lower Benue trough.","description":"The Anambra Basin, spanning Anambra, Enugu, Imo and fringes of Kogi and Benue, hosts non-associated gas accumulations and the Agbada-FF facies outlook west of the Niger. It is the focus of midstream gas-to-power and CNG projects feeding eastern and north-central load centres.","lon":7.03,"lat":5.48,"statesCrossed":"[\"Anambra\",\"Enugu\",\"Imo\",\"Kogi\",\"Benue\"]","reserveNote":"Prospectivity from non-associated gas windows of the basin","productionNote":"Developmental CNG & gas-to-power projects emerging","type":"Non-associated and shallow gas, Anambra basin","economy":"Gas-to-power, CNG feedstock, industrial heat, fertiliser potential.","climate":"Tropical rainforest fringe to the south; wet-and-dry to the north.","landmarks":"[\"Anambra basin gas plays\",\"Onitsha industrial axis\",\"Enugu power corridor\"]","highlights":"[\"Eastern gas frontier\",\"CNG & power projects\",\"Niger–Benue transition\"]","wikiUrl":"https://en.wikipedia.org/wiki/Anambra_Basin","locations":"[{\"state\":\"Anambra\",\"siteName\":\"Ojoto/Ihiala gas plays\",\"lon\":6.85,\"lat\":6},{\"state\":\"Enugu\",\"siteName\":\"Enugu gas prospects\",\"lon\":7.51,\"lat\":6.52},{\"state\":\"Imo\",\"siteName\":\"Owerri gas prospects\",\"lon\":7.03,\"lat\":5.48},{\"state\":\"Kogi\",\"siteName\":\"Kogi confluence gas prospects\",\"lon\":6.74,\"lat\":7.73},{\"state\":\"Benue\",\"siteName\":\"Benue gas prospects\",\"lon\":8.76,\"lat\":7.33}]","resourceId":"resource-gas-anambra","featureKind":"point","stateName":"Imo","siteName":"Owerri gas prospects"},"geometry":{"type":"Point","coordinates":[7.03,5.48]}},{"type":"Feature","properties":{"layerId":"resources","kind":"resources","id":"resource-gas-anambra-3","name":"Natural Gas (Anambra Basin)","resourceType":"natural-gas","summary":"Gas discoveries and CNG/power prospects across the Anambra basin interior basin between the Niger and the lower Benue trough.","description":"The Anambra Basin, spanning Anambra, Enugu, Imo and fringes of Kogi and Benue, hosts non-associated gas accumulations and the Agbada-FF facies outlook west of the Niger. It is the focus of midstream gas-to-power and CNG projects feeding eastern and north-central load centres.","lon":6.74,"lat":7.73,"statesCrossed":"[\"Anambra\",\"Enugu\",\"Imo\",\"Kogi\",\"Benue\"]","reserveNote":"Prospectivity from non-associated gas windows of the basin","productionNote":"Developmental CNG & gas-to-power projects emerging","type":"Non-associated and shallow gas, Anambra basin","economy":"Gas-to-power, CNG feedstock, industrial heat, fertiliser potential.","climate":"Tropical rainforest fringe to the south; wet-and-dry to the north.","landmarks":"[\"Anambra basin gas plays\",\"Onitsha industrial axis\",\"Enugu power corridor\"]","highlights":"[\"Eastern gas frontier\",\"CNG & power projects\",\"Niger–Benue transition\"]","wikiUrl":"https://en.wikipedia.org/wiki/Anambra_Basin","locations":"[{\"state\":\"Anambra\",\"siteName\":\"Ojoto/Ihiala gas plays\",\"lon\":6.85,\"lat\":6},{\"state\":\"Enugu\",\"siteName\":\"Enugu gas prospects\",\"lon\":7.51,\"lat\":6.52},{\"state\":\"Imo\",\"siteName\":\"Owerri gas prospects\",\"lon\":7.03,\"lat\":5.48},{\"state\":\"Kogi\",\"siteName\":\"Kogi confluence gas prospects\",\"lon\":6.74,\"lat\":7.73},{\"state\":\"Benue\",\"siteName\":\"Benue gas prospects\",\"lon\":8.76,\"lat\":7.33}]","resourceId":"resource-gas-anambra","featureKind":"point","stateName":"Kogi","siteName":"Kogi confluence gas prospects"},"geometry":{"type":"Point","coordinates":[6.74,7.73]}},{"type":"Feature","properties":{"layerId":"resources","kind":"resources","id":"resource-gas-anambra-4","name":"Natural Gas (Anambra Basin)","resourceType":"natural-gas","summary":"Gas discoveries and CNG/power prospects across the Anambra basin interior basin between the Niger and the lower Benue trough.","description":"The Anambra Basin, spanning Anambra, Enugu, Imo and fringes of Kogi and Benue, hosts non-associated gas accumulations and the Agbada-FF facies outlook west of the Niger. It is the focus of midstream gas-to-power and CNG projects feeding eastern and north-central load centres.","lon":8.76,"lat":7.33,"statesCrossed":"[\"Anambra\",\"Enugu\",\"Imo\",\"Kogi\",\"Benue\"]","reserveNote":"Prospectivity from non-associated gas windows of the basin","productionNote":"Developmental CNG & gas-to-power projects emerging","type":"Non-associated and shallow gas, Anambra basin","economy":"Gas-to-power, CNG feedstock, industrial heat, fertiliser potential.","climate":"Tropical rainforest fringe to the south; wet-and-dry to the north.","landmarks":"[\"Anambra basin gas plays\",\"Onitsha industrial axis\",\"Enugu power corridor\"]","highlights":"[\"Eastern gas frontier\",\"CNG & power projects\",\"Niger–Benue transition\"]","wikiUrl":"https://en.wikipedia.org/wiki/Anambra_Basin","locations":"[{\"state\":\"Anambra\",\"siteName\":\"Ojoto/Ihiala gas plays\",\"lon\":6.85,\"lat\":6},{\"state\":\"Enugu\",\"siteName\":\"Enugu gas prospects\",\"lon\":7.51,\"lat\":6.52},{\"state\":\"Imo\",\"siteName\":\"Owerri gas prospects\",\"lon\":7.03,\"lat\":5.48},{\"state\":\"Kogi\",\"siteName\":\"Kogi confluence gas prospects\",\"lon\":6.74,\"lat\":7.73},{\"state\":\"Benue\",\"siteName\":\"Benue gas prospects\",\"lon\":8.76,\"lat\":7.33}]","resourceId":"resource-gas-anambra","featureKind":"point","stateName":"Benue","siteName":"Benue gas prospects"},"geometry":{"type":"Point","coordinates":[8.76,7.33]}},{"type":"Feature","properties":{"layerId":"resources","kind":"resources","id":"resource-gas-akwa-0","name":"Natural Gas (Uquo Greenfield, Akwa Ibom)","resourceType":"natural-gas","summary":"Greenfield non-associated gas field feeding the Ibom (Seven Energy) hub and eastern power plants.","description":"The Uquo gas field in the Ikot Abasi axis of Akwa Ibom is a flagship non-associated gas development serving the Ibom Power Station and industrial users, with condensates supporting eastern gas grid flexibility.","lon":7.85,"lat":4.66,"statesCrossed":"[\"Akwa Ibom\"]","reserveNote":"Proven non-associated reserves at Uquo & environs","productionNote":"Supplies Ibom power & eastern consumers","type":"Non-associated gas field, eastern delta margin","economy":"Gas-to-power, condensate revenue, industrial supply.","climate":"Tropical rainforest; mangrove fringe on coastal margin.","landmarks":"[\"Uquo field\",\"Ibom Power Station hub\",\"Ikot Abasi industrial corridor\"]","highlights":"[\"Greenfield gas hub\",\"Eastern power feedstock\",\"Akwa Ibom energy\"]","wikiUrl":"https://en.wikipedia.org/wiki/Ikot_Abasi","locations":"[{\"state\":\"Akwa Ibom\",\"siteName\":\"Uquo gas field\",\"lon\":7.85,\"lat\":4.66}]","resourceId":"resource-gas-akwa","featureKind":"point","stateName":"Akwa Ibom","siteName":"Uquo gas field"},"geometry":{"type":"Point","coordinates":[7.85,4.66]}},{"type":"Feature","properties":{"layerId":"resources","kind":"resources","id":"resource-barite-0","name":"Barite / Baryte (Benue Trough)","resourceType":"barite","summary":"Africa's largest known barite deposits, centred on Azara (Nasarawa) and the Benue Trough — the key domestic drilling-mud feedstock.","description":"Barite (barium sulfate) occurs as vein and residual deposits along the Benue Trough, most notably the large Azara deposit in Nasarawa State plus occurrences around Katsina-Ala (Benue), Wukari (Taraba), and parts of Cross River. Nigeria's oil and gas sector has historically imported most of its drilling-mud barite despite these reserves, making Azara a flagship import-substitution project for the upstream sector.","lon":8.63,"lat":8.4,"statesCrossed":"[\"Nasarawa\",\"Benue\",\"Taraba\",\"Cross River\",\"Plateau\"]","reserveNote":"Hundreds of millions of tonnes indicated; Azara ranked among Africa's largest barite deposits","productionNote":"Small-to-medium scale mining supplying domestic drilling-mud demand; import substitution drive ongoing","type":"Barite (barium sulfate) vein and residual/eluvial deposits","economy":"Oilfield drilling-mud weighting agent import substitution; paint, rubber, and radiation-shielding fillers.","climate":"Guinea savanna, Benue Trough basement-sediment terrain.","landmarks":"[\"Azara Barite Mine (Nasarawa)\",\"Katsina-Ala barite belt\",\"Cross River barite occurrences\"]","highlights":"[\"Africa's largest known barite reserves\",\"Oil & gas drilling-mud import substitution\",\"Benue Trough mineral belt\"]","wikiUrl":"https://en.wikipedia.org/wiki/Barite","products":"[\"Oil & gas drilling mud – weighting agent for well control\",\"Paint, rubber & plastics fillers\",\"Radiation-shielding concrete aggregate\",\"Barium chemicals – barium carbonate, blanc fixe (barium sulfate pigment)\",\"Glass & ceramics – flux and brightening agent\"]","locations":"[{\"state\":\"Nasarawa\",\"siteName\":\"Azara Barite Mine\",\"lon\":8.63,\"lat\":8.4},{\"state\":\"Benue\",\"siteName\":\"Katsina-Ala barite\",\"lon\":9.28,\"lat\":7.1},{\"state\":\"Taraba\",\"siteName\":\"Wukari barite\",\"lon\":9.78,\"lat\":7.87},{\"state\":\"Cross River\",\"siteName\":\"Ikom barite\",\"lon\":8.71,\"lat\":5.97},{\"state\":\"Plateau\",\"siteName\":\"Plateau barite\",\"lon\":9.22,\"lat\":9.22}]","resourceId":"resource-barite","featureKind":"point","stateName":"Nasarawa","siteName":"Azara Barite Mine"},"geometry":{"type":"Point","coordinates":[8.63,8.4]}},{"type":"Feature","properties":{"layerId":"resources","kind":"resources","id":"resource-barite-1","name":"Barite / Baryte (Benue Trough)","resourceType":"barite","summary":"Africa's largest known barite deposits, centred on Azara (Nasarawa) and the Benue Trough — the key domestic drilling-mud feedstock.","description":"Barite (barium sulfate) occurs as vein and residual deposits along the Benue Trough, most notably the large Azara deposit in Nasarawa State plus occurrences around Katsina-Ala (Benue), Wukari (Taraba), and parts of Cross River. Nigeria's oil and gas sector has historically imported most of its drilling-mud barite despite these reserves, making Azara a flagship import-substitution project for the upstream sector.","lon":9.28,"lat":7.1,"statesCrossed":"[\"Nasarawa\",\"Benue\",\"Taraba\",\"Cross River\",\"Plateau\"]","reserveNote":"Hundreds of millions of tonnes indicated; Azara ranked among Africa's largest barite deposits","productionNote":"Small-to-medium scale mining supplying domestic drilling-mud demand; import substitution drive ongoing","type":"Barite (barium sulfate) vein and residual/eluvial deposits","economy":"Oilfield drilling-mud weighting agent import substitution; paint, rubber, and radiation-shielding fillers.","climate":"Guinea savanna, Benue Trough basement-sediment terrain.","landmarks":"[\"Azara Barite Mine (Nasarawa)\",\"Katsina-Ala barite belt\",\"Cross River barite occurrences\"]","highlights":"[\"Africa's largest known barite reserves\",\"Oil & gas drilling-mud import substitution\",\"Benue Trough mineral belt\"]","wikiUrl":"https://en.wikipedia.org/wiki/Barite","products":"[\"Oil & gas drilling mud – weighting agent for well control\",\"Paint, rubber & plastics fillers\",\"Radiation-shielding concrete aggregate\",\"Barium chemicals – barium carbonate, blanc fixe (barium sulfate pigment)\",\"Glass & ceramics – flux and brightening agent\"]","locations":"[{\"state\":\"Nasarawa\",\"siteName\":\"Azara Barite Mine\",\"lon\":8.63,\"lat\":8.4},{\"state\":\"Benue\",\"siteName\":\"Katsina-Ala barite\",\"lon\":9.28,\"lat\":7.1},{\"state\":\"Taraba\",\"siteName\":\"Wukari barite\",\"lon\":9.78,\"lat\":7.87},{\"state\":\"Cross River\",\"siteName\":\"Ikom barite\",\"lon\":8.71,\"lat\":5.97},{\"state\":\"Plateau\",\"siteName\":\"Plateau barite\",\"lon\":9.22,\"lat\":9.22}]","resourceId":"resource-barite","featureKind":"point","stateName":"Benue","siteName":"Katsina-Ala barite"},"geometry":{"type":"Point","coordinates":[9.28,7.1]}},{"type":"Feature","properties":{"layerId":"resources","kind":"resources","id":"resource-barite-2","name":"Barite / Baryte (Benue Trough)","resourceType":"barite","summary":"Africa's largest known barite deposits, centred on Azara (Nasarawa) and the Benue Trough — the key domestic drilling-mud feedstock.","description":"Barite (barium sulfate) occurs as vein and residual deposits along the Benue Trough, most notably the large Azara deposit in Nasarawa State plus occurrences around Katsina-Ala (Benue), Wukari (Taraba), and parts of Cross River. Nigeria's oil and gas sector has historically imported most of its drilling-mud barite despite these reserves, making Azara a flagship import-substitution project for the upstream sector.","lon":9.78,"lat":7.87,"statesCrossed":"[\"Nasarawa\",\"Benue\",\"Taraba\",\"Cross River\",\"Plateau\"]","reserveNote":"Hundreds of millions of tonnes indicated; Azara ranked among Africa's largest barite deposits","productionNote":"Small-to-medium scale mining supplying domestic drilling-mud demand; import substitution drive ongoing","type":"Barite (barium sulfate) vein and residual/eluvial deposits","economy":"Oilfield drilling-mud weighting agent import substitution; paint, rubber, and radiation-shielding fillers.","climate":"Guinea savanna, Benue Trough basement-sediment terrain.","landmarks":"[\"Azara Barite Mine (Nasarawa)\",\"Katsina-Ala barite belt\",\"Cross River barite occurrences\"]","highlights":"[\"Africa's largest known barite reserves\",\"Oil & gas drilling-mud import substitution\",\"Benue Trough mineral belt\"]","wikiUrl":"https://en.wikipedia.org/wiki/Barite","products":"[\"Oil & gas drilling mud – weighting agent for well control\",\"Paint, rubber & plastics fillers\",\"Radiation-shielding concrete aggregate\",\"Barium chemicals – barium carbonate, blanc fixe (barium sulfate pigment)\",\"Glass & ceramics – flux and brightening agent\"]","locations":"[{\"state\":\"Nasarawa\",\"siteName\":\"Azara Barite Mine\",\"lon\":8.63,\"lat\":8.4},{\"state\":\"Benue\",\"siteName\":\"Katsina-Ala barite\",\"lon\":9.28,\"lat\":7.1},{\"state\":\"Taraba\",\"siteName\":\"Wukari barite\",\"lon\":9.78,\"lat\":7.87},{\"state\":\"Cross River\",\"siteName\":\"Ikom barite\",\"lon\":8.71,\"lat\":5.97},{\"state\":\"Plateau\",\"siteName\":\"Plateau barite\",\"lon\":9.22,\"lat\":9.22}]","resourceId":"resource-barite","featureKind":"point","stateName":"Taraba","siteName":"Wukari barite"},"geometry":{"type":"Point","coordinates":[9.78,7.87]}},{"type":"Feature","properties":{"layerId":"resources","kind":"resources","id":"resource-barite-3","name":"Barite / Baryte (Benue Trough)","resourceType":"barite","summary":"Africa's largest known barite deposits, centred on Azara (Nasarawa) and the Benue Trough — the key domestic drilling-mud feedstock.","description":"Barite (barium sulfate) occurs as vein and residual deposits along the Benue Trough, most notably the large Azara deposit in Nasarawa State plus occurrences around Katsina-Ala (Benue), Wukari (Taraba), and parts of Cross River. Nigeria's oil and gas sector has historically imported most of its drilling-mud barite despite these reserves, making Azara a flagship import-substitution project for the upstream sector.","lon":8.71,"lat":5.97,"statesCrossed":"[\"Nasarawa\",\"Benue\",\"Taraba\",\"Cross River\",\"Plateau\"]","reserveNote":"Hundreds of millions of tonnes indicated; Azara ranked among Africa's largest barite deposits","productionNote":"Small-to-medium scale mining supplying domestic drilling-mud demand; import substitution drive ongoing","type":"Barite (barium sulfate) vein and residual/eluvial deposits","economy":"Oilfield drilling-mud weighting agent import substitution; paint, rubber, and radiation-shielding fillers.","climate":"Guinea savanna, Benue Trough basement-sediment terrain.","landmarks":"[\"Azara Barite Mine (Nasarawa)\",\"Katsina-Ala barite belt\",\"Cross River barite occurrences\"]","highlights":"[\"Africa's largest known barite reserves\",\"Oil & gas drilling-mud import substitution\",\"Benue Trough mineral belt\"]","wikiUrl":"https://en.wikipedia.org/wiki/Barite","products":"[\"Oil & gas drilling mud – weighting agent for well control\",\"Paint, rubber & plastics fillers\",\"Radiation-shielding concrete aggregate\",\"Barium chemicals – barium carbonate, blanc fixe (barium sulfate pigment)\",\"Glass & ceramics – flux and brightening agent\"]","locations":"[{\"state\":\"Nasarawa\",\"siteName\":\"Azara Barite Mine\",\"lon\":8.63,\"lat\":8.4},{\"state\":\"Benue\",\"siteName\":\"Katsina-Ala barite\",\"lon\":9.28,\"lat\":7.1},{\"state\":\"Taraba\",\"siteName\":\"Wukari barite\",\"lon\":9.78,\"lat\":7.87},{\"state\":\"Cross River\",\"siteName\":\"Ikom barite\",\"lon\":8.71,\"lat\":5.97},{\"state\":\"Plateau\",\"siteName\":\"Plateau barite\",\"lon\":9.22,\"lat\":9.22}]","resourceId":"resource-barite","featureKind":"point","stateName":"Cross River","siteName":"Ikom barite"},"geometry":{"type":"Point","coordinates":[8.71,5.97]}},{"type":"Feature","properties":{"layerId":"resources","kind":"resources","id":"resource-barite-4","name":"Barite / Baryte (Benue Trough)","resourceType":"barite","summary":"Africa's largest known barite deposits, centred on Azara (Nasarawa) and the Benue Trough — the key domestic drilling-mud feedstock.","description":"Barite (barium sulfate) occurs as vein and residual deposits along the Benue Trough, most notably the large Azara deposit in Nasarawa State plus occurrences around Katsina-Ala (Benue), Wukari (Taraba), and parts of Cross River. Nigeria's oil and gas sector has historically imported most of its drilling-mud barite despite these reserves, making Azara a flagship import-substitution project for the upstream sector.","lon":9.22,"lat":9.22,"statesCrossed":"[\"Nasarawa\",\"Benue\",\"Taraba\",\"Cross River\",\"Plateau\"]","reserveNote":"Hundreds of millions of tonnes indicated; Azara ranked among Africa's largest barite deposits","productionNote":"Small-to-medium scale mining supplying domestic drilling-mud demand; import substitution drive ongoing","type":"Barite (barium sulfate) vein and residual/eluvial deposits","economy":"Oilfield drilling-mud weighting agent import substitution; paint, rubber, and radiation-shielding fillers.","climate":"Guinea savanna, Benue Trough basement-sediment terrain.","landmarks":"[\"Azara Barite Mine (Nasarawa)\",\"Katsina-Ala barite belt\",\"Cross River barite occurrences\"]","highlights":"[\"Africa's largest known barite reserves\",\"Oil & gas drilling-mud import substitution\",\"Benue Trough mineral belt\"]","wikiUrl":"https://en.wikipedia.org/wiki/Barite","products":"[\"Oil & gas drilling mud – weighting agent for well control\",\"Paint, rubber & plastics fillers\",\"Radiation-shielding concrete aggregate\",\"Barium chemicals – barium carbonate, blanc fixe (barium sulfate pigment)\",\"Glass & ceramics – flux and brightening agent\"]","locations":"[{\"state\":\"Nasarawa\",\"siteName\":\"Azara Barite Mine\",\"lon\":8.63,\"lat\":8.4},{\"state\":\"Benue\",\"siteName\":\"Katsina-Ala barite\",\"lon\":9.28,\"lat\":7.1},{\"state\":\"Taraba\",\"siteName\":\"Wukari barite\",\"lon\":9.78,\"lat\":7.87},{\"state\":\"Cross River\",\"siteName\":\"Ikom barite\",\"lon\":8.71,\"lat\":5.97},{\"state\":\"Plateau\",\"siteName\":\"Plateau barite\",\"lon\":9.22,\"lat\":9.22}]","resourceId":"resource-barite","featureKind":"point","stateName":"Plateau","siteName":"Plateau barite"},"geometry":{"type":"Point","coordinates":[9.22,9.22]}},{"type":"Feature","properties":{"layerId":"resources","kind":"resources","id":"resource-talc-0","name":"Talc & Soapstone (Niger, Kogi, Osun)","resourceType":"talc","summary":"Talc-chlorite schist and soapstone deposits feeding Nigeria's ceramics, cosmetics, and paint industries.","description":"Talc occurs as talc-chlorite schist and soapstone bodies within the Precambrian basement complex, notably around Niger State (Rafin Gora/Mashegu axis), Kogi, and Osun (Ejigbo). Small-scale mining supplies local ceramics, paint filler, and cosmetics-grade processors, with beneficiation quality improving as demand from tile and paint manufacturers grows.","lon":6.3,"lat":9.75,"statesCrossed":"[\"Niger\",\"Kogi\",\"Osun\",\"Kwara\"]","reserveNote":"Multiple basement-hosted talc-chlorite schist and soapstone bodies","productionNote":"Small-scale mining and beneficiation for domestic ceramics/cosmetics/paint markets","type":"Talc-chlorite schist and soapstone","economy":"Ceramics, cosmetics, paint and paper-coating filler feedstock.","climate":"Guinea savanna basement terrain.","landmarks":"[\"Rafin Gora talc belt (Niger)\",\"Ejigbo talc occurrences (Osun)\",\"Kogi soapstone bodies\"]","highlights":"[\"Ceramics and cosmetics-grade talc\",\"Growing paint-filler demand\",\"Basement-complex soapstone bodies\"]","wikiUrl":"https://en.wikipedia.org/wiki/Talc","products":"[\"Talcum powder & cosmetics\",\"Ceramic tile body and glaze additive\",\"Paint, plastic & rubber fillers\",\"Paper coating and filler\",\"Rubber compounding agent\"]","locations":"[{\"state\":\"Niger\",\"siteName\":\"Rafin Gora talc\",\"lon\":6.3,\"lat\":9.75},{\"state\":\"Kogi\",\"siteName\":\"Kogi soapstone\",\"lon\":6.74,\"lat\":7.73},{\"state\":\"Osun\",\"siteName\":\"Ejigbo talc\",\"lon\":4.3,\"lat\":7.9},{\"state\":\"Kwara\",\"siteName\":\"Kwara talc\",\"lon\":4.55,\"lat\":8.5}]","resourceId":"resource-talc","featureKind":"point","stateName":"Niger","siteName":"Rafin Gora talc"},"geometry":{"type":"Point","coordinates":[6.3,9.75]}},{"type":"Feature","properties":{"layerId":"resources","kind":"resources","id":"resource-talc-1","name":"Talc & Soapstone (Niger, Kogi, Osun)","resourceType":"talc","summary":"Talc-chlorite schist and soapstone deposits feeding Nigeria's ceramics, cosmetics, and paint industries.","description":"Talc occurs as talc-chlorite schist and soapstone bodies within the Precambrian basement complex, notably around Niger State (Rafin Gora/Mashegu axis), Kogi, and Osun (Ejigbo). Small-scale mining supplies local ceramics, paint filler, and cosmetics-grade processors, with beneficiation quality improving as demand from tile and paint manufacturers grows.","lon":6.74,"lat":7.73,"statesCrossed":"[\"Niger\",\"Kogi\",\"Osun\",\"Kwara\"]","reserveNote":"Multiple basement-hosted talc-chlorite schist and soapstone bodies","productionNote":"Small-scale mining and beneficiation for domestic ceramics/cosmetics/paint markets","type":"Talc-chlorite schist and soapstone","economy":"Ceramics, cosmetics, paint and paper-coating filler feedstock.","climate":"Guinea savanna basement terrain.","landmarks":"[\"Rafin Gora talc belt (Niger)\",\"Ejigbo talc occurrences (Osun)\",\"Kogi soapstone bodies\"]","highlights":"[\"Ceramics and cosmetics-grade talc\",\"Growing paint-filler demand\",\"Basement-complex soapstone bodies\"]","wikiUrl":"https://en.wikipedia.org/wiki/Talc","products":"[\"Talcum powder & cosmetics\",\"Ceramic tile body and glaze additive\",\"Paint, plastic & rubber fillers\",\"Paper coating and filler\",\"Rubber compounding agent\"]","locations":"[{\"state\":\"Niger\",\"siteName\":\"Rafin Gora talc\",\"lon\":6.3,\"lat\":9.75},{\"state\":\"Kogi\",\"siteName\":\"Kogi soapstone\",\"lon\":6.74,\"lat\":7.73},{\"state\":\"Osun\",\"siteName\":\"Ejigbo talc\",\"lon\":4.3,\"lat\":7.9},{\"state\":\"Kwara\",\"siteName\":\"Kwara talc\",\"lon\":4.55,\"lat\":8.5}]","resourceId":"resource-talc","featureKind":"point","stateName":"Kogi","siteName":"Kogi soapstone"},"geometry":{"type":"Point","coordinates":[6.74,7.73]}},{"type":"Feature","properties":{"layerId":"resources","kind":"resources","id":"resource-talc-2","name":"Talc & Soapstone (Niger, Kogi, Osun)","resourceType":"talc","summary":"Talc-chlorite schist and soapstone deposits feeding Nigeria's ceramics, cosmetics, and paint industries.","description":"Talc occurs as talc-chlorite schist and soapstone bodies within the Precambrian basement complex, notably around Niger State (Rafin Gora/Mashegu axis), Kogi, and Osun (Ejigbo). Small-scale mining supplies local ceramics, paint filler, and cosmetics-grade processors, with beneficiation quality improving as demand from tile and paint manufacturers grows.","lon":4.3,"lat":7.9,"statesCrossed":"[\"Niger\",\"Kogi\",\"Osun\",\"Kwara\"]","reserveNote":"Multiple basement-hosted talc-chlorite schist and soapstone bodies","productionNote":"Small-scale mining and beneficiation for domestic ceramics/cosmetics/paint markets","type":"Talc-chlorite schist and soapstone","economy":"Ceramics, cosmetics, paint and paper-coating filler feedstock.","climate":"Guinea savanna basement terrain.","landmarks":"[\"Rafin Gora talc belt (Niger)\",\"Ejigbo talc occurrences (Osun)\",\"Kogi soapstone bodies\"]","highlights":"[\"Ceramics and cosmetics-grade talc\",\"Growing paint-filler demand\",\"Basement-complex soapstone bodies\"]","wikiUrl":"https://en.wikipedia.org/wiki/Talc","products":"[\"Talcum powder & cosmetics\",\"Ceramic tile body and glaze additive\",\"Paint, plastic & rubber fillers\",\"Paper coating and filler\",\"Rubber compounding agent\"]","locations":"[{\"state\":\"Niger\",\"siteName\":\"Rafin Gora talc\",\"lon\":6.3,\"lat\":9.75},{\"state\":\"Kogi\",\"siteName\":\"Kogi soapstone\",\"lon\":6.74,\"lat\":7.73},{\"state\":\"Osun\",\"siteName\":\"Ejigbo talc\",\"lon\":4.3,\"lat\":7.9},{\"state\":\"Kwara\",\"siteName\":\"Kwara talc\",\"lon\":4.55,\"lat\":8.5}]","resourceId":"resource-talc","featureKind":"point","stateName":"Osun","siteName":"Ejigbo talc"},"geometry":{"type":"Point","coordinates":[4.3,7.9]}},{"type":"Feature","properties":{"layerId":"resources","kind":"resources","id":"resource-talc-3","name":"Talc & Soapstone (Niger, Kogi, Osun)","resourceType":"talc","summary":"Talc-chlorite schist and soapstone deposits feeding Nigeria's ceramics, cosmetics, and paint industries.","description":"Talc occurs as talc-chlorite schist and soapstone bodies within the Precambrian basement complex, notably around Niger State (Rafin Gora/Mashegu axis), Kogi, and Osun (Ejigbo). Small-scale mining supplies local ceramics, paint filler, and cosmetics-grade processors, with beneficiation quality improving as demand from tile and paint manufacturers grows.","lon":4.55,"lat":8.5,"statesCrossed":"[\"Niger\",\"Kogi\",\"Osun\",\"Kwara\"]","reserveNote":"Multiple basement-hosted talc-chlorite schist and soapstone bodies","productionNote":"Small-scale mining and beneficiation for domestic ceramics/cosmetics/paint markets","type":"Talc-chlorite schist and soapstone","economy":"Ceramics, cosmetics, paint and paper-coating filler feedstock.","climate":"Guinea savanna basement terrain.","landmarks":"[\"Rafin Gora talc belt (Niger)\",\"Ejigbo talc occurrences (Osun)\",\"Kogi soapstone bodies\"]","highlights":"[\"Ceramics and cosmetics-grade talc\",\"Growing paint-filler demand\",\"Basement-complex soapstone bodies\"]","wikiUrl":"https://en.wikipedia.org/wiki/Talc","products":"[\"Talcum powder & cosmetics\",\"Ceramic tile body and glaze additive\",\"Paint, plastic & rubber fillers\",\"Paper coating and filler\",\"Rubber compounding agent\"]","locations":"[{\"state\":\"Niger\",\"siteName\":\"Rafin Gora talc\",\"lon\":6.3,\"lat\":9.75},{\"state\":\"Kogi\",\"siteName\":\"Kogi soapstone\",\"lon\":6.74,\"lat\":7.73},{\"state\":\"Osun\",\"siteName\":\"Ejigbo talc\",\"lon\":4.3,\"lat\":7.9},{\"state\":\"Kwara\",\"siteName\":\"Kwara talc\",\"lon\":4.55,\"lat\":8.5}]","resourceId":"resource-talc","featureKind":"point","stateName":"Kwara","siteName":"Kwara talc"},"geometry":{"type":"Point","coordinates":[4.55,8.5]}},{"type":"Feature","properties":{"layerId":"resources","kind":"resources","id":"resource-manganese-0","name":"Manganese (Zamfara-Katsina-Plateau Belts)","resourceType":"manganese","summary":"Manganese oxide and silicate ore occurrences across the northern basement complex, targeted for domestic ferro-alloy and battery feedstock.","description":"Manganese ores occur in scattered basement-hosted deposits across Zamfara (Kwatarkwashi axis), Katsina, and the Jos Plateau (Bukuru area), historically noted as a tin-mining byproduct on the Plateau. Renewed exploration interest ties to Nigeria's steel-industry ferro-manganese needs and dry-cell battery manufacturing.","lon":6.4,"lat":12.35,"statesCrossed":"[\"Zamfara\",\"Katsina\",\"Plateau\",\"Kaduna\"]","reserveNote":"Scattered basement-hosted manganese oxide/silicate deposits, moderate scale","productionNote":"Artisanal and small-scale mining; ferro-alloy demand driving renewed exploration","type":"Manganese oxide and silicate ore in basement complex","economy":"Ferro-manganese for steelmaking; battery and agro-chemical feedstock potential.","climate":"Sudan-Guinea savanna basement terrain.","landmarks":"[\"Kwatarkwashi manganese belt (Zamfara)\",\"Bukuru manganese occurrences (Plateau)\",\"Katsina basement manganese\"]","highlights":"[\"Ferro-alloy feedstock for domestic steel\",\"Tin-mining byproduct on Jos Plateau\",\"Renewed exploration interest\"]","wikiUrl":"https://en.wikipedia.org/wiki/Manganese","products":"[\"Ferromanganese/silico-manganese for steelmaking\",\"Manganese dioxide for dry-cell batteries\",\"Manganese sulfate for fertiliser and animal feed\",\"Manganese-based pigments\",\"Potassium permanganate feedstock for water treatment\"]","locations":"[{\"state\":\"Zamfara\",\"siteName\":\"Kwatarkwashi manganese\",\"lon\":6.4,\"lat\":12.35},{\"state\":\"Katsina\",\"siteName\":\"Katsina manganese\",\"lon\":7.6,\"lat\":12.9},{\"state\":\"Plateau\",\"siteName\":\"Bukuru manganese\",\"lon\":8.86,\"lat\":9.79},{\"state\":\"Kaduna\",\"siteName\":\"Kaduna manganese\",\"lon\":7.44,\"lat\":10.52}]","resourceId":"resource-manganese","featureKind":"point","stateName":"Zamfara","siteName":"Kwatarkwashi manganese"},"geometry":{"type":"Point","coordinates":[6.4,12.35]}},{"type":"Feature","properties":{"layerId":"resources","kind":"resources","id":"resource-manganese-1","name":"Manganese (Zamfara-Katsina-Plateau Belts)","resourceType":"manganese","summary":"Manganese oxide and silicate ore occurrences across the northern basement complex, targeted for domestic ferro-alloy and battery feedstock.","description":"Manganese ores occur in scattered basement-hosted deposits across Zamfara (Kwatarkwashi axis), Katsina, and the Jos Plateau (Bukuru area), historically noted as a tin-mining byproduct on the Plateau. Renewed exploration interest ties to Nigeria's steel-industry ferro-manganese needs and dry-cell battery manufacturing.","lon":7.6,"lat":12.9,"statesCrossed":"[\"Zamfara\",\"Katsina\",\"Plateau\",\"Kaduna\"]","reserveNote":"Scattered basement-hosted manganese oxide/silicate deposits, moderate scale","productionNote":"Artisanal and small-scale mining; ferro-alloy demand driving renewed exploration","type":"Manganese oxide and silicate ore in basement complex","economy":"Ferro-manganese for steelmaking; battery and agro-chemical feedstock potential.","climate":"Sudan-Guinea savanna basement terrain.","landmarks":"[\"Kwatarkwashi manganese belt (Zamfara)\",\"Bukuru manganese occurrences (Plateau)\",\"Katsina basement manganese\"]","highlights":"[\"Ferro-alloy feedstock for domestic steel\",\"Tin-mining byproduct on Jos Plateau\",\"Renewed exploration interest\"]","wikiUrl":"https://en.wikipedia.org/wiki/Manganese","products":"[\"Ferromanganese/silico-manganese for steelmaking\",\"Manganese dioxide for dry-cell batteries\",\"Manganese sulfate for fertiliser and animal feed\",\"Manganese-based pigments\",\"Potassium permanganate feedstock for water treatment\"]","locations":"[{\"state\":\"Zamfara\",\"siteName\":\"Kwatarkwashi manganese\",\"lon\":6.4,\"lat\":12.35},{\"state\":\"Katsina\",\"siteName\":\"Katsina manganese\",\"lon\":7.6,\"lat\":12.9},{\"state\":\"Plateau\",\"siteName\":\"Bukuru manganese\",\"lon\":8.86,\"lat\":9.79},{\"state\":\"Kaduna\",\"siteName\":\"Kaduna manganese\",\"lon\":7.44,\"lat\":10.52}]","resourceId":"resource-manganese","featureKind":"point","stateName":"Katsina","siteName":"Katsina manganese"},"geometry":{"type":"Point","coordinates":[7.6,12.9]}},{"type":"Feature","properties":{"layerId":"resources","kind":"resources","id":"resource-manganese-2","name":"Manganese (Zamfara-Katsina-Plateau Belts)","resourceType":"manganese","summary":"Manganese oxide and silicate ore occurrences across the northern basement complex, targeted for domestic ferro-alloy and battery feedstock.","description":"Manganese ores occur in scattered basement-hosted deposits across Zamfara (Kwatarkwashi axis), Katsina, and the Jos Plateau (Bukuru area), historically noted as a tin-mining byproduct on the Plateau. Renewed exploration interest ties to Nigeria's steel-industry ferro-manganese needs and dry-cell battery manufacturing.","lon":8.86,"lat":9.79,"statesCrossed":"[\"Zamfara\",\"Katsina\",\"Plateau\",\"Kaduna\"]","reserveNote":"Scattered basement-hosted manganese oxide/silicate deposits, moderate scale","productionNote":"Artisanal and small-scale mining; ferro-alloy demand driving renewed exploration","type":"Manganese oxide and silicate ore in basement complex","economy":"Ferro-manganese for steelmaking; battery and agro-chemical feedstock potential.","climate":"Sudan-Guinea savanna basement terrain.","landmarks":"[\"Kwatarkwashi manganese belt (Zamfara)\",\"Bukuru manganese occurrences (Plateau)\",\"Katsina basement manganese\"]","highlights":"[\"Ferro-alloy feedstock for domestic steel\",\"Tin-mining byproduct on Jos Plateau\",\"Renewed exploration interest\"]","wikiUrl":"https://en.wikipedia.org/wiki/Manganese","products":"[\"Ferromanganese/silico-manganese for steelmaking\",\"Manganese dioxide for dry-cell batteries\",\"Manganese sulfate for fertiliser and animal feed\",\"Manganese-based pigments\",\"Potassium permanganate feedstock for water treatment\"]","locations":"[{\"state\":\"Zamfara\",\"siteName\":\"Kwatarkwashi manganese\",\"lon\":6.4,\"lat\":12.35},{\"state\":\"Katsina\",\"siteName\":\"Katsina manganese\",\"lon\":7.6,\"lat\":12.9},{\"state\":\"Plateau\",\"siteName\":\"Bukuru manganese\",\"lon\":8.86,\"lat\":9.79},{\"state\":\"Kaduna\",\"siteName\":\"Kaduna manganese\",\"lon\":7.44,\"lat\":10.52}]","resourceId":"resource-manganese","featureKind":"point","stateName":"Plateau","siteName":"Bukuru manganese"},"geometry":{"type":"Point","coordinates":[8.86,9.79]}},{"type":"Feature","properties":{"layerId":"resources","kind":"resources","id":"resource-manganese-3","name":"Manganese (Zamfara-Katsina-Plateau Belts)","resourceType":"manganese","summary":"Manganese oxide and silicate ore occurrences across the northern basement complex, targeted for domestic ferro-alloy and battery feedstock.","description":"Manganese ores occur in scattered basement-hosted deposits across Zamfara (Kwatarkwashi axis), Katsina, and the Jos Plateau (Bukuru area), historically noted as a tin-mining byproduct on the Plateau. Renewed exploration interest ties to Nigeria's steel-industry ferro-manganese needs and dry-cell battery manufacturing.","lon":7.44,"lat":10.52,"statesCrossed":"[\"Zamfara\",\"Katsina\",\"Plateau\",\"Kaduna\"]","reserveNote":"Scattered basement-hosted manganese oxide/silicate deposits, moderate scale","productionNote":"Artisanal and small-scale mining; ferro-alloy demand driving renewed exploration","type":"Manganese oxide and silicate ore in basement complex","economy":"Ferro-manganese for steelmaking; battery and agro-chemical feedstock potential.","climate":"Sudan-Guinea savanna basement terrain.","landmarks":"[\"Kwatarkwashi manganese belt (Zamfara)\",\"Bukuru manganese occurrences (Plateau)\",\"Katsina basement manganese\"]","highlights":"[\"Ferro-alloy feedstock for domestic steel\",\"Tin-mining byproduct on Jos Plateau\",\"Renewed exploration interest\"]","wikiUrl":"https://en.wikipedia.org/wiki/Manganese","products":"[\"Ferromanganese/silico-manganese for steelmaking\",\"Manganese dioxide for dry-cell batteries\",\"Manganese sulfate for fertiliser and animal feed\",\"Manganese-based pigments\",\"Potassium permanganate feedstock for water treatment\"]","locations":"[{\"state\":\"Zamfara\",\"siteName\":\"Kwatarkwashi manganese\",\"lon\":6.4,\"lat\":12.35},{\"state\":\"Katsina\",\"siteName\":\"Katsina manganese\",\"lon\":7.6,\"lat\":12.9},{\"state\":\"Plateau\",\"siteName\":\"Bukuru manganese\",\"lon\":8.86,\"lat\":9.79},{\"state\":\"Kaduna\",\"siteName\":\"Kaduna manganese\",\"lon\":7.44,\"lat\":10.52}]","resourceId":"resource-manganese","featureKind":"point","stateName":"Kaduna","siteName":"Kaduna manganese"},"geometry":{"type":"Point","coordinates":[7.44,10.52]}},{"type":"Feature","properties":{"layerId":"resources","kind":"resources","id":"resource-chromite-0","name":"Chromite (Kaduna-Bauchi Ultramafic Belt)","resourceType":"chromite","summary":"Chromite occurrences in ultramafic/serpentinite bodies across Kaduna, Bauchi, and Adamawa, eyed for ferrochrome and refractory use.","description":"Chromite (chrome ore) is found in podiform bodies within ultramafic and serpentinised basement rocks around Kaduna, Bauchi, and Adamawa states. While production has remained artisanal, the ore's suitability for ferrochrome and refractory-grade chromite has drawn renewed interest as Nigeria pursues local steel and foundry value chains.","lon":7.44,"lat":10.52,"statesCrossed":"[\"Kaduna\",\"Bauchi\",\"Adamawa\"]","reserveNote":"Podiform chromite bodies in ultramafic/serpentinite basement rock","productionNote":"Artisanal and small-scale extraction; ferrochrome-grade beneficiation under study","type":"Chromite (chrome ore) in ultramafic/serpentinite basement bodies","economy":"Ferrochrome for stainless steel; refractory and foundry-sand feedstock.","climate":"Sudan-Guinea savanna basement terrain.","landmarks":"[\"Kaduna ultramafic chromite bodies\",\"Bauchi serpentinite belt\",\"Adamawa chromite occurrences\"]","highlights":"[\"Ferrochrome and stainless-steel feedstock\",\"Refractory-grade chromite potential\",\"Basement ultramafic host rocks\"]","wikiUrl":"https://en.wikipedia.org/wiki/Chromite","products":"[\"Ferrochrome for stainless steel production\",\"Refractory bricks and chromite foundry sand\",\"Chromium chemicals for leather tanning and pigments\",\"Chrome plating feedstock\"]","locations":"[{\"state\":\"Kaduna\",\"siteName\":\"Kaduna chromite\",\"lon\":7.44,\"lat\":10.52},{\"state\":\"Bauchi\",\"siteName\":\"Bauchi serpentinite chromite\",\"lon\":9.9,\"lat\":10.3},{\"state\":\"Adamawa\",\"siteName\":\"Adamawa chromite\",\"lon\":12.39,\"lat\":9.33}]","resourceId":"resource-chromite","featureKind":"point","stateName":"Kaduna","siteName":"Kaduna chromite"},"geometry":{"type":"Point","coordinates":[7.44,10.52]}},{"type":"Feature","properties":{"layerId":"resources","kind":"resources","id":"resource-chromite-1","name":"Chromite (Kaduna-Bauchi Ultramafic Belt)","resourceType":"chromite","summary":"Chromite occurrences in ultramafic/serpentinite bodies across Kaduna, Bauchi, and Adamawa, eyed for ferrochrome and refractory use.","description":"Chromite (chrome ore) is found in podiform bodies within ultramafic and serpentinised basement rocks around Kaduna, Bauchi, and Adamawa states. While production has remained artisanal, the ore's suitability for ferrochrome and refractory-grade chromite has drawn renewed interest as Nigeria pursues local steel and foundry value chains.","lon":9.9,"lat":10.3,"statesCrossed":"[\"Kaduna\",\"Bauchi\",\"Adamawa\"]","reserveNote":"Podiform chromite bodies in ultramafic/serpentinite basement rock","productionNote":"Artisanal and small-scale extraction; ferrochrome-grade beneficiation under study","type":"Chromite (chrome ore) in ultramafic/serpentinite basement bodies","economy":"Ferrochrome for stainless steel; refractory and foundry-sand feedstock.","climate":"Sudan-Guinea savanna basement terrain.","landmarks":"[\"Kaduna ultramafic chromite bodies\",\"Bauchi serpentinite belt\",\"Adamawa chromite occurrences\"]","highlights":"[\"Ferrochrome and stainless-steel feedstock\",\"Refractory-grade chromite potential\",\"Basement ultramafic host rocks\"]","wikiUrl":"https://en.wikipedia.org/wiki/Chromite","products":"[\"Ferrochrome for stainless steel production\",\"Refractory bricks and chromite foundry sand\",\"Chromium chemicals for leather tanning and pigments\",\"Chrome plating feedstock\"]","locations":"[{\"state\":\"Kaduna\",\"siteName\":\"Kaduna chromite\",\"lon\":7.44,\"lat\":10.52},{\"state\":\"Bauchi\",\"siteName\":\"Bauchi serpentinite chromite\",\"lon\":9.9,\"lat\":10.3},{\"state\":\"Adamawa\",\"siteName\":\"Adamawa chromite\",\"lon\":12.39,\"lat\":9.33}]","resourceId":"resource-chromite","featureKind":"point","stateName":"Bauchi","siteName":"Bauchi serpentinite chromite"},"geometry":{"type":"Point","coordinates":[9.9,10.3]}},{"type":"Feature","properties":{"layerId":"resources","kind":"resources","id":"resource-chromite-2","name":"Chromite (Kaduna-Bauchi Ultramafic Belt)","resourceType":"chromite","summary":"Chromite occurrences in ultramafic/serpentinite bodies across Kaduna, Bauchi, and Adamawa, eyed for ferrochrome and refractory use.","description":"Chromite (chrome ore) is found in podiform bodies within ultramafic and serpentinised basement rocks around Kaduna, Bauchi, and Adamawa states. While production has remained artisanal, the ore's suitability for ferrochrome and refractory-grade chromite has drawn renewed interest as Nigeria pursues local steel and foundry value chains.","lon":12.39,"lat":9.33,"statesCrossed":"[\"Kaduna\",\"Bauchi\",\"Adamawa\"]","reserveNote":"Podiform chromite bodies in ultramafic/serpentinite basement rock","productionNote":"Artisanal and small-scale extraction; ferrochrome-grade beneficiation under study","type":"Chromite (chrome ore) in ultramafic/serpentinite basement bodies","economy":"Ferrochrome for stainless steel; refractory and foundry-sand feedstock.","climate":"Sudan-Guinea savanna basement terrain.","landmarks":"[\"Kaduna ultramafic chromite bodies\",\"Bauchi serpentinite belt\",\"Adamawa chromite occurrences\"]","highlights":"[\"Ferrochrome and stainless-steel feedstock\",\"Refractory-grade chromite potential\",\"Basement ultramafic host rocks\"]","wikiUrl":"https://en.wikipedia.org/wiki/Chromite","products":"[\"Ferrochrome for stainless steel production\",\"Refractory bricks and chromite foundry sand\",\"Chromium chemicals for leather tanning and pigments\",\"Chrome plating feedstock\"]","locations":"[{\"state\":\"Kaduna\",\"siteName\":\"Kaduna chromite\",\"lon\":7.44,\"lat\":10.52},{\"state\":\"Bauchi\",\"siteName\":\"Bauchi serpentinite chromite\",\"lon\":9.9,\"lat\":10.3},{\"state\":\"Adamawa\",\"siteName\":\"Adamawa chromite\",\"lon\":12.39,\"lat\":9.33}]","resourceId":"resource-chromite","featureKind":"point","stateName":"Adamawa","siteName":"Adamawa chromite"},"geometry":{"type":"Point","coordinates":[12.39,9.33]}},{"type":"Feature","properties":{"layerId":"resources","kind":"resources","id":"resource-copper-0","name":"Copper (Zamfara-Bauchi Basement Belt)","resourceType":"copper","summary":"Copper sulfide and oxide vein occurrences within the northern basement complex, at an early exploration stage.","description":"Copper mineralisation occurs in quartz-vein and shear-zone systems within the Precambrian basement of Zamfara (Maru axis) and Bauchi/Plateau, generally associated with base-metal and gold prospects. Exploration remains at an early stage, with no major mine yet in production, though junior miners have flagged the belt as prospective.","lon":6.1,"lat":12.3,"statesCrossed":"[\"Zamfara\",\"Bauchi\",\"Plateau\",\"Kaduna\"]","reserveNote":"Early-stage exploration; vein and shear-hosted copper sulfide/oxide showings","productionNote":"No major production yet; artisanal panning and junior-exploration stage","type":"Copper sulfide/oxide veins in basement shear zones","economy":"Nascent; potential feedstock for electrical-cable and alloy manufacturing if developed.","climate":"Sudan-Guinea savanna basement terrain.","landmarks":"[\"Maru copper-gold belt (Zamfara)\",\"Bauchi basement copper showings\"]","highlights":"[\"Early-stage exploration belt\",\"Associated with gold and base-metal prospects\",\"Potential electrical-cable feedstock\"]","wikiUrl":"https://en.wikipedia.org/wiki/Copper","products":"[\"Copper wire and cable for electrical use\",\"Brass and bronze alloys\",\"Roofing sheets and plumbing pipe\",\"Copper sulfate for agrochemicals\"]","locations":"[{\"state\":\"Zamfara\",\"siteName\":\"Maru copper-gold belt\",\"lon\":6.1,\"lat\":12.3},{\"state\":\"Bauchi\",\"siteName\":\"Bauchi copper\",\"lon\":9.84,\"lat\":10.5},{\"state\":\"Plateau\",\"siteName\":\"Plateau copper\",\"lon\":9.22,\"lat\":9.22},{\"state\":\"Kaduna\",\"siteName\":\"Kaduna copper\",\"lon\":7.44,\"lat\":10.52}]","resourceId":"resource-copper","featureKind":"point","stateName":"Zamfara","siteName":"Maru copper-gold belt"},"geometry":{"type":"Point","coordinates":[6.1,12.3]}},{"type":"Feature","properties":{"layerId":"resources","kind":"resources","id":"resource-copper-1","name":"Copper (Zamfara-Bauchi Basement Belt)","resourceType":"copper","summary":"Copper sulfide and oxide vein occurrences within the northern basement complex, at an early exploration stage.","description":"Copper mineralisation occurs in quartz-vein and shear-zone systems within the Precambrian basement of Zamfara (Maru axis) and Bauchi/Plateau, generally associated with base-metal and gold prospects. Exploration remains at an early stage, with no major mine yet in production, though junior miners have flagged the belt as prospective.","lon":9.84,"lat":10.5,"statesCrossed":"[\"Zamfara\",\"Bauchi\",\"Plateau\",\"Kaduna\"]","reserveNote":"Early-stage exploration; vein and shear-hosted copper sulfide/oxide showings","productionNote":"No major production yet; artisanal panning and junior-exploration stage","type":"Copper sulfide/oxide veins in basement shear zones","economy":"Nascent; potential feedstock for electrical-cable and alloy manufacturing if developed.","climate":"Sudan-Guinea savanna basement terrain.","landmarks":"[\"Maru copper-gold belt (Zamfara)\",\"Bauchi basement copper showings\"]","highlights":"[\"Early-stage exploration belt\",\"Associated with gold and base-metal prospects\",\"Potential electrical-cable feedstock\"]","wikiUrl":"https://en.wikipedia.org/wiki/Copper","products":"[\"Copper wire and cable for electrical use\",\"Brass and bronze alloys\",\"Roofing sheets and plumbing pipe\",\"Copper sulfate for agrochemicals\"]","locations":"[{\"state\":\"Zamfara\",\"siteName\":\"Maru copper-gold belt\",\"lon\":6.1,\"lat\":12.3},{\"state\":\"Bauchi\",\"siteName\":\"Bauchi copper\",\"lon\":9.84,\"lat\":10.5},{\"state\":\"Plateau\",\"siteName\":\"Plateau copper\",\"lon\":9.22,\"lat\":9.22},{\"state\":\"Kaduna\",\"siteName\":\"Kaduna copper\",\"lon\":7.44,\"lat\":10.52}]","resourceId":"resource-copper","featureKind":"point","stateName":"Bauchi","siteName":"Bauchi copper"},"geometry":{"type":"Point","coordinates":[9.84,10.5]}},{"type":"Feature","properties":{"layerId":"resources","kind":"resources","id":"resource-copper-2","name":"Copper (Zamfara-Bauchi Basement Belt)","resourceType":"copper","summary":"Copper sulfide and oxide vein occurrences within the northern basement complex, at an early exploration stage.","description":"Copper mineralisation occurs in quartz-vein and shear-zone systems within the Precambrian basement of Zamfara (Maru axis) and Bauchi/Plateau, generally associated with base-metal and gold prospects. Exploration remains at an early stage, with no major mine yet in production, though junior miners have flagged the belt as prospective.","lon":9.22,"lat":9.22,"statesCrossed":"[\"Zamfara\",\"Bauchi\",\"Plateau\",\"Kaduna\"]","reserveNote":"Early-stage exploration; vein and shear-hosted copper sulfide/oxide showings","productionNote":"No major production yet; artisanal panning and junior-exploration stage","type":"Copper sulfide/oxide veins in basement shear zones","economy":"Nascent; potential feedstock for electrical-cable and alloy manufacturing if developed.","climate":"Sudan-Guinea savanna basement terrain.","landmarks":"[\"Maru copper-gold belt (Zamfara)\",\"Bauchi basement copper showings\"]","highlights":"[\"Early-stage exploration belt\",\"Associated with gold and base-metal prospects\",\"Potential electrical-cable feedstock\"]","wikiUrl":"https://en.wikipedia.org/wiki/Copper","products":"[\"Copper wire and cable for electrical use\",\"Brass and bronze alloys\",\"Roofing sheets and plumbing pipe\",\"Copper sulfate for agrochemicals\"]","locations":"[{\"state\":\"Zamfara\",\"siteName\":\"Maru copper-gold belt\",\"lon\":6.1,\"lat\":12.3},{\"state\":\"Bauchi\",\"siteName\":\"Bauchi copper\",\"lon\":9.84,\"lat\":10.5},{\"state\":\"Plateau\",\"siteName\":\"Plateau copper\",\"lon\":9.22,\"lat\":9.22},{\"state\":\"Kaduna\",\"siteName\":\"Kaduna copper\",\"lon\":7.44,\"lat\":10.52}]","resourceId":"resource-copper","featureKind":"point","stateName":"Plateau","siteName":"Plateau copper"},"geometry":{"type":"Point","coordinates":[9.22,9.22]}},{"type":"Feature","properties":{"layerId":"resources","kind":"resources","id":"resource-copper-3","name":"Copper (Zamfara-Bauchi Basement Belt)","resourceType":"copper","summary":"Copper sulfide and oxide vein occurrences within the northern basement complex, at an early exploration stage.","description":"Copper mineralisation occurs in quartz-vein and shear-zone systems within the Precambrian basement of Zamfara (Maru axis) and Bauchi/Plateau, generally associated with base-metal and gold prospects. Exploration remains at an early stage, with no major mine yet in production, though junior miners have flagged the belt as prospective.","lon":7.44,"lat":10.52,"statesCrossed":"[\"Zamfara\",\"Bauchi\",\"Plateau\",\"Kaduna\"]","reserveNote":"Early-stage exploration; vein and shear-hosted copper sulfide/oxide showings","productionNote":"No major production yet; artisanal panning and junior-exploration stage","type":"Copper sulfide/oxide veins in basement shear zones","economy":"Nascent; potential feedstock for electrical-cable and alloy manufacturing if developed.","climate":"Sudan-Guinea savanna basement terrain.","landmarks":"[\"Maru copper-gold belt (Zamfara)\",\"Bauchi basement copper showings\"]","highlights":"[\"Early-stage exploration belt\",\"Associated with gold and base-metal prospects\",\"Potential electrical-cable feedstock\"]","wikiUrl":"https://en.wikipedia.org/wiki/Copper","products":"[\"Copper wire and cable for electrical use\",\"Brass and bronze alloys\",\"Roofing sheets and plumbing pipe\",\"Copper sulfate for agrochemicals\"]","locations":"[{\"state\":\"Zamfara\",\"siteName\":\"Maru copper-gold belt\",\"lon\":6.1,\"lat\":12.3},{\"state\":\"Bauchi\",\"siteName\":\"Bauchi copper\",\"lon\":9.84,\"lat\":10.5},{\"state\":\"Plateau\",\"siteName\":\"Plateau copper\",\"lon\":9.22,\"lat\":9.22},{\"state\":\"Kaduna\",\"siteName\":\"Kaduna copper\",\"lon\":7.44,\"lat\":10.52}]","resourceId":"resource-copper","featureKind":"point","stateName":"Kaduna","siteName":"Kaduna copper"},"geometry":{"type":"Point","coordinates":[7.44,10.52]}},{"type":"Feature","properties":{"layerId":"resources","kind":"resources","id":"resource-uranium-0","name":"Uranium (Cross River-Adamawa Occurrences)","resourceType":"uranium","summary":"Exploratory uranium-bearing sandstone and granite occurrences in the Mamfe basin margin and northeast basement, at pre-development stage.","description":"Uranium anomalies have been mapped in sandstone and granite-hosted settings around the Mamfe basin margin in Cross River, and in parts of Adamawa and Bauchi, largely through legacy geological surveys. No commercial mine has been developed; the occurrences remain exploratory and are periodically revisited amid global nuclear-fuel interest.","lon":9.3,"lat":6,"statesCrossed":"[\"Cross River\",\"Adamawa\",\"Bauchi\",\"Taraba\"]","reserveNote":"Exploratory-stage uranium anomalies; no confirmed commercial reserve yet","productionNote":"No production; periodic legacy-survey follow-up exploration only","type":"Uranium-bearing sandstone and granite occurrences","economy":"Potential nuclear-fuel feedstock if developed; currently exploration-stage only.","climate":"Rainforest fringe (Cross River) to Sudan savanna (Adamawa/Bauchi).","landmarks":"[\"Mamfe basin margin uranium anomalies (Cross River)\",\"Adamawa/Bauchi granite-hosted showings\"]","highlights":"[\"Exploration-stage uranium anomalies\",\"Potential nuclear-fuel feedstock\",\"Legacy geological survey targets\"]","wikiUrl":"https://en.wikipedia.org/wiki/Uranium","products":"[\"Nuclear fuel (uranium oxide/yellowcake) – potential, undeveloped\",\"Medical and industrial radioisotopes – potential, undeveloped\"]","locations":"[{\"state\":\"Cross River\",\"siteName\":\"Mamfe basin uranium anomalies\",\"lon\":9.3,\"lat\":6},{\"state\":\"Adamawa\",\"siteName\":\"Adamawa uranium anomalies\",\"lon\":12.39,\"lat\":9.33},{\"state\":\"Bauchi\",\"siteName\":\"Bauchi uranium anomalies\",\"lon\":9.84,\"lat\":10.5},{\"state\":\"Taraba\",\"siteName\":\"Taraba uranium anomalies\",\"lon\":10.77,\"lat\":7.99}]","resourceId":"resource-uranium","featureKind":"point","stateName":"Cross River","siteName":"Mamfe basin uranium anomalies"},"geometry":{"type":"Point","coordinates":[9.3,6]}},{"type":"Feature","properties":{"layerId":"resources","kind":"resources","id":"resource-uranium-1","name":"Uranium (Cross River-Adamawa Occurrences)","resourceType":"uranium","summary":"Exploratory uranium-bearing sandstone and granite occurrences in the Mamfe basin margin and northeast basement, at pre-development stage.","description":"Uranium anomalies have been mapped in sandstone and granite-hosted settings around the Mamfe basin margin in Cross River, and in parts of Adamawa and Bauchi, largely through legacy geological surveys. No commercial mine has been developed; the occurrences remain exploratory and are periodically revisited amid global nuclear-fuel interest.","lon":12.39,"lat":9.33,"statesCrossed":"[\"Cross River\",\"Adamawa\",\"Bauchi\",\"Taraba\"]","reserveNote":"Exploratory-stage uranium anomalies; no confirmed commercial reserve yet","productionNote":"No production; periodic legacy-survey follow-up exploration only","type":"Uranium-bearing sandstone and granite occurrences","economy":"Potential nuclear-fuel feedstock if developed; currently exploration-stage only.","climate":"Rainforest fringe (Cross River) to Sudan savanna (Adamawa/Bauchi).","landmarks":"[\"Mamfe basin margin uranium anomalies (Cross River)\",\"Adamawa/Bauchi granite-hosted showings\"]","highlights":"[\"Exploration-stage uranium anomalies\",\"Potential nuclear-fuel feedstock\",\"Legacy geological survey targets\"]","wikiUrl":"https://en.wikipedia.org/wiki/Uranium","products":"[\"Nuclear fuel (uranium oxide/yellowcake) – potential, undeveloped\",\"Medical and industrial radioisotopes – potential, undeveloped\"]","locations":"[{\"state\":\"Cross River\",\"siteName\":\"Mamfe basin uranium anomalies\",\"lon\":9.3,\"lat\":6},{\"state\":\"Adamawa\",\"siteName\":\"Adamawa uranium anomalies\",\"lon\":12.39,\"lat\":9.33},{\"state\":\"Bauchi\",\"siteName\":\"Bauchi uranium anomalies\",\"lon\":9.84,\"lat\":10.5},{\"state\":\"Taraba\",\"siteName\":\"Taraba uranium anomalies\",\"lon\":10.77,\"lat\":7.99}]","resourceId":"resource-uranium","featureKind":"point","stateName":"Adamawa","siteName":"Adamawa uranium anomalies"},"geometry":{"type":"Point","coordinates":[12.39,9.33]}},{"type":"Feature","properties":{"layerId":"resources","kind":"resources","id":"resource-uranium-2","name":"Uranium (Cross River-Adamawa Occurrences)","resourceType":"uranium","summary":"Exploratory uranium-bearing sandstone and granite occurrences in the Mamfe basin margin and northeast basement, at pre-development stage.","description":"Uranium anomalies have been mapped in sandstone and granite-hosted settings around the Mamfe basin margin in Cross River, and in parts of Adamawa and Bauchi, largely through legacy geological surveys. No commercial mine has been developed; the occurrences remain exploratory and are periodically revisited amid global nuclear-fuel interest.","lon":9.84,"lat":10.5,"statesCrossed":"[\"Cross River\",\"Adamawa\",\"Bauchi\",\"Taraba\"]","reserveNote":"Exploratory-stage uranium anomalies; no confirmed commercial reserve yet","productionNote":"No production; periodic legacy-survey follow-up exploration only","type":"Uranium-bearing sandstone and granite occurrences","economy":"Potential nuclear-fuel feedstock if developed; currently exploration-stage only.","climate":"Rainforest fringe (Cross River) to Sudan savanna (Adamawa/Bauchi).","landmarks":"[\"Mamfe basin margin uranium anomalies (Cross River)\",\"Adamawa/Bauchi granite-hosted showings\"]","highlights":"[\"Exploration-stage uranium anomalies\",\"Potential nuclear-fuel feedstock\",\"Legacy geological survey targets\"]","wikiUrl":"https://en.wikipedia.org/wiki/Uranium","products":"[\"Nuclear fuel (uranium oxide/yellowcake) – potential, undeveloped\",\"Medical and industrial radioisotopes – potential, undeveloped\"]","locations":"[{\"state\":\"Cross River\",\"siteName\":\"Mamfe basin uranium anomalies\",\"lon\":9.3,\"lat\":6},{\"state\":\"Adamawa\",\"siteName\":\"Adamawa uranium anomalies\",\"lon\":12.39,\"lat\":9.33},{\"state\":\"Bauchi\",\"siteName\":\"Bauchi uranium anomalies\",\"lon\":9.84,\"lat\":10.5},{\"state\":\"Taraba\",\"siteName\":\"Taraba uranium anomalies\",\"lon\":10.77,\"lat\":7.99}]","resourceId":"resource-uranium","featureKind":"point","stateName":"Bauchi","siteName":"Bauchi uranium anomalies"},"geometry":{"type":"Point","coordinates":[9.84,10.5]}},{"type":"Feature","properties":{"layerId":"resources","kind":"resources","id":"resource-uranium-3","name":"Uranium (Cross River-Adamawa Occurrences)","resourceType":"uranium","summary":"Exploratory uranium-bearing sandstone and granite occurrences in the Mamfe basin margin and northeast basement, at pre-development stage.","description":"Uranium anomalies have been mapped in sandstone and granite-hosted settings around the Mamfe basin margin in Cross River, and in parts of Adamawa and Bauchi, largely through legacy geological surveys. No commercial mine has been developed; the occurrences remain exploratory and are periodically revisited amid global nuclear-fuel interest.","lon":10.77,"lat":7.99,"statesCrossed":"[\"Cross River\",\"Adamawa\",\"Bauchi\",\"Taraba\"]","reserveNote":"Exploratory-stage uranium anomalies; no confirmed commercial reserve yet","productionNote":"No production; periodic legacy-survey follow-up exploration only","type":"Uranium-bearing sandstone and granite occurrences","economy":"Potential nuclear-fuel feedstock if developed; currently exploration-stage only.","climate":"Rainforest fringe (Cross River) to Sudan savanna (Adamawa/Bauchi).","landmarks":"[\"Mamfe basin margin uranium anomalies (Cross River)\",\"Adamawa/Bauchi granite-hosted showings\"]","highlights":"[\"Exploration-stage uranium anomalies\",\"Potential nuclear-fuel feedstock\",\"Legacy geological survey targets\"]","wikiUrl":"https://en.wikipedia.org/wiki/Uranium","products":"[\"Nuclear fuel (uranium oxide/yellowcake) – potential, undeveloped\",\"Medical and industrial radioisotopes – potential, undeveloped\"]","locations":"[{\"state\":\"Cross River\",\"siteName\":\"Mamfe basin uranium anomalies\",\"lon\":9.3,\"lat\":6},{\"state\":\"Adamawa\",\"siteName\":\"Adamawa uranium anomalies\",\"lon\":12.39,\"lat\":9.33},{\"state\":\"Bauchi\",\"siteName\":\"Bauchi uranium anomalies\",\"lon\":9.84,\"lat\":10.5},{\"state\":\"Taraba\",\"siteName\":\"Taraba uranium anomalies\",\"lon\":10.77,\"lat\":7.99}]","resourceId":"resource-uranium","featureKind":"point","stateName":"Taraba","siteName":"Taraba uranium anomalies"},"geometry":{"type":"Point","coordinates":[10.77,7.99]}},{"type":"Feature","properties":{"layerId":"resources","kind":"resources","id":"resource-diatomite-0","name":"Diatomite (Borno / Lake Chad Basin)","resourceType":"diatomite","summary":"Diatomaceous-earth deposits in the Lake Chad basin, valued for filtration, insulation, and absorbent applications.","description":"Diatomite (diatomaceous earth) occurs in fossil lakebed deposits across the Lake Chad basin in Borno and Yobe states, formed from ancient diatom accumulations. The deposits are of interest for filtration media, thermal insulation, and agricultural/industrial absorbent uses, though development has been constrained by regional security conditions in recent years.","lon":13.8,"lat":13.2,"statesCrossed":"[\"Borno\",\"Yobe\"]","reserveNote":"Substantial lakebed diatomite deposits across the Lake Chad basin margin","productionNote":"Limited development; constrained by regional access and security conditions","type":"Diatomaceous earth (fossil diatom silica) lakebed deposits","economy":"Filtration media, insulation, and industrial absorbent feedstock potential.","climate":"Sahel; arid lakebed and basin terrain.","landmarks":"[\"Lake Chad basin diatomite deposits (Borno)\",\"Yobe diatomite occurrences\"]","highlights":"[\"Sahel lakebed diatomite deposits\",\"Filtration and insulation feedstock\",\"Development constrained by regional access\"]","wikiUrl":"https://en.wikipedia.org/wiki/Diatomaceous_earth","products":"[\"Filter aids for beverages and pharmaceuticals\",\"Thermal and acoustic insulation\",\"Diatomaceous-earth insecticide carrier\",\"Abrasive and polishing compounds\",\"Industrial spill absorbent\"]","locations":"[{\"state\":\"Borno\",\"siteName\":\"Lake Chad basin diatomite\",\"lon\":13.8,\"lat\":13.2},{\"state\":\"Yobe\",\"siteName\":\"Yobe diatomite\",\"lon\":11.72,\"lat\":12}]","resourceId":"resource-diatomite","featureKind":"point","stateName":"Borno","siteName":"Lake Chad basin diatomite"},"geometry":{"type":"Point","coordinates":[13.8,13.2]}},{"type":"Feature","properties":{"layerId":"resources","kind":"resources","id":"resource-diatomite-1","name":"Diatomite (Borno / Lake Chad Basin)","resourceType":"diatomite","summary":"Diatomaceous-earth deposits in the Lake Chad basin, valued for filtration, insulation, and absorbent applications.","description":"Diatomite (diatomaceous earth) occurs in fossil lakebed deposits across the Lake Chad basin in Borno and Yobe states, formed from ancient diatom accumulations. The deposits are of interest for filtration media, thermal insulation, and agricultural/industrial absorbent uses, though development has been constrained by regional security conditions in recent years.","lon":11.72,"lat":12,"statesCrossed":"[\"Borno\",\"Yobe\"]","reserveNote":"Substantial lakebed diatomite deposits across the Lake Chad basin margin","productionNote":"Limited development; constrained by regional access and security conditions","type":"Diatomaceous earth (fossil diatom silica) lakebed deposits","economy":"Filtration media, insulation, and industrial absorbent feedstock potential.","climate":"Sahel; arid lakebed and basin terrain.","landmarks":"[\"Lake Chad basin diatomite deposits (Borno)\",\"Yobe diatomite occurrences\"]","highlights":"[\"Sahel lakebed diatomite deposits\",\"Filtration and insulation feedstock\",\"Development constrained by regional access\"]","wikiUrl":"https://en.wikipedia.org/wiki/Diatomaceous_earth","products":"[\"Filter aids for beverages and pharmaceuticals\",\"Thermal and acoustic insulation\",\"Diatomaceous-earth insecticide carrier\",\"Abrasive and polishing compounds\",\"Industrial spill absorbent\"]","locations":"[{\"state\":\"Borno\",\"siteName\":\"Lake Chad basin diatomite\",\"lon\":13.8,\"lat\":13.2},{\"state\":\"Yobe\",\"siteName\":\"Yobe diatomite\",\"lon\":11.72,\"lat\":12}]","resourceId":"resource-diatomite","featureKind":"point","stateName":"Yobe","siteName":"Yobe diatomite"},"geometry":{"type":"Point","coordinates":[11.72,12]}},{"type":"Feature","properties":{"layerId":"resources","kind":"resources","id":"resource-bentonite-0","name":"Bentonite (Borno-Yobe Basin)","resourceType":"bentonite","summary":"Sodium/calcium bentonite clay deposits in the Chad basin margin, supplying drilling-mud and foundry-binder markets.","description":"Bentonite clay occurs in the sedimentary basins of Borno and Yobe states, formed from altered volcanic ash. It is targeted as a domestic substitute for imported drilling-mud viscosifiers used in oil and water-well drilling, as well as for foundry sand binding and iron-ore pelletising.","lon":13.15,"lat":11.83,"statesCrossed":"[\"Borno\",\"Yobe\"]","reserveNote":"Sedimentary bentonite clay beds across the Chad basin margin","productionNote":"Small-scale mining for drilling-mud and foundry-binder substitution","type":"Sodium/calcium bentonite clay (montmorillonite)","economy":"Drilling-mud viscosifier import substitution; foundry and iron-pelletising binder.","climate":"Sahel; semi-arid sedimentary basin.","landmarks":"[\"Borno bentonite clay beds\",\"Yobe bentonite occurrences\"]","highlights":"[\"Drilling-mud import substitution\",\"Foundry sand binder feedstock\",\"Chad basin sedimentary clay\"]","wikiUrl":"https://en.wikipedia.org/wiki/Bentonite","products":"[\"Oil & gas / water-well drilling mud viscosifier\",\"Foundry sand binder\",\"Iron-ore pelletising binder\",\"Cat litter\",\"Geosynthetic clay liners for waterproofing\"]","locations":"[{\"state\":\"Borno\",\"siteName\":\"Borno bentonite clay beds\",\"lon\":13.15,\"lat\":11.83},{\"state\":\"Yobe\",\"siteName\":\"Potiskum bentonite\",\"lon\":11.07,\"lat\":11.71}]","resourceId":"resource-bentonite","featureKind":"point","stateName":"Borno","siteName":"Borno bentonite clay beds"},"geometry":{"type":"Point","coordinates":[13.15,11.83]}},{"type":"Feature","properties":{"layerId":"resources","kind":"resources","id":"resource-bentonite-1","name":"Bentonite (Borno-Yobe Basin)","resourceType":"bentonite","summary":"Sodium/calcium bentonite clay deposits in the Chad basin margin, supplying drilling-mud and foundry-binder markets.","description":"Bentonite clay occurs in the sedimentary basins of Borno and Yobe states, formed from altered volcanic ash. It is targeted as a domestic substitute for imported drilling-mud viscosifiers used in oil and water-well drilling, as well as for foundry sand binding and iron-ore pelletising.","lon":11.07,"lat":11.71,"statesCrossed":"[\"Borno\",\"Yobe\"]","reserveNote":"Sedimentary bentonite clay beds across the Chad basin margin","productionNote":"Small-scale mining for drilling-mud and foundry-binder substitution","type":"Sodium/calcium bentonite clay (montmorillonite)","economy":"Drilling-mud viscosifier import substitution; foundry and iron-pelletising binder.","climate":"Sahel; semi-arid sedimentary basin.","landmarks":"[\"Borno bentonite clay beds\",\"Yobe bentonite occurrences\"]","highlights":"[\"Drilling-mud import substitution\",\"Foundry sand binder feedstock\",\"Chad basin sedimentary clay\"]","wikiUrl":"https://en.wikipedia.org/wiki/Bentonite","products":"[\"Oil & gas / water-well drilling mud viscosifier\",\"Foundry sand binder\",\"Iron-ore pelletising binder\",\"Cat litter\",\"Geosynthetic clay liners for waterproofing\"]","locations":"[{\"state\":\"Borno\",\"siteName\":\"Borno bentonite clay beds\",\"lon\":13.15,\"lat\":11.83},{\"state\":\"Yobe\",\"siteName\":\"Potiskum bentonite\",\"lon\":11.07,\"lat\":11.71}]","resourceId":"resource-bentonite","featureKind":"point","stateName":"Yobe","siteName":"Potiskum bentonite"},"geometry":{"type":"Point","coordinates":[11.07,11.71]}},{"type":"Feature","properties":{"layerId":"resources","kind":"resources","id":"resource-heavy-mineral-sands-0","name":"Rutile, Ilmenite & Zircon (Coastal Heavy Mineral Sands)","resourceType":"heavy-mineral-sands","summary":"Titanium-zirconium-bearing beach and alluvial placer sands along the Atlantic coast, a prospective titanium-pigment feedstock.","description":"Heavy mineral sand placers containing rutile, ilmenite, and zircon occur along stretches of Nigeria's Atlantic coastline, notably in Ogun, Lagos, and Akwa Ibom, as well as alluvial occurrences further inland. These titanium- and zirconium-bearing sands are of growing interest for titanium-dioxide pigment production and zircon refractories, though large-scale mining has yet to be established.","lon":4,"lat":6.4,"statesCrossed":"[\"Ogun\",\"Lagos\",\"Akwa Ibom\",\"Cross River\"]","reserveNote":"Coastal and alluvial placer occurrences of rutile, ilmenite, and zircon","productionNote":"Exploration and small-scale prospecting; no major operating mine yet","type":"Titanium-zirconium heavy mineral sand placers (rutile, ilmenite, zircon)","economy":"Titanium-dioxide pigment feedstock; zirconium refractories and foundry sand potential.","climate":"Tropical coastal and estuarine terrain.","landmarks":"[\"Ogun/Lagos coastal heavy-sand occurrences\",\"Akwa Ibom beach placer sands\"]","highlights":"[\"Titanium-dioxide pigment feedstock potential\",\"Zircon refractory-grade sands\",\"Atlantic coastal placer deposits\"]","wikiUrl":"https://en.wikipedia.org/wiki/Rutile","products":"[\"Titanium-dioxide pigment for paints, plastics, and paper\",\"Welding-rod flux coatings (rutile)\",\"Zirconia refractories and ceramics\",\"Zircon foundry sand\",\"Titanium metal feedstock (aerospace) – potential\"]","locations":"[{\"state\":\"Ogun\",\"siteName\":\"Ogun coastal heavy sands\",\"lon\":4,\"lat\":6.4},{\"state\":\"Lagos\",\"siteName\":\"Badagry coastal heavy sands\",\"lon\":2.88,\"lat\":6.42},{\"state\":\"Akwa Ibom\",\"siteName\":\"Ibeno beach placer sands\",\"lon\":8,\"lat\":4.58},{\"state\":\"Cross River\",\"siteName\":\"Cross River coastal sands\",\"lon\":8.6,\"lat\":4.6}]","resourceId":"resource-heavy-mineral-sands","featureKind":"point","stateName":"Ogun","siteName":"Ogun coastal heavy sands"},"geometry":{"type":"Point","coordinates":[4,6.4]}},{"type":"Feature","properties":{"layerId":"resources","kind":"resources","id":"resource-heavy-mineral-sands-1","name":"Rutile, Ilmenite & Zircon (Coastal Heavy Mineral Sands)","resourceType":"heavy-mineral-sands","summary":"Titanium-zirconium-bearing beach and alluvial placer sands along the Atlantic coast, a prospective titanium-pigment feedstock.","description":"Heavy mineral sand placers containing rutile, ilmenite, and zircon occur along stretches of Nigeria's Atlantic coastline, notably in Ogun, Lagos, and Akwa Ibom, as well as alluvial occurrences further inland. These titanium- and zirconium-bearing sands are of growing interest for titanium-dioxide pigment production and zircon refractories, though large-scale mining has yet to be established.","lon":2.88,"lat":6.42,"statesCrossed":"[\"Ogun\",\"Lagos\",\"Akwa Ibom\",\"Cross River\"]","reserveNote":"Coastal and alluvial placer occurrences of rutile, ilmenite, and zircon","productionNote":"Exploration and small-scale prospecting; no major operating mine yet","type":"Titanium-zirconium heavy mineral sand placers (rutile, ilmenite, zircon)","economy":"Titanium-dioxide pigment feedstock; zirconium refractories and foundry sand potential.","climate":"Tropical coastal and estuarine terrain.","landmarks":"[\"Ogun/Lagos coastal heavy-sand occurrences\",\"Akwa Ibom beach placer sands\"]","highlights":"[\"Titanium-dioxide pigment feedstock potential\",\"Zircon refractory-grade sands\",\"Atlantic coastal placer deposits\"]","wikiUrl":"https://en.wikipedia.org/wiki/Rutile","products":"[\"Titanium-dioxide pigment for paints, plastics, and paper\",\"Welding-rod flux coatings (rutile)\",\"Zirconia refractories and ceramics\",\"Zircon foundry sand\",\"Titanium metal feedstock (aerospace) – potential\"]","locations":"[{\"state\":\"Ogun\",\"siteName\":\"Ogun coastal heavy sands\",\"lon\":4,\"lat\":6.4},{\"state\":\"Lagos\",\"siteName\":\"Badagry coastal heavy sands\",\"lon\":2.88,\"lat\":6.42},{\"state\":\"Akwa Ibom\",\"siteName\":\"Ibeno beach placer sands\",\"lon\":8,\"lat\":4.58},{\"state\":\"Cross River\",\"siteName\":\"Cross River coastal sands\",\"lon\":8.6,\"lat\":4.6}]","resourceId":"resource-heavy-mineral-sands","featureKind":"point","stateName":"Lagos","siteName":"Badagry coastal heavy sands"},"geometry":{"type":"Point","coordinates":[2.88,6.42]}},{"type":"Feature","properties":{"layerId":"resources","kind":"resources","id":"resource-heavy-mineral-sands-2","name":"Rutile, Ilmenite & Zircon (Coastal Heavy Mineral Sands)","resourceType":"heavy-mineral-sands","summary":"Titanium-zirconium-bearing beach and alluvial placer sands along the Atlantic coast, a prospective titanium-pigment feedstock.","description":"Heavy mineral sand placers containing rutile, ilmenite, and zircon occur along stretches of Nigeria's Atlantic coastline, notably in Ogun, Lagos, and Akwa Ibom, as well as alluvial occurrences further inland. These titanium- and zirconium-bearing sands are of growing interest for titanium-dioxide pigment production and zircon refractories, though large-scale mining has yet to be established.","lon":8,"lat":4.58,"statesCrossed":"[\"Ogun\",\"Lagos\",\"Akwa Ibom\",\"Cross River\"]","reserveNote":"Coastal and alluvial placer occurrences of rutile, ilmenite, and zircon","productionNote":"Exploration and small-scale prospecting; no major operating mine yet","type":"Titanium-zirconium heavy mineral sand placers (rutile, ilmenite, zircon)","economy":"Titanium-dioxide pigment feedstock; zirconium refractories and foundry sand potential.","climate":"Tropical coastal and estuarine terrain.","landmarks":"[\"Ogun/Lagos coastal heavy-sand occurrences\",\"Akwa Ibom beach placer sands\"]","highlights":"[\"Titanium-dioxide pigment feedstock potential\",\"Zircon refractory-grade sands\",\"Atlantic coastal placer deposits\"]","wikiUrl":"https://en.wikipedia.org/wiki/Rutile","products":"[\"Titanium-dioxide pigment for paints, plastics, and paper\",\"Welding-rod flux coatings (rutile)\",\"Zirconia refractories and ceramics\",\"Zircon foundry sand\",\"Titanium metal feedstock (aerospace) – potential\"]","locations":"[{\"state\":\"Ogun\",\"siteName\":\"Ogun coastal heavy sands\",\"lon\":4,\"lat\":6.4},{\"state\":\"Lagos\",\"siteName\":\"Badagry coastal heavy sands\",\"lon\":2.88,\"lat\":6.42},{\"state\":\"Akwa Ibom\",\"siteName\":\"Ibeno beach placer sands\",\"lon\":8,\"lat\":4.58},{\"state\":\"Cross River\",\"siteName\":\"Cross River coastal sands\",\"lon\":8.6,\"lat\":4.6}]","resourceId":"resource-heavy-mineral-sands","featureKind":"point","stateName":"Akwa Ibom","siteName":"Ibeno beach placer sands"},"geometry":{"type":"Point","coordinates":[8,4.58]}},{"type":"Feature","properties":{"layerId":"resources","kind":"resources","id":"resource-heavy-mineral-sands-3","name":"Rutile, Ilmenite & Zircon (Coastal Heavy Mineral Sands)","resourceType":"heavy-mineral-sands","summary":"Titanium-zirconium-bearing beach and alluvial placer sands along the Atlantic coast, a prospective titanium-pigment feedstock.","description":"Heavy mineral sand placers containing rutile, ilmenite, and zircon occur along stretches of Nigeria's Atlantic coastline, notably in Ogun, Lagos, and Akwa Ibom, as well as alluvial occurrences further inland. These titanium- and zirconium-bearing sands are of growing interest for titanium-dioxide pigment production and zircon refractories, though large-scale mining has yet to be established.","lon":8.6,"lat":4.6,"statesCrossed":"[\"Ogun\",\"Lagos\",\"Akwa Ibom\",\"Cross River\"]","reserveNote":"Coastal and alluvial placer occurrences of rutile, ilmenite, and zircon","productionNote":"Exploration and small-scale prospecting; no major operating mine yet","type":"Titanium-zirconium heavy mineral sand placers (rutile, ilmenite, zircon)","economy":"Titanium-dioxide pigment feedstock; zirconium refractories and foundry sand potential.","climate":"Tropical coastal and estuarine terrain.","landmarks":"[\"Ogun/Lagos coastal heavy-sand occurrences\",\"Akwa Ibom beach placer sands\"]","highlights":"[\"Titanium-dioxide pigment feedstock potential\",\"Zircon refractory-grade sands\",\"Atlantic coastal placer deposits\"]","wikiUrl":"https://en.wikipedia.org/wiki/Rutile","products":"[\"Titanium-dioxide pigment for paints, plastics, and paper\",\"Welding-rod flux coatings (rutile)\",\"Zirconia refractories and ceramics\",\"Zircon foundry sand\",\"Titanium metal feedstock (aerospace) – potential\"]","locations":"[{\"state\":\"Ogun\",\"siteName\":\"Ogun coastal heavy sands\",\"lon\":4,\"lat\":6.4},{\"state\":\"Lagos\",\"siteName\":\"Badagry coastal heavy sands\",\"lon\":2.88,\"lat\":6.42},{\"state\":\"Akwa Ibom\",\"siteName\":\"Ibeno beach placer sands\",\"lon\":8,\"lat\":4.58},{\"state\":\"Cross River\",\"siteName\":\"Cross River coastal sands\",\"lon\":8.6,\"lat\":4.6}]","resourceId":"resource-heavy-mineral-sands","featureKind":"point","stateName":"Cross River","siteName":"Cross River coastal sands"},"geometry":{"type":"Point","coordinates":[8.6,4.6]}},{"type":"Feature","properties":{"layerId":"resources","kind":"resources","id":"resource-dolomite-0","name":"Dolomite (Kogi-Cross River Belts)","resourceType":"dolomite","summary":"Calcium-magnesium carbonate dolomite deposits supplying refractory, agricultural-lime, and glass industries.","description":"Dolomite deposits are found alongside limestone formations in Kogi State and the Cross River (Mfamosing/Calabar) belt, as well as smaller occurrences in Sokoto. The mineral is processed into refractory bricks for steel-furnace linings, agricultural lime, and magnesium-chemical feedstock, complementing Nigeria's broader limestone-cement belt.","lon":6.74,"lat":7.73,"statesCrossed":"[\"Kogi\",\"Cross River\",\"Sokoto\"]","reserveNote":"Substantial dolomitic limestone deposits alongside cement-grade limestone belts","productionNote":"Mined alongside limestone; refractory and agri-lime grade beneficiation","type":"Dolomitic limestone (calcium-magnesium carbonate)","economy":"Refractory bricks, agricultural lime, magnesium chemicals, and glass flux.","climate":"Guinea savanna to rainforest-fringe carbonate terrain.","landmarks":"[\"Kogi dolomite/limestone belt\",\"Mfamosing dolomite occurrences (Cross River)\"]","highlights":"[\"Refractory-grade dolomite for steel furnaces\",\"Agricultural lime feedstock\",\"Paired with cement-belt limestone\"]","wikiUrl":"https://en.wikipedia.org/wiki/Dolomite_(rock)","products":"[\"Refractory bricks for steel-furnace linings\",\"Agricultural lime for soil pH correction\",\"Magnesium metal and magnesium-oxide production feedstock\",\"Glass and ceramics flux\",\"Road-construction aggregate\"]","locations":"[{\"state\":\"Kogi\",\"siteName\":\"Kogi dolomite\",\"lon\":6.74,\"lat\":7.73},{\"state\":\"Cross River\",\"siteName\":\"Mfamosing dolomite\",\"lon\":8.42,\"lat\":4.98},{\"state\":\"Sokoto\",\"siteName\":\"Sokoto dolomite\",\"lon\":5.2,\"lat\":13}]","resourceId":"resource-dolomite","featureKind":"point","stateName":"Kogi","siteName":"Kogi dolomite"},"geometry":{"type":"Point","coordinates":[6.74,7.73]}},{"type":"Feature","properties":{"layerId":"resources","kind":"resources","id":"resource-dolomite-1","name":"Dolomite (Kogi-Cross River Belts)","resourceType":"dolomite","summary":"Calcium-magnesium carbonate dolomite deposits supplying refractory, agricultural-lime, and glass industries.","description":"Dolomite deposits are found alongside limestone formations in Kogi State and the Cross River (Mfamosing/Calabar) belt, as well as smaller occurrences in Sokoto. The mineral is processed into refractory bricks for steel-furnace linings, agricultural lime, and magnesium-chemical feedstock, complementing Nigeria's broader limestone-cement belt.","lon":8.42,"lat":4.98,"statesCrossed":"[\"Kogi\",\"Cross River\",\"Sokoto\"]","reserveNote":"Substantial dolomitic limestone deposits alongside cement-grade limestone belts","productionNote":"Mined alongside limestone; refractory and agri-lime grade beneficiation","type":"Dolomitic limestone (calcium-magnesium carbonate)","economy":"Refractory bricks, agricultural lime, magnesium chemicals, and glass flux.","climate":"Guinea savanna to rainforest-fringe carbonate terrain.","landmarks":"[\"Kogi dolomite/limestone belt\",\"Mfamosing dolomite occurrences (Cross River)\"]","highlights":"[\"Refractory-grade dolomite for steel furnaces\",\"Agricultural lime feedstock\",\"Paired with cement-belt limestone\"]","wikiUrl":"https://en.wikipedia.org/wiki/Dolomite_(rock)","products":"[\"Refractory bricks for steel-furnace linings\",\"Agricultural lime for soil pH correction\",\"Magnesium metal and magnesium-oxide production feedstock\",\"Glass and ceramics flux\",\"Road-construction aggregate\"]","locations":"[{\"state\":\"Kogi\",\"siteName\":\"Kogi dolomite\",\"lon\":6.74,\"lat\":7.73},{\"state\":\"Cross River\",\"siteName\":\"Mfamosing dolomite\",\"lon\":8.42,\"lat\":4.98},{\"state\":\"Sokoto\",\"siteName\":\"Sokoto dolomite\",\"lon\":5.2,\"lat\":13}]","resourceId":"resource-dolomite","featureKind":"point","stateName":"Cross River","siteName":"Mfamosing dolomite"},"geometry":{"type":"Point","coordinates":[8.42,4.98]}},{"type":"Feature","properties":{"layerId":"resources","kind":"resources","id":"resource-dolomite-2","name":"Dolomite (Kogi-Cross River Belts)","resourceType":"dolomite","summary":"Calcium-magnesium carbonate dolomite deposits supplying refractory, agricultural-lime, and glass industries.","description":"Dolomite deposits are found alongside limestone formations in Kogi State and the Cross River (Mfamosing/Calabar) belt, as well as smaller occurrences in Sokoto. The mineral is processed into refractory bricks for steel-furnace linings, agricultural lime, and magnesium-chemical feedstock, complementing Nigeria's broader limestone-cement belt.","lon":5.2,"lat":13,"statesCrossed":"[\"Kogi\",\"Cross River\",\"Sokoto\"]","reserveNote":"Substantial dolomitic limestone deposits alongside cement-grade limestone belts","productionNote":"Mined alongside limestone; refractory and agri-lime grade beneficiation","type":"Dolomitic limestone (calcium-magnesium carbonate)","economy":"Refractory bricks, agricultural lime, magnesium chemicals, and glass flux.","climate":"Guinea savanna to rainforest-fringe carbonate terrain.","landmarks":"[\"Kogi dolomite/limestone belt\",\"Mfamosing dolomite occurrences (Cross River)\"]","highlights":"[\"Refractory-grade dolomite for steel furnaces\",\"Agricultural lime feedstock\",\"Paired with cement-belt limestone\"]","wikiUrl":"https://en.wikipedia.org/wiki/Dolomite_(rock)","products":"[\"Refractory bricks for steel-furnace linings\",\"Agricultural lime for soil pH correction\",\"Magnesium metal and magnesium-oxide production feedstock\",\"Glass and ceramics flux\",\"Road-construction aggregate\"]","locations":"[{\"state\":\"Kogi\",\"siteName\":\"Kogi dolomite\",\"lon\":6.74,\"lat\":7.73},{\"state\":\"Cross River\",\"siteName\":\"Mfamosing dolomite\",\"lon\":8.42,\"lat\":4.98},{\"state\":\"Sokoto\",\"siteName\":\"Sokoto dolomite\",\"lon\":5.2,\"lat\":13}]","resourceId":"resource-dolomite","featureKind":"point","stateName":"Sokoto","siteName":"Sokoto dolomite"},"geometry":{"type":"Point","coordinates":[5.2,13]}},{"type":"Feature","properties":{"layerId":"resources","kind":"resources","id":"resource-granite-dimension-stone-0","name":"Granite & Dimension Stone (Ogun-Nasarawa-Ekiti Quarry Belts)","resourceType":"granite-dimension-stone","summary":"Widespread basement-complex granite and gneiss quarry belts supplying aggregate and dimension stone for Nigeria's construction industry.","description":"Granite and gneiss outcrops of the Precambrian basement complex are quarried extensively around Ogun (Abeokuta's rock outcrops), Nasarawa, Kwara, Ekiti, and Delta states for crushed aggregate and decorative dimension stone. These quarry belts underpin the bulk of Nigeria's road, rail, and building-construction aggregate supply.","lon":3.35,"lat":7.15,"statesCrossed":"[\"Ogun\",\"Nasarawa\",\"Kwara\",\"Ekiti\",\"Delta\",\"Oyo\"]","reserveNote":"Extensive basement-complex granite/gneiss outcrops nationwide","productionNote":"Widespread active quarrying for crushed aggregate and dimension stone","type":"Granite and gneiss basement rock; crushed aggregate and dimension stone grades","economy":"Construction aggregate, road/rail ballast, and decorative dimension stone.","climate":"Basement-complex terrain spanning rainforest to Guinea savanna.","landmarks":"[\"Abeokuta rock outcrops (Ogun)\",\"Nasarawa granite quarry belt\",\"Ekiti/Kwara dimension-stone quarries\"]","highlights":"[\"Nationwide construction aggregate supply\",\"Decorative dimension stone for buildings\",\"Abeokuta's iconic granite outcrops\"]","wikiUrl":"https://en.wikipedia.org/wiki/Granite","products":"[\"Crushed granite aggregate for concrete and road base\",\"Dimension/decorative stone for building facades and monuments\",\"Railway ballast\",\"Kerbstones and paving setts\"]","locations":"[{\"state\":\"Ogun\",\"siteName\":\"Abeokuta granite outcrops\",\"lon\":3.35,\"lat\":7.15},{\"state\":\"Nasarawa\",\"siteName\":\"Nasarawa granite quarries\",\"lon\":8.53,\"lat\":8.53},{\"state\":\"Kwara\",\"siteName\":\"Kwara granite quarries\",\"lon\":4.55,\"lat\":8.5},{\"state\":\"Ekiti\",\"siteName\":\"Ekiti granite quarries\",\"lon\":5.22,\"lat\":7.66},{\"state\":\"Delta\",\"siteName\":\"Delta granite quarries\",\"lon\":6,\"lat\":5.6},{\"state\":\"Oyo\",\"siteName\":\"Oyo granite quarries\",\"lon\":3.93,\"lat\":8}]","resourceId":"resource-granite-dimension-stone","featureKind":"point","stateName":"Ogun","siteName":"Abeokuta granite outcrops"},"geometry":{"type":"Point","coordinates":[3.35,7.15]}},{"type":"Feature","properties":{"layerId":"resources","kind":"resources","id":"resource-granite-dimension-stone-1","name":"Granite & Dimension Stone (Ogun-Nasarawa-Ekiti Quarry Belts)","resourceType":"granite-dimension-stone","summary":"Widespread basement-complex granite and gneiss quarry belts supplying aggregate and dimension stone for Nigeria's construction industry.","description":"Granite and gneiss outcrops of the Precambrian basement complex are quarried extensively around Ogun (Abeokuta's rock outcrops), Nasarawa, Kwara, Ekiti, and Delta states for crushed aggregate and decorative dimension stone. These quarry belts underpin the bulk of Nigeria's road, rail, and building-construction aggregate supply.","lon":8.53,"lat":8.53,"statesCrossed":"[\"Ogun\",\"Nasarawa\",\"Kwara\",\"Ekiti\",\"Delta\",\"Oyo\"]","reserveNote":"Extensive basement-complex granite/gneiss outcrops nationwide","productionNote":"Widespread active quarrying for crushed aggregate and dimension stone","type":"Granite and gneiss basement rock; crushed aggregate and dimension stone grades","economy":"Construction aggregate, road/rail ballast, and decorative dimension stone.","climate":"Basement-complex terrain spanning rainforest to Guinea savanna.","landmarks":"[\"Abeokuta rock outcrops (Ogun)\",\"Nasarawa granite quarry belt\",\"Ekiti/Kwara dimension-stone quarries\"]","highlights":"[\"Nationwide construction aggregate supply\",\"Decorative dimension stone for buildings\",\"Abeokuta's iconic granite outcrops\"]","wikiUrl":"https://en.wikipedia.org/wiki/Granite","products":"[\"Crushed granite aggregate for concrete and road base\",\"Dimension/decorative stone for building facades and monuments\",\"Railway ballast\",\"Kerbstones and paving setts\"]","locations":"[{\"state\":\"Ogun\",\"siteName\":\"Abeokuta granite outcrops\",\"lon\":3.35,\"lat\":7.15},{\"state\":\"Nasarawa\",\"siteName\":\"Nasarawa granite quarries\",\"lon\":8.53,\"lat\":8.53},{\"state\":\"Kwara\",\"siteName\":\"Kwara granite quarries\",\"lon\":4.55,\"lat\":8.5},{\"state\":\"Ekiti\",\"siteName\":\"Ekiti granite quarries\",\"lon\":5.22,\"lat\":7.66},{\"state\":\"Delta\",\"siteName\":\"Delta granite quarries\",\"lon\":6,\"lat\":5.6},{\"state\":\"Oyo\",\"siteName\":\"Oyo granite quarries\",\"lon\":3.93,\"lat\":8}]","resourceId":"resource-granite-dimension-stone","featureKind":"point","stateName":"Nasarawa","siteName":"Nasarawa granite quarries"},"geometry":{"type":"Point","coordinates":[8.53,8.53]}},{"type":"Feature","properties":{"layerId":"resources","kind":"resources","id":"resource-granite-dimension-stone-2","name":"Granite & Dimension Stone (Ogun-Nasarawa-Ekiti Quarry Belts)","resourceType":"granite-dimension-stone","summary":"Widespread basement-complex granite and gneiss quarry belts supplying aggregate and dimension stone for Nigeria's construction industry.","description":"Granite and gneiss outcrops of the Precambrian basement complex are quarried extensively around Ogun (Abeokuta's rock outcrops), Nasarawa, Kwara, Ekiti, and Delta states for crushed aggregate and decorative dimension stone. These quarry belts underpin the bulk of Nigeria's road, rail, and building-construction aggregate supply.","lon":4.55,"lat":8.5,"statesCrossed":"[\"Ogun\",\"Nasarawa\",\"Kwara\",\"Ekiti\",\"Delta\",\"Oyo\"]","reserveNote":"Extensive basement-complex granite/gneiss outcrops nationwide","productionNote":"Widespread active quarrying for crushed aggregate and dimension stone","type":"Granite and gneiss basement rock; crushed aggregate and dimension stone grades","economy":"Construction aggregate, road/rail ballast, and decorative dimension stone.","climate":"Basement-complex terrain spanning rainforest to Guinea savanna.","landmarks":"[\"Abeokuta rock outcrops (Ogun)\",\"Nasarawa granite quarry belt\",\"Ekiti/Kwara dimension-stone quarries\"]","highlights":"[\"Nationwide construction aggregate supply\",\"Decorative dimension stone for buildings\",\"Abeokuta's iconic granite outcrops\"]","wikiUrl":"https://en.wikipedia.org/wiki/Granite","products":"[\"Crushed granite aggregate for concrete and road base\",\"Dimension/decorative stone for building facades and monuments\",\"Railway ballast\",\"Kerbstones and paving setts\"]","locations":"[{\"state\":\"Ogun\",\"siteName\":\"Abeokuta granite outcrops\",\"lon\":3.35,\"lat\":7.15},{\"state\":\"Nasarawa\",\"siteName\":\"Nasarawa granite quarries\",\"lon\":8.53,\"lat\":8.53},{\"state\":\"Kwara\",\"siteName\":\"Kwara granite quarries\",\"lon\":4.55,\"lat\":8.5},{\"state\":\"Ekiti\",\"siteName\":\"Ekiti granite quarries\",\"lon\":5.22,\"lat\":7.66},{\"state\":\"Delta\",\"siteName\":\"Delta granite quarries\",\"lon\":6,\"lat\":5.6},{\"state\":\"Oyo\",\"siteName\":\"Oyo granite quarries\",\"lon\":3.93,\"lat\":8}]","resourceId":"resource-granite-dimension-stone","featureKind":"point","stateName":"Kwara","siteName":"Kwara granite quarries"},"geometry":{"type":"Point","coordinates":[4.55,8.5]}},{"type":"Feature","properties":{"layerId":"resources","kind":"resources","id":"resource-granite-dimension-stone-3","name":"Granite & Dimension Stone (Ogun-Nasarawa-Ekiti Quarry Belts)","resourceType":"granite-dimension-stone","summary":"Widespread basement-complex granite and gneiss quarry belts supplying aggregate and dimension stone for Nigeria's construction industry.","description":"Granite and gneiss outcrops of the Precambrian basement complex are quarried extensively around Ogun (Abeokuta's rock outcrops), Nasarawa, Kwara, Ekiti, and Delta states for crushed aggregate and decorative dimension stone. These quarry belts underpin the bulk of Nigeria's road, rail, and building-construction aggregate supply.","lon":5.22,"lat":7.66,"statesCrossed":"[\"Ogun\",\"Nasarawa\",\"Kwara\",\"Ekiti\",\"Delta\",\"Oyo\"]","reserveNote":"Extensive basement-complex granite/gneiss outcrops nationwide","productionNote":"Widespread active quarrying for crushed aggregate and dimension stone","type":"Granite and gneiss basement rock; crushed aggregate and dimension stone grades","economy":"Construction aggregate, road/rail ballast, and decorative dimension stone.","climate":"Basement-complex terrain spanning rainforest to Guinea savanna.","landmarks":"[\"Abeokuta rock outcrops (Ogun)\",\"Nasarawa granite quarry belt\",\"Ekiti/Kwara dimension-stone quarries\"]","highlights":"[\"Nationwide construction aggregate supply\",\"Decorative dimension stone for buildings\",\"Abeokuta's iconic granite outcrops\"]","wikiUrl":"https://en.wikipedia.org/wiki/Granite","products":"[\"Crushed granite aggregate for concrete and road base\",\"Dimension/decorative stone for building facades and monuments\",\"Railway ballast\",\"Kerbstones and paving setts\"]","locations":"[{\"state\":\"Ogun\",\"siteName\":\"Abeokuta granite outcrops\",\"lon\":3.35,\"lat\":7.15},{\"state\":\"Nasarawa\",\"siteName\":\"Nasarawa granite quarries\",\"lon\":8.53,\"lat\":8.53},{\"state\":\"Kwara\",\"siteName\":\"Kwara granite quarries\",\"lon\":4.55,\"lat\":8.5},{\"state\":\"Ekiti\",\"siteName\":\"Ekiti granite quarries\",\"lon\":5.22,\"lat\":7.66},{\"state\":\"Delta\",\"siteName\":\"Delta granite quarries\",\"lon\":6,\"lat\":5.6},{\"state\":\"Oyo\",\"siteName\":\"Oyo granite quarries\",\"lon\":3.93,\"lat\":8}]","resourceId":"resource-granite-dimension-stone","featureKind":"point","stateName":"Ekiti","siteName":"Ekiti granite quarries"},"geometry":{"type":"Point","coordinates":[5.22,7.66]}},{"type":"Feature","properties":{"layerId":"resources","kind":"resources","id":"resource-granite-dimension-stone-4","name":"Granite & Dimension Stone (Ogun-Nasarawa-Ekiti Quarry Belts)","resourceType":"granite-dimension-stone","summary":"Widespread basement-complex granite and gneiss quarry belts supplying aggregate and dimension stone for Nigeria's construction industry.","description":"Granite and gneiss outcrops of the Precambrian basement complex are quarried extensively around Ogun (Abeokuta's rock outcrops), Nasarawa, Kwara, Ekiti, and Delta states for crushed aggregate and decorative dimension stone. These quarry belts underpin the bulk of Nigeria's road, rail, and building-construction aggregate supply.","lon":6,"lat":5.6,"statesCrossed":"[\"Ogun\",\"Nasarawa\",\"Kwara\",\"Ekiti\",\"Delta\",\"Oyo\"]","reserveNote":"Extensive basement-complex granite/gneiss outcrops nationwide","productionNote":"Widespread active quarrying for crushed aggregate and dimension stone","type":"Granite and gneiss basement rock; crushed aggregate and dimension stone grades","economy":"Construction aggregate, road/rail ballast, and decorative dimension stone.","climate":"Basement-complex terrain spanning rainforest to Guinea savanna.","landmarks":"[\"Abeokuta rock outcrops (Ogun)\",\"Nasarawa granite quarry belt\",\"Ekiti/Kwara dimension-stone quarries\"]","highlights":"[\"Nationwide construction aggregate supply\",\"Decorative dimension stone for buildings\",\"Abeokuta's iconic granite outcrops\"]","wikiUrl":"https://en.wikipedia.org/wiki/Granite","products":"[\"Crushed granite aggregate for concrete and road base\",\"Dimension/decorative stone for building facades and monuments\",\"Railway ballast\",\"Kerbstones and paving setts\"]","locations":"[{\"state\":\"Ogun\",\"siteName\":\"Abeokuta granite outcrops\",\"lon\":3.35,\"lat\":7.15},{\"state\":\"Nasarawa\",\"siteName\":\"Nasarawa granite quarries\",\"lon\":8.53,\"lat\":8.53},{\"state\":\"Kwara\",\"siteName\":\"Kwara granite quarries\",\"lon\":4.55,\"lat\":8.5},{\"state\":\"Ekiti\",\"siteName\":\"Ekiti granite quarries\",\"lon\":5.22,\"lat\":7.66},{\"state\":\"Delta\",\"siteName\":\"Delta granite quarries\",\"lon\":6,\"lat\":5.6},{\"state\":\"Oyo\",\"siteName\":\"Oyo granite quarries\",\"lon\":3.93,\"lat\":8}]","resourceId":"resource-granite-dimension-stone","featureKind":"point","stateName":"Delta","siteName":"Delta granite quarries"},"geometry":{"type":"Point","coordinates":[6,5.6]}},{"type":"Feature","properties":{"layerId":"resources","kind":"resources","id":"resource-granite-dimension-stone-5","name":"Granite & Dimension Stone (Ogun-Nasarawa-Ekiti Quarry Belts)","resourceType":"granite-dimension-stone","summary":"Widespread basement-complex granite and gneiss quarry belts supplying aggregate and dimension stone for Nigeria's construction industry.","description":"Granite and gneiss outcrops of the Precambrian basement complex are quarried extensively around Ogun (Abeokuta's rock outcrops), Nasarawa, Kwara, Ekiti, and Delta states for crushed aggregate and decorative dimension stone. These quarry belts underpin the bulk of Nigeria's road, rail, and building-construction aggregate supply.","lon":3.93,"lat":8,"statesCrossed":"[\"Ogun\",\"Nasarawa\",\"Kwara\",\"Ekiti\",\"Delta\",\"Oyo\"]","reserveNote":"Extensive basement-complex granite/gneiss outcrops nationwide","productionNote":"Widespread active quarrying for crushed aggregate and dimension stone","type":"Granite and gneiss basement rock; crushed aggregate and dimension stone grades","economy":"Construction aggregate, road/rail ballast, and decorative dimension stone.","climate":"Basement-complex terrain spanning rainforest to Guinea savanna.","landmarks":"[\"Abeokuta rock outcrops (Ogun)\",\"Nasarawa granite quarry belt\",\"Ekiti/Kwara dimension-stone quarries\"]","highlights":"[\"Nationwide construction aggregate supply\",\"Decorative dimension stone for buildings\",\"Abeokuta's iconic granite outcrops\"]","wikiUrl":"https://en.wikipedia.org/wiki/Granite","products":"[\"Crushed granite aggregate for concrete and road base\",\"Dimension/decorative stone for building facades and monuments\",\"Railway ballast\",\"Kerbstones and paving setts\"]","locations":"[{\"state\":\"Ogun\",\"siteName\":\"Abeokuta granite outcrops\",\"lon\":3.35,\"lat\":7.15},{\"state\":\"Nasarawa\",\"siteName\":\"Nasarawa granite quarries\",\"lon\":8.53,\"lat\":8.53},{\"state\":\"Kwara\",\"siteName\":\"Kwara granite quarries\",\"lon\":4.55,\"lat\":8.5},{\"state\":\"Ekiti\",\"siteName\":\"Ekiti granite quarries\",\"lon\":5.22,\"lat\":7.66},{\"state\":\"Delta\",\"siteName\":\"Delta granite quarries\",\"lon\":6,\"lat\":5.6},{\"state\":\"Oyo\",\"siteName\":\"Oyo granite quarries\",\"lon\":3.93,\"lat\":8}]","resourceId":"resource-granite-dimension-stone","featureKind":"point","stateName":"Oyo","siteName":"Oyo granite quarries"},"geometry":{"type":"Point","coordinates":[3.93,8]}},{"type":"Feature","properties":{"layerId":"resources","kind":"resources","id":"resource-fluorspar-0","name":"Fluorspar (Taraba Belt)","resourceType":"fluorspar","summary":"Fluorspar (calcium fluoride) vein occurrences in the Taraba basement belt, prospective flux feedstock for steel and aluminium industries.","description":"Fluorspar veins occur within the basement complex of Taraba State around the Wukari-Kentu axis, offering a potential domestic source of the fluxing agent used in steelmaking and aluminium smelting. Development remains at an early exploration stage, with artisanal collection the main current activity.","lon":9.8,"lat":7.6,"statesCrossed":"[\"Taraba\",\"Adamawa\"]","reserveNote":"Vein-hosted fluorspar occurrences in the basement complex; early exploration stage","productionNote":"Artisanal-scale collection; no major processing plant yet","type":"Fluorspar (calcium fluoride) vein deposits","economy":"Steelmaking and aluminium-smelting flux feedstock potential.","climate":"Guinea savanna basement terrain.","landmarks":"[\"Wukari-Kentu fluorspar belt (Taraba)\"]","highlights":"[\"Steel and aluminium flux feedstock potential\",\"Basement vein-hosted deposits\",\"Early-stage exploration\"]","wikiUrl":"https://en.wikipedia.org/wiki/Fluorite","products":"[\"Steelmaking flux\",\"Aluminium-smelting flux\",\"Hydrofluoric acid (HF) feedstock\",\"Glass and enamel opacifier\"]","locations":"[{\"state\":\"Taraba\",\"siteName\":\"Wukari-Kentu fluorspar belt\",\"lon\":9.8,\"lat\":7.6},{\"state\":\"Adamawa\",\"siteName\":\"Adamawa fluorspar\",\"lon\":12.39,\"lat\":9.33}]","resourceId":"resource-fluorspar","featureKind":"point","stateName":"Taraba","siteName":"Wukari-Kentu fluorspar belt"},"geometry":{"type":"Point","coordinates":[9.8,7.6]}},{"type":"Feature","properties":{"layerId":"resources","kind":"resources","id":"resource-fluorspar-1","name":"Fluorspar (Taraba Belt)","resourceType":"fluorspar","summary":"Fluorspar (calcium fluoride) vein occurrences in the Taraba basement belt, prospective flux feedstock for steel and aluminium industries.","description":"Fluorspar veins occur within the basement complex of Taraba State around the Wukari-Kentu axis, offering a potential domestic source of the fluxing agent used in steelmaking and aluminium smelting. Development remains at an early exploration stage, with artisanal collection the main current activity.","lon":12.39,"lat":9.33,"statesCrossed":"[\"Taraba\",\"Adamawa\"]","reserveNote":"Vein-hosted fluorspar occurrences in the basement complex; early exploration stage","productionNote":"Artisanal-scale collection; no major processing plant yet","type":"Fluorspar (calcium fluoride) vein deposits","economy":"Steelmaking and aluminium-smelting flux feedstock potential.","climate":"Guinea savanna basement terrain.","landmarks":"[\"Wukari-Kentu fluorspar belt (Taraba)\"]","highlights":"[\"Steel and aluminium flux feedstock potential\",\"Basement vein-hosted deposits\",\"Early-stage exploration\"]","wikiUrl":"https://en.wikipedia.org/wiki/Fluorite","products":"[\"Steelmaking flux\",\"Aluminium-smelting flux\",\"Hydrofluoric acid (HF) feedstock\",\"Glass and enamel opacifier\"]","locations":"[{\"state\":\"Taraba\",\"siteName\":\"Wukari-Kentu fluorspar belt\",\"lon\":9.8,\"lat\":7.6},{\"state\":\"Adamawa\",\"siteName\":\"Adamawa fluorspar\",\"lon\":12.39,\"lat\":9.33}]","resourceId":"resource-fluorspar","featureKind":"point","stateName":"Adamawa","siteName":"Adamawa fluorspar"},"geometry":{"type":"Point","coordinates":[12.39,9.33]}}]}