{"type":"FeatureCollection","features":[{"type":"Feature","properties":{"id":"ocean-atlantic","kind":"ocean","name":"Atlantic Ocean"},"geometry":{"type":"Polygon","coordinates":[[[0.8,3],[9,3],[9,6.9],[3.2,6.9],[2.4,5.4],[0.8,4.8],[0.8,3]]]}},{"type":"Feature","properties":{"id":"lake-chad","kind":"lake","name":"Lake Chad"},"geometry":{"type":"Polygon","coordinates":[[[14.096343343156766,13.099195219924216],[14.084241413641216,13.222037173580782],[14.047731928293404,13.340216760461077],[13.988186360598974,13.449182886560239],[13.907871257965843,13.544733253709776],[13.809864705752425,13.623178090084705],[13.697939542031444,13.681484714602288],[13.576417504031934,13.717396939896668],[13.45,13.729524254607176],[13.323582495968065,13.717396939896668],[13.202060457968557,13.681484714602288],[13.090135294247576,13.623178090084705],[12.992128742034158,13.544733253709776],[12.911813639401025,13.449182886560239],[12.852268071706597,13.340216760461077],[12.815758586358784,13.222037173580782],[12.803656656843232,13.099195219924216],[12.816390977250743,12.976414520686495],[12.853436594654399,12.85840937415432],[12.913340421343042,12.749704323458717],[12.99378136120735,12.654461926493065],[13.091662154365984,12.576325071936132],[13.203229091474476,12.518279550909366],[13.324214965036418,12.482541794050364],[13.45,12.470475745392825],[13.575785034963582,12.482541794050364],[13.696770908525522,12.518279550909366],[13.808337845634016,12.576325071936132],[13.906218638792648,12.654461926493065],[13.986659578656957,12.749704323458717],[14.0465634053456,12.858409374154318],[14.083609022749258,12.976414520686495],[14.096343343156766,13.099195219924216]]]}},{"type":"Feature","properties":{"id":"lake-kainji","kind":"lake","name":"Kainji Lake"},"geometry":{"type":"Polygon","coordinates":[[[4.2,10.45],[5.05,10.45],[5.05,10.95],[4.2,10.95],[4.2,10.45]]]}},{"type":"Feature","properties":{"id":"lake-lagos-lagoon","kind":"lake","name":"Lagos Lagoon"},"geometry":{"type":"Polygon","coordinates":[[[3.2,6.42],[3.55,6.42],[3.55,6.58],[3.2,6.58],[3.2,6.42]]]}},{"type":"Feature","properties":{"id":"river-irrawaddy-delta","kind":"river","name":"Irrawaddy Delta"},"geometry":{"type":"MultiLineString","coordinates":[]}},{"type":"Feature","properties":{"id":"river-araguaia","kind":"river","name":"Araguaia"},"geometry":{"type":"MultiLineString","coordinates":[]}},{"type":"Feature","properties":{"id":"river-vaal","kind":"river","name":"Vaal"},"geometry":{"type":"MultiLineString","coordinates":[]}},{"type":"Feature","properties":{"id":"river-vaal","kind":"river","name":"Vaal"},"geometry":{"type":"MultiLineString","coordinates":[]}},{"type":"Feature","properties":{"id":"river-aldan","kind":"river","name":"Aldan"},"geometry":{"type":"MultiLineString","coordinates":[]}},{"type":"Feature","properties":{"id":"river-snake","kind":"river","name":"Snake"},"geometry":{"type":"MultiLineString","coordinates":[]}},{"type":"Feature","properties":{"id":"river-columbia","kind":"river","name":"Columbia"},"geometry":{"type":"MultiLineString","coordinates":[]}},{"type":"Feature","properties":{"id":"river-são-francisco","kind":"river","name":"São  Francisco"},"geometry":{"type":"MultiLineString","coordinates":[]}},{"type":"Feature","properties":{"id":"river-são-francisco","kind":"river","name":"São  Francisco"},"geometry":{"type":"MultiLineString","coordinates":[]}},{"type":"Feature","properties":{"id":"river-rhein","kind":"river","name":"Rhein"},"geometry":{"type":"MultiLineString","coordinates":[]}},{"type":"Feature","properties":{"id":"river-rhein","kind":"river","name":"Rhein"},"geometry":{"type":"MultiLineString","coordinates":[]}},{"type":"Feature","properties":{"id":"river-sukhona","kind":"river","name":"Sukhona"},"geometry":{"type":"MultiLineString","coordinates":[]}},{"type":"Feature","properties":{"id":"river-sukhona","kind":"river","name":"Sukhona"},"geometry":{"type":"MultiLineString","coordinates":[]}},{"type":"Feature","properties":{"id":"river-shishhid-gol","kind":"river","name":"Shishhid Gol"},"geometry":{"type":"MultiLineString","coordinates":[]}},{"type":"Feature","properties":{"id":"river-shishhid-gol","kind":"river","name":"Shishhid Gol"},"geometry":{"type":"MultiLineString","coordinates":[]}},{"type":"Feature","properties":{"id":"river-paranaíba","kind":"river","name":"Paranaíba"},"geometry":{"type":"MultiLineString","coordinates":[]}},{"type":"Feature","properties":{"id":"river-paranaíba","kind":"river","name":"Paranaíba"},"geometry":{"type":"MultiLineString","coordinates":[]}},{"type":"Feature","properties":{"id":"river-la-grande","kind":"river","name":"La Grande"},"geometry":{"type":"MultiLineString","coordinates":[]}},{"type":"Feature","properties":{"id":"river-la-grande","kind":"river","name":"La Grande"},"geometry":{"type":"MultiLineString","coordinates":[]}},{"type":"Feature","properties":{"id":"river-ucayali","kind":"river","name":"Ucayali"},"geometry":{"type":"MultiLineString","coordinates":[]}},{"type":"Feature","properties":{"id":"river-rio-grande","kind":"river","name":"Rio Grande"},"geometry":{"type":"MultiLineString","coordinates":[]}},{"type":"Feature","properties":{"id":"river-rio-grande","kind":"river","name":"Rio Grande"},"geometry":{"type":"MultiLineString","coordinates":[]}},{"type":"Feature","properties":{"id":"river-ural","kind":"river","name":"Ural"},"geometry":{"type":"MultiLineString","coordinates":[]}},{"type":"Feature","properties":{"id":"river-ural","kind":"river","name":"Ural"},"geometry":{"type":"MultiLineString","coordinates":[]}},{"type":"Feature","properties":{"id":"river-saskatchewan","kind":"river","name":"Saskatchewan"},"geometry":{"type":"MultiLineString","coordinates":[]}},{"type":"Feature","properties":{"id":"river-saskatchewan","kind":"river","name":"Saskatchewan"},"geometry":{"type":"MultiLineString","coordinates":[]}},{"type":"Feature","properties":{"id":"river-yenisey","kind":"river","name":"Yenisey"},"geometry":{"type":"MultiLineString","coordinates":[]}},{"type":"Feature","properties":{"id":"river-ijssel","kind":"river","name":"IJssel"},"geometry":{"type":"MultiLineString","coordinates":[]}},{"type":"Feature","properties":{"id":"river-ob","kind":"river","name":"Ob"},"geometry":{"type":"MultiLineString","coordinates":[]}},{"type":"Feature","properties":{"id":"river-ob","kind":"river","name":"Ob"},"geometry":{"type":"MultiLineString","coordinates":[]}},{"type":"Feature","properties":{"id":"river-tocantins","kind":"river","name":"Tocantins"},"geometry":{"type":"MultiLineString","coordinates":[]}},{"type":"Feature","properties":{"id":"river-tocantins","kind":"river","name":"Tocantins"},"geometry":{"type":"MultiLineString","coordinates":[]}},{"type":"Feature","properties":{"id":"river-dnipro","kind":"river","name":"Dnipro"},"geometry":{"type":"MultiLineString","coordinates":[]}},{"type":"Feature","properties":{"id":"river-dnipro","kind":"river","name":"Dnipro"},"geometry":{"type":"MultiLineString","coordinates":[]}},{"type":"Feature","properties":{"id":"river-north-saskatchewan","kind":"river","name":"North Saskatchewan"},"geometry":{"type":"MultiLineString","coordinates":[]}},{"type":"Feature","properties":{"id":"river-bafing","kind":"river","name":"Bafing"},"geometry":{"type":"MultiLineString","coordinates":[]}},{"type":"Feature","properties":{"id":"river-bénoué","kind":"river","name":"Bénoué"},"geometry":{"type":"LineString","coordinates":[[13.524181,7.777452],[13.537852,7.786444],[13.569591,7.800157],[13.578868,7.808173],[13.588552,7.822089],[13.601329,7.833319],[13.615977,7.842231],[13.630626,7.849189],[13.699392,7.864569],[13.723318,7.880194],[13.732432,7.918036],[13.723643,7.949652],[13.706228,7.98074],[13.693289,8.013048],[13.698253,8.048407],[13.708669,8.062038],[13.721853,8.069688],[13.75294,8.082546],[13.777843,8.100531],[13.801443,8.123155],[13.811697,8.13113],[13.823497,8.135688],[13.836436,8.137803],[13.850027,8.138495],[13.890554,8.141384],[13.909109,8.14879],[13.924815,8.164496],[13.932628,8.179307],[13.944102,8.211249],[13.952159,8.225898],[13.987478,8.261094],[13.996511,8.274359],[13.99879,8.291368],[13.988699,8.32746],[13.989675,8.342882],[14.005056,8.369167],[14.007579,8.379096],[14.006847,8.397244],[14.000499,8.426378],[13.988455,8.457872],[13.97283,8.487413],[13.955577,8.51081],[13.921153,8.521593],[13.906668,8.532823],[13.914317,8.551785],[13.952159,8.602647],[13.953543,8.610704],[13.951182,8.629218],[13.952159,8.637478],[13.956554,8.645331],[13.972667,8.66474],[13.982677,8.681749],[13.986501,8.691596],[13.986257,8.722764],[13.984386,8.731391],[13.980968,8.740058],[13.979503,8.748562],[13.983165,8.756903],[13.988292,8.762966],[13.991384,8.76789],[13.992849,8.773546],[13.993093,8.78144],[13.986257,8.790961],[13.938487,8.815538],[13.892507,8.856472],[13.871593,8.882676],[13.862804,8.908026],[13.845958,8.931179],[13.807628,8.942939],[13.76588,8.950222],[13.739268,8.95954],[13.729503,8.973985],[13.727306,8.988715],[13.727794,9.004177],[13.726248,9.021023],[13.719412,9.037787],[13.701834,9.068183],[13.698253,9.086493],[13.68922,9.110785],[13.667898,9.136664],[13.62322,9.179267],[13.575125,9.213935],[13.568614,9.226752],[13.566173,9.24494],[13.559255,9.264268],[13.548513,9.281806],[13.534434,9.302191],[13.506847,9.339179],[13.472179,9.32807],[13.386241,9.242743],[13.379893,9.239529],[13.353282,9.240587],[13.340587,9.238959],[13.326182,9.221503],[13.304698,9.214423],[13.259532,9.206],[13.251475,9.210028],[13.24464,9.212592],[13.239024,9.213446],[13.23406,9.211005],[13.225108,9.202216],[13.219168,9.199774],[13.205577,9.201199],[13.178722,9.211371],[13.170665,9.213446],[13.161388,9.208319],[13.145681,9.189887],[13.136648,9.185492],[13.121755,9.188178],[13.115164,9.196357],[13.111583,9.206895],[13.105886,9.216824],[13.096934,9.223456],[13.077322,9.234565],[13.071707,9.240098],[13.063894,9.258246],[13.057791,9.264838],[13.047537,9.267401],[13.027273,9.276435],[13.009451,9.29328],[12.99171,9.302436],[12.972097,9.28852],[12.967703,9.301825],[12.968272,9.30744],[12.972097,9.315863],[12.926931,9.334744],[12.886729,9.351508],[12.85255,9.356798],[12.842947,9.36225],[12.817882,9.386094],[12.800792,9.391547],[12.785411,9.388495],[12.751394,9.371894],[12.687918,9.326361],[12.681814,9.31863],[12.672862,9.303494],[12.663585,9.294745],[12.656668,9.292019],[12.64088,9.290147],[12.632823,9.285102],[12.607921,9.265204],[12.575613,9.247138],[12.541759,9.236762],[12.512706,9.239529],[12.500906,9.247911],[12.478689,9.281684],[12.386485,9.367377],[12.380626,9.37462],[12.377452,9.380968],[12.376475,9.38821],[12.376231,9.398057],[12.374441,9.409491],[12.36964,9.414374],[12.362722,9.418036],[12.355154,9.425727],[12.312918,9.485622],[12.284923,9.51085],[12.252126,9.521308],[12.196218,9.529242],[12.177257,9.524685],[12.055186,9.470811],[12.024669,9.469021],[11.995779,9.48371],[11.980968,9.489325],[11.941335,9.487576],[11.924083,9.490546]]}},{"type":"Feature","properties":{"id":"river-tuotuo","kind":"river","name":"Tuotuo"},"geometry":{"type":"MultiLineString","coordinates":[]}},{"type":"Feature","properties":{"id":"river-dicle","kind":"river","name":"Dicle"},"geometry":{"type":"MultiLineString","coordinates":[]}},{"type":"Feature","properties":{"id":"river-dnepre","kind":"river","name":"Dnepre"},"geometry":{"type":"MultiLineString","coordinates":[]}},{"type":"Feature","properties":{"id":"river-pechora","kind":"river","name":"Pechora"},"geometry":{"type":"MultiLineString","coordinates":[]}},{"type":"Feature","properties":{"id":"river-indaiá","kind":"river","name":"Indaiá"},"geometry":{"type":"MultiLineString","coordinates":[]}},{"type":"Feature","properties":{"id":"river-kolyma","kind":"river","name":"Kolyma"},"geometry":{"type":"MultiLineString","coordinates":[]}},{"type":"Feature","properties":{"id":"river-nmai","kind":"river","name":"Nmai"},"geometry":{"type":"MultiLineString","coordinates":[]}},{"type":"Feature","properties":{"id":"river-magdalena","kind":"river","name":"Magdalena"},"geometry":{"type":"MultiLineString","coordinates":[]}},{"type":"Feature","properties":{"id":"river-neuquén","kind":"river","name":"Neuquén"},"geometry":{"type":"MultiLineString","coordinates":[]}},{"type":"Feature","properties":{"id":"river-nanpan","kind":"river","name":"Nanpan"},"geometry":{"type":"MultiLineString","coordinates":[]}},{"type":"Feature","properties":{"id":"river-seine","kind":"river","name":"Seine"},"geometry":{"type":"MultiLineString","coordinates":[]}},{"type":"Feature","properties":{"id":"river-lena","kind":"river","name":"Lena"},"geometry":{"type":"MultiLineString","coordinates":[]}},{"type":"Feature","properties":{"id":"river-oder","kind":"river","name":"Oder"},"geometry":{"type":"MultiLineString","coordinates":[]}},{"type":"Feature","properties":{"id":"river-arkansas","kind":"river","name":"Arkansas"},"geometry":{"type":"MultiLineString","coordinates":[]}},{"type":"Feature","properties":{"id":"river-sénégal","kind":"river","name":"Sénégal"},"geometry":{"type":"MultiLineString","coordinates":[]}},{"type":"Feature","properties":{"id":"river-kyzyl-khem","kind":"river","name":"Kyzyl-Khem"},"geometry":{"type":"MultiLineString","coordinates":[]}},{"type":"Feature","properties":{"id":"river-nu","kind":"river","name":"Nu"},"geometry":{"type":"MultiLineString","coordinates":[]}},{"type":"Feature","properties":{"id":"river-tigris","kind":"river","name":"Tigris"},"geometry":{"type":"MultiLineString","coordinates":[]}},{"type":"Feature","properties":{"id":"river-severnaya-dvina","kind":"river","name":"Severnaya Dvina"},"geometry":{"type":"MultiLineString","coordinates":[]}},{"type":"Feature","properties":{"id":"river-benue","kind":"river","name":"Benue"},"geometry":{"type":"LineString","coordinates":[[11.924083,9.490546],[11.907644,9.497178],[11.873057,9.505439],[11.819753,9.50906],[11.777029,9.506456],[11.736746,9.498562],[11.695486,9.476101],[11.666759,9.465359],[11.652843,9.456122],[11.626964,9.43476],[11.601573,9.41824],[11.42628,9.331488],[11.375662,9.294745],[11.345225,9.262397],[11.334158,9.25377],[11.301443,9.24494],[11.286388,9.236884],[11.28004,9.219997],[11.263357,9.19892],[11.224376,9.185981],[11.149832,9.17182],[11.086192,9.140733],[11.028575,9.09394],[10.979991,9.036444],[10.915782,8.916124],[10.905935,8.887071],[10.90211,8.85338],[10.892996,8.820624],[10.870046,8.792304],[10.841075,8.769599],[10.752615,8.719346],[10.733165,8.714789],[10.683604,8.719346],[10.650157,8.710761],[10.586436,8.67536],[10.553233,8.670966],[10.539968,8.676215],[10.513357,8.693874],[10.498709,8.698839],[10.479421,8.697821],[10.46282,8.690782],[10.432872,8.667833],[10.421886,8.666693],[10.390636,8.68122],[10.374522,8.685167],[10.357839,8.684434],[10.342214,8.681952],[10.327566,8.677558],[10.313731,8.670966],[10.284353,8.671576],[10.269542,8.639675],[10.257823,8.601386],[10.238292,8.582831],[10.221202,8.578681],[10.21046,8.56863],[10.188975,8.53795],[10.183523,8.521511],[10.177989,8.514757],[10.169688,8.51085],[10.141124,8.507107],[10.113292,8.496772],[10.112315,8.45661],[10.106456,8.445258],[10.095144,8.438341],[10.068126,8.433905],[10.055186,8.427924],[10.048025,8.419949],[10.043386,8.410264],[10.030284,8.364936],[10.021414,8.350775],[10.019705,8.345649],[10.012136,8.344346],[9.990408,8.334988],[9.980724,8.333075],[9.950613,8.331977],[9.91505,8.32335],[9.88087,8.308661],[9.859386,8.289862],[9.847097,8.272244],[9.827078,8.24372],[9.804128,8.226833],[9.784923,8.22248],[9.744884,8.223944],[9.725515,8.221747],[9.71754,8.218614],[9.710704,8.214179],[9.677745,8.185981],[9.654226,8.173122],[9.631847,8.164089],[9.624929,8.159939],[9.607107,8.14407],[9.600108,8.139838],[9.566905,8.129706],[9.559093,8.126044],[9.555105,8.123562],[9.552175,8.120876],[9.549978,8.117377],[9.547862,8.110541],[9.546072,8.107367],[9.538992,8.101345],[9.530772,8.097764],[9.432791,8.073798],[9.424327,8.070095],[9.420177,8.066718],[9.412771,8.059272],[9.407644,8.057074],[9.388194,8.041571],[9.367686,8.003282],[9.360281,7.993191],[9.35377,7.988471],[9.340261,7.984076],[9.333018,7.980089],[9.328054,7.973741],[9.322927,7.958075],[9.319347,7.952175],[9.307872,7.944688],[9.270925,7.938544],[9.223155,7.917426],[9.135671,7.890082],[9.099376,7.883897],[9.025808,7.883368],[8.989513,7.874538],[8.976736,7.866563],[8.966726,7.856309],[8.948904,7.832628],[8.917898,7.811591],[8.878917,7.803778],[8.799327,7.799018],[8.763194,7.788601],[8.659923,7.740668],[8.640147,7.735785],[8.619884,7.73371],[8.520518,7.73961],[8.50172,7.742987],[8.492117,7.747178],[8.465505,7.764431],[8.455577,7.7685],[8.410818,7.776435],[8.398611,7.780382],[8.38738,7.786485],[8.362478,7.805732],[8.316173,7.831081],[8.293386,7.855577],[8.264334,7.863959],[8.232188,7.867214],[8.200369,7.876573],[8.146983,7.904161],[8.119558,7.914171],[8.03533,7.928534],[8.018321,7.935126],[7.968272,7.964423],[7.933849,7.973741],[7.86321,7.982001],[7.828868,7.990017],[7.781179,8.006049],[7.716807,8.013129],[7.653331,8.028917],[7.636729,8.030097],[7.495128,8.016425],[7.319265,8.031684],[7.285818,8.028144],[7.083995,7.96015],[7.032725,7.929551],[7.031505,7.924018],[7.024343,7.920681],[7.005056,7.903591],[6.97047,7.882188],[6.860037,7.836208],[6.816173,7.829779],[6.801199,7.82392],[6.784434,7.813788],[6.771251,7.800645],[6.767263,7.785712]]}},{"type":"Feature","properties":{"id":"river-ayeyarwady","kind":"river","name":"Ayeyarwady"},"geometry":{"type":"MultiLineString","coordinates":[]}},{"type":"Feature","properties":{"id":"river-negro","kind":"river","name":"Negro"},"geometry":{"type":"MultiLineString","coordinates":[]}},{"type":"Feature","properties":{"id":"river-tongtian","kind":"river","name":"Tongtian"},"geometry":{"type":"MultiLineString","coordinates":[]}},{"type":"Feature","properties":{"id":"river-rhin","kind":"river","name":"Rhin"},"geometry":{"type":"MultiLineString","coordinates":[]}},{"type":"Feature","properties":{"id":"river-nederrijn","kind":"river","name":"Nederrijn"},"geometry":{"type":"MultiLineString","coordinates":[]}},{"type":"Feature","properties":{"id":"river-lek","kind":"river","name":"Lek"},"geometry":{"type":"MultiLineString","coordinates":[]}},{"type":"Feature","properties":{"id":"river-gharraf-canal","kind":"river","name":"Gharraf Canal"},"geometry":{"type":"MultiLineString","coordinates":[]}},{"type":"Feature","properties":{"id":"river-malyy-yenisey","kind":"river","name":"Malyy Yenisey"},"geometry":{"type":"MultiLineString","coordinates":[]}},{"type":"Feature","properties":{"id":"river-verkhniy-yenisey","kind":"river","name":"Verkhniy Yenisey"},"geometry":{"type":"MultiLineString","coordinates":[]}},{"type":"Feature","properties":{"id":"river-verkhniy-yenisey","kind":"river","name":"Verkhniy Yenisey"},"geometry":{"type":"MultiLineString","coordinates":[]}},{"type":"Feature","properties":{"id":"river-nu","kind":"river","name":"Nu"},"geometry":{"type":"MultiLineString","coordinates":[]}},{"type":"Feature","properties":{"id":"river-hongshui","kind":"river","name":"Hongshui"},"geometry":{"type":"MultiLineString","coordinates":[]}},{"type":"Feature","properties":{"id":"river-quan","kind":"river","name":"Quan"},"geometry":{"type":"MultiLineString","coordinates":[]}},{"type":"Feature","properties":{"id":"river-xun","kind":"river","name":"Xun"},"geometry":{"type":"MultiLineString","coordinates":[]}},{"type":"Feature","properties":{"id":"river-bahr-el-jebel","kind":"river","name":"Bahr el Jebel"},"geometry":{"type":"MultiLineString","coordinates":[]}},{"type":"Feature","properties":{"id":"river-rhine","kind":"river","name":"Rhine"},"geometry":{"type":"MultiLineString","coordinates":[]}},{"type":"Feature","properties":{"id":"river-waal","kind":"river","name":"Waal"},"geometry":{"type":"MultiLineString","coordinates":[]}},{"type":"Feature","properties":{"id":"river-braco-menor","kind":"river","name":"Braco Menor"},"geometry":{"type":"MultiLineString","coordinates":[]}},{"type":"Feature","properties":{"id":"river-salween","kind":"river","name":"Salween"},"geometry":{"type":"MultiLineString","coordinates":[]}},{"type":"Feature","properties":{"id":"river-jinsha","kind":"river","name":"Jinsha"},"geometry":{"type":"MultiLineString","coordinates":[]}},{"type":"Feature","properties":{"id":"river-bahr-el-jebel","kind":"river","name":"Bahr el Jebel"},"geometry":{"type":"MultiLineString","coordinates":[]}},{"type":"Feature","properties":{"id":"river-el-bahr-el-abyad","kind":"river","name":"El Bahr el Abyad"},"geometry":{"type":"MultiLineString","coordinates":[]}},{"type":"Feature","properties":{"id":"river-chang-jiang","kind":"river","name":"Chang Jiang"},"geometry":{"type":"MultiLineString","coordinates":[]}},{"type":"Feature","properties":{"id":"river-rosetta-branch","kind":"river","name":"Rosetta Branch"},"geometry":{"type":"MultiLineString","coordinates":[]}},{"type":"Feature","properties":{"id":"river-yangtze","kind":"river","name":"Yangtze"},"geometry":{"type":"MultiLineString","coordinates":[]}},{"type":"Feature","properties":{"id":"river-damietta-branch","kind":"river","name":"Damietta Branch"},"geometry":{"type":"MultiLineString","coordinates":[]}},{"type":"Feature","properties":{"id":"river-bykovskaya-protoka","kind":"river","name":"Bykovskaya Protoka"},"geometry":{"type":"MultiLineString","coordinates":[]}},{"type":"Feature","properties":{"id":"river-olenekskaya-protoka","kind":"river","name":"Olenekskaya Protoka"},"geometry":{"type":"MultiLineString","coordinates":[]}},{"type":"Feature","properties":{"id":"river-st.-lawrence","kind":"river","name":"St. Lawrence"},"geometry":{"type":"MultiLineString","coordinates":[]}},{"type":"Feature","properties":{"id":"river-ob","kind":"river","name":"Ob"},"geometry":{"type":"MultiLineString","coordinates":[]}},{"type":"Feature","properties":{"id":"river-danube","kind":"river","name":"Danube"},"geometry":{"type":"MultiLineString","coordinates":[]}},{"type":"Feature","properties":{"id":"river-ideriyn","kind":"river","name":"Ideriyn"},"geometry":{"type":"MultiLineString","coordinates":[]}},{"type":"Feature","properties":{"id":"river-nelson","kind":"river","name":"Nelson"},"geometry":{"type":"MultiLineString","coordinates":[]}},{"type":"Feature","properties":{"id":"river-nelson","kind":"river","name":"Nelson"},"geometry":{"type":"MultiLineString","coordinates":[]}},{"type":"Feature","properties":{"id":"river-selenga","kind":"river","name":"Selenga"},"geometry":{"type":"MultiLineString","coordinates":[]}},{"type":"Feature","properties":{"id":"river-ertis","kind":"river","name":"Ertis"},"geometry":{"type":"MultiLineString","coordinates":[]}},{"type":"Feature","properties":{"id":"river-ertis","kind":"river","name":"Ertis"},"geometry":{"type":"MultiLineString","coordinates":[]}},{"type":"Feature","properties":{"id":"river-amazonas","kind":"river","name":"Amazonas"},"geometry":{"type":"MultiLineString","coordinates":[]}},{"type":"Feature","properties":{"id":"river-amazonas","kind":"river","name":"Amazonas"},"geometry":{"type":"MultiLineString","coordinates":[]}},{"type":"Feature","properties":{"id":"river-ertix","kind":"river","name":"Ertix"},"geometry":{"type":"MultiLineString","coordinates":[]}},{"type":"Feature","properties":{"id":"river-maquan","kind":"river","name":"Maquan"},"geometry":{"type":"MultiLineString","coordinates":[]}},{"type":"Feature","properties":{"id":"river-angara","kind":"river","name":"Angara"},"geometry":{"type":"MultiLineString","coordinates":[]}},{"type":"Feature","properties":{"id":"river-peace","kind":"river","name":"Peace"},"geometry":{"type":"MultiLineString","coordinates":[]}},{"type":"Feature","properties":{"id":"river-peace","kind":"river","name":"Peace"},"geometry":{"type":"MultiLineString","coordinates":[]}},{"type":"Feature","properties":{"id":"river-mackenzie","kind":"river","name":"Mackenzie"},"geometry":{"type":"MultiLineString","coordinates":[]}},{"type":"Feature","properties":{"id":"river-mackenzie","kind":"river","name":"Mackenzie"},"geometry":{"type":"MultiLineString","coordinates":[]}},{"type":"Feature","properties":{"id":"river-za","kind":"river","name":"Za"},"geometry":{"type":"MultiLineString","coordinates":[]}},{"type":"Feature","properties":{"id":"river-paraná","kind":"river","name":"Paraná"},"geometry":{"type":"MultiLineString","coordinates":[]}},{"type":"Feature","properties":{"id":"river-lualaba","kind":"river","name":"Lualaba"},"geometry":{"type":"MultiLineString","coordinates":[]}},{"type":"Feature","properties":{"id":"river-donau","kind":"river","name":"Donau"},"geometry":{"type":"MultiLineString","coordinates":[]}},{"type":"Feature","properties":{"id":"river-slave","kind":"river","name":"Slave"},"geometry":{"type":"MultiLineString","coordinates":[]}},{"type":"Feature","properties":{"id":"river-mississippi","kind":"river","name":"Mississippi"},"geometry":{"type":"MultiLineString","coordinates":[]}},{"type":"Feature","properties":{"id":"river-lancang","kind":"river","name":"Lancang"},"geometry":{"type":"MultiLineString","coordinates":[]}},{"type":"Feature","properties":{"id":"river-congo","kind":"river","name":"Congo"},"geometry":{"type":"MultiLineString","coordinates":[]}},{"type":"Feature","properties":{"id":"river-yarlung","kind":"river","name":"Yarlung"},"geometry":{"type":"MultiLineString","coordinates":[]}},{"type":"Feature","properties":{"id":"river-lualaba","kind":"river","name":"Lualaba"},"geometry":{"type":"MultiLineString","coordinates":[]}},{"type":"Feature","properties":{"id":"river-irtysh","kind":"river","name":"Irtysh"},"geometry":{"type":"MultiLineString","coordinates":[]}},{"type":"Feature","properties":{"id":"river-congo","kind":"river","name":"Congo"},"geometry":{"type":"MultiLineString","coordinates":[]}},{"type":"Feature","properties":{"id":"river-mekong","kind":"river","name":"Mekong"},"geometry":{"type":"MultiLineString","coordinates":[]}},{"type":"Feature","properties":{"id":"river-dihang","kind":"river","name":"Dihang"},"geometry":{"type":"MultiLineString","coordinates":[]}},{"type":"Feature","properties":{"id":"river-bratul-chillia","kind":"river","name":"Bratul Chillia"},"geometry":{"type":"MultiLineString","coordinates":[]}},{"type":"Feature","properties":{"id":"river-bratul-sfintu-gheorghe","kind":"river","name":"Bratul Sfintu Gheorghe"},"geometry":{"type":"MultiLineString","coordinates":[]}},{"type":"Feature","properties":{"id":"river-nile","kind":"river","name":"Nile"},"geometry":{"type":"MultiLineString","coordinates":[]}},{"type":"Feature","properties":{"id":"river-nile","kind":"river","name":"Nile"},"geometry":{"type":"MultiLineString","coordinates":[]}},{"type":"Feature","properties":{"id":"river-bratul-sulina","kind":"river","name":"Bratul Sulina"},"geometry":{"type":"MultiLineString","coordinates":[]}},{"type":"Feature","properties":{"id":"river-brahmaputra","kind":"river","name":"Brahmaputra"},"geometry":{"type":"MultiLineString","coordinates":[]}},{"type":"Feature","properties":{"id":"river-borcea","kind":"river","name":"Borcea"},"geometry":{"type":"MultiLineString","coordinates":[]}},{"type":"Feature","properties":{"id":"river-yukon","kind":"river","name":"Yukon"},"geometry":{"type":"MultiLineString","coordinates":[]}},{"type":"Feature","properties":{"id":"river-murray","kind":"river","name":"Murray"},"geometry":{"type":"MultiLineString","coordinates":[]}},{"type":"Feature","properties":{"id":"river-ganges","kind":"river","name":"Ganges"},"geometry":{"type":"MultiLineString","coordinates":[]}},{"type":"Feature","properties":{"id":"river-indus","kind":"river","name":"Indus"},"geometry":{"type":"MultiLineString","coordinates":[]}},{"type":"Feature","properties":{"id":"river-indus","kind":"river","name":"Indus"},"geometry":{"type":"MultiLineString","coordinates":[]}},{"type":"Feature","properties":{"id":"river-niger","kind":"river","name":"Niger"},"geometry":{"type":"LineString","coordinates":[[4.625743,9.864529],[4.620291,9.877143],[4.609874,9.892768],[4.589773,9.912177],[4.583507,9.940863],[4.593191,9.979438],[4.591319,10.007636],[4.581228,10.03323],[4.566417,10.058783],[4.545584,10.083808],[4.533865,10.105333],[4.529552,10.126736],[4.527599,10.141059],[4.533458,10.166612],[4.552013,10.204372],[4.555675,10.214626],[4.556895,10.220282],[4.557384,10.226426],[4.556895,10.232449],[4.555837,10.238064],[4.553966,10.242987],[4.502452,10.334662],[4.500743,10.33869],[4.499034,10.346218],[4.497325,10.363227],[4.49822,10.376003],[4.502615,10.399929],[4.513601,10.431423],[4.564138,10.525702],[4.569591,10.533026],[4.656668,10.609239]]}},{"type":"Feature","properties":{"id":"river-niger","kind":"river","name":"Niger"},"geometry":{"type":"MultiLineString","coordinates":[[[2.5,12.657854832057554],[2.508556,12.652655],[2.517345,12.648505],[2.523448,12.648993],[2.526866,12.646186],[2.527761,12.632148],[2.520925,12.613796],[2.507823,12.603339],[2.5,12.593944169414979]],[[2.5,12.581393595084846],[2.50172,12.570746],[2.508718,12.560736],[2.527599,12.545437],[2.535167,12.537218],[2.548025,12.506293],[2.555675,12.495632],[2.564464,12.516913],[2.577322,12.540147],[2.593191,12.561632],[2.611013,12.577582],[2.61614,12.574652],[2.619558,12.571723],[2.622,12.568427],[2.623953,12.564521],[2.628103,12.552598],[2.628103,12.52558],[2.631358,12.515489],[2.671804,12.515489],[2.672537,12.513129],[2.677745,12.510321],[2.683849,12.511013],[2.686697,12.519232],[2.687999,12.52497],[2.691173,12.532253],[2.695486,12.539008],[2.699718,12.543402],[2.709402,12.54621],[2.718272,12.542914],[2.725027,12.5338],[2.72755,12.519232],[2.727957,12.493964],[2.731619,12.465847],[2.742442,12.442979],[2.764822,12.433539],[2.786306,12.429145],[2.822032,12.40766],[2.843679,12.399441],[2.891612,12.357286],[2.91212,12.346503],[2.922048,12.335801],[2.929942,12.323432],[2.93629,12.301052],[2.944509,12.292589],[2.955496,12.286973],[2.967214,12.282742],[3.000499,12.279079],[3.0088,12.276475],[3.012462,12.271267],[3.022227,12.252631],[3.062755,12.193956],[3.234793,12.03974],[3.237804,12.034369],[3.251475,12.024278],[3.254649,12.018907],[3.257009,11.997585],[3.262136,11.97488],[3.269298,11.956651],[3.292247,11.918891],[3.306407,11.902533],[3.314952,11.894721],[3.327159,11.886542],[3.341075,11.883083],[3.354503,11.889228],[3.368663,11.897488],[3.3803,11.895209],[3.391043,11.888983],[3.402354,11.885443],[3.447032,11.858181],[3.483653,11.845323],[3.494802,11.837714],[3.50294,11.830146],[3.536388,11.783067],[3.543142,11.777289],[3.548595,11.773953],[3.553233,11.769843],[3.556895,11.76199],[3.562022,11.746161],[3.565603,11.738552],[3.567556,11.729763],[3.571218,11.721991],[3.5796,11.717475],[3.588796,11.701687],[3.617442,11.680772],[3.627615,11.666938],[3.631277,11.65001],[3.634451,11.643256],[3.642507,11.636664],[3.712413,11.600043],[3.72755,11.595486],[3.837413,11.575873],[3.851329,11.569892],[3.857432,11.565294],[3.90919,11.512152],[3.918468,11.508572],[3.933279,11.50727],[3.948009,11.508409],[3.957205,11.512152],[3.96461,11.513617],[3.973562,11.508124],[3.98821,11.494452],[4.048839,11.464464],[4.067068,11.460313],[4.079275,11.455349],[4.090994,11.443549],[4.110362,11.41946],[4.115489,11.414618],[4.116954,11.412462],[4.122,11.400214],[4.124278,11.374579],[4.129568,11.372016],[4.144054,11.361111],[4.177175,11.345038],[4.186046,11.338935],[4.193614,11.331407],[4.200125,11.322211],[4.214041,11.291612],[4.221446,11.282538],[4.247488,11.260321],[4.255056,11.251736],[4.279226,11.212958],[4.294607,11.196601],[4.314952,11.189154],[4.368582,11.189724],[4.424246,11.182237],[4.448171,11.176093],[4.471609,11.167304],[4.513357,11.142686],[4.514334,11.138617],[4.573904,11.100206],[4.586355,11.088446],[4.595714,11.075466],[4.626231,11.013943],[4.656016,10.967963],[4.668875,10.956488],[4.700613,10.938178],[4.721446,10.913601],[4.723888,10.879503],[4.690603,10.700995],[4.690929,10.663194],[4.689138,10.64586],[4.681326,10.632432],[4.656179,10.607204]],[[4.625743,9.864529],[4.65032,9.718695],[4.647634,9.709906],[4.628103,9.704413],[4.622813,9.699246],[4.619802,9.691677],[4.615652,9.666449],[4.597423,9.627224],[4.572439,9.585639],[4.56837,9.553656],[4.57366,9.521796],[4.608816,9.444403],[4.616222,9.415107],[4.618907,9.377265],[4.617686,9.358018],[4.618826,9.358222],[4.619802,9.358669],[4.620535,9.359239],[4.621104,9.360134],[4.621511,9.341376],[4.625011,9.324774],[4.633474,9.310736],[4.648692,9.299831],[4.664561,9.293728],[4.71461,9.285427],[4.742605,9.27497],[4.754812,9.254584],[4.756033,9.227851],[4.750662,9.198513],[4.752452,9.168321],[4.770763,9.148749],[4.798595,9.139919],[4.829356,9.141954],[4.869802,9.154079],[4.914317,9.179145],[4.979177,9.199774],[4.992849,9.199774],[5.00587,9.196601],[5.030772,9.185248],[5.032156,9.179877],[5.049734,9.171658],[5.083181,9.148749],[5.135671,9.124132],[5.150157,9.113349],[5.167166,9.09101],[5.184337,9.073188],[5.18922,9.06269],[5.189871,9.052354],[5.18922,9.041693],[5.190196,9.0303],[5.197439,9.01671],[5.209483,9.008368],[5.224376,9.003852],[5.319509,8.988349],[5.386485,8.992377],[5.401052,8.989529],[5.413097,8.983344],[5.423595,8.975124],[5.442068,8.95657],[5.453868,8.947048],[5.466238,8.94123],[5.479666,8.938341],[5.510265,8.936713],[5.524425,8.934149],[5.538015,8.92947],[5.55128,8.921942],[5.557302,8.917019],[5.570242,8.900214],[5.591563,8.882148],[5.600597,8.87226],[5.608409,8.861843],[5.617849,8.844346],[5.621349,8.839219],[5.634288,8.829047],[5.650076,8.823839],[5.707937,8.822292],[5.715587,8.821072],[5.737559,8.812608],[5.746023,8.811225],[5.7588,8.790107],[5.773692,8.77086],[5.78419,8.752387],[5.790538,8.745795],[5.802419,8.741807],[5.855642,8.742621],[5.899669,8.735867],[5.914561,8.73546],[5.926524,8.738064],[5.958181,8.752875],[5.982677,8.757595],[6.092459,8.758612],[6.107921,8.756212],[6.122732,8.750556],[6.153005,8.721991],[6.160655,8.719346],[6.259939,8.738389],[6.277354,8.736762],[6.284597,8.730658],[6.321707,8.705675],[6.341726,8.702582],[6.357677,8.693956],[6.370535,8.680976],[6.395274,8.639675],[6.396007,8.621405],[6.397878,8.613308],[6.413341,8.582058],[6.415782,8.574042],[6.421316,8.572821],[6.424978,8.564276],[6.427175,8.555609],[6.429698,8.526231],[6.442638,8.478135],[6.465343,8.431749],[6.473399,8.427761],[6.572276,8.353624],[6.583914,8.340277],[6.622976,8.27794],[6.660655,8.238064],[6.672862,8.231879],[6.674001,8.226508],[6.688487,8.213568],[6.704112,8.177558],[6.714529,8.160834],[6.740489,8.129665],[6.762706,8.095486],[6.770681,8.078721],[6.776296,8.062812],[6.798106,7.936632],[6.796804,7.919989],[6.792166,7.903591],[6.773204,7.865505],[6.770518,7.857611],[6.757986,7.770331],[6.748953,7.740424],[6.74822,7.733995],[6.748953,7.726833],[6.754812,7.710639],[6.756765,7.702663],[6.75587,7.693386],[6.75115,7.683173],[6.729421,7.656684],[6.725027,7.648139],[6.712332,7.605536],[6.709727,7.591661],[6.70989,7.577948],[6.716238,7.54324],[6.707286,7.394151],[6.709727,7.372992],[6.70989,7.362006],[6.696462,7.239325],[6.697195,7.220404],[6.699392,7.211941],[6.715343,7.177517],[6.718028,7.168402],[6.719412,7.148993],[6.715343,7.130439],[6.703136,7.093777],[6.698416,7.042019],[6.689708,7.0185],[6.688894,7.008165],[6.689382,6.964138],[6.687429,6.955186],[6.661306,6.899604],[6.650401,6.860622],[6.649181,6.843858],[6.65504,6.791327],[6.650645,6.663275],[6.654714,6.620795],[6.674815,6.564276],[6.676768,6.549262],[6.676687,6.503485],[6.680919,6.474066],[6.690603,6.440375],[6.708751,6.376166],[6.715017,6.321112],[6.732839,6.272284],[6.736746,6.233344],[6.740896,6.21955],[6.753917,6.194403],[6.759044,6.181098],[6.760916,6.167182],[6.757742,6.122911],[6.753835,6.109646],[6.746837,6.10163],[6.736583,6.096625],[6.723399,6.091864],[6.703787,6.075995],[6.699392,6.053494],[6.703298,6.001003],[6.689952,5.950059],[6.688975,5.941107],[6.69044,5.923692],[6.688975,5.914374],[6.685313,5.905829],[6.645437,5.852729],[6.625987,5.818549],[6.61614,5.792792],[6.609386,5.765896],[6.605724,5.723212],[6.579845,5.607774],[6.559825,5.561794],[6.556326,5.541327],[6.551931,5.513861],[6.546886,5.501003],[6.53948,5.489569],[6.519786,5.468817],[6.514415,5.465033],[6.496104,5.458075],[6.490408,5.453559],[6.480724,5.442694],[6.47462,5.438585],[6.476085,5.43655],[6.493093,5.393093],[6.495372,5.371365],[6.479177,5.362087],[6.34962,5.342719],[6.333263,5.337185],[6.314952,5.323554],[6.305837,5.314805],[6.298106,5.305732],[6.292979,5.295478],[6.291026,5.283515],[6.290701,5.269355],[6.288585,5.263739],[6.270518,5.258979],[6.228282,5.259345],[6.209483,5.252712],[6.201671,5.228583],[6.203787,5.217353],[6.213145,5.202745],[6.215261,5.193874],[6.210378,5.183702],[6.19866,5.177761],[6.174327,5.170233],[6.16627,5.163886],[6.160818,5.157497],[6.153575,5.152167],[6.14031,5.149115],[6.128429,5.150824],[6.115896,5.154608],[6.104259,5.156684],[6.09547,5.152859],[6.066824,5.113471],[6.050222,5.104682],[6.023448,5.108222],[6.002859,5.11697],[5.981863,5.12934],[5.915538,5.187771],[5.901622,5.191759],[5.843028,5.186957],[5.82545,5.192206],[5.818126,5.20779],[5.809255,5.205878],[5.749766,5.170233],[5.735037,5.180243],[5.725841,5.184434],[5.721853,5.180203],[5.718679,5.164984],[5.710704,5.163153],[5.691417,5.170233],[5.653087,5.164984],[5.619395,5.156602],[5.611746,5.152208],[5.602306,5.143866],[5.594981,5.142361],[5.586681,5.146674],[5.58074,5.16588],[5.574718,5.170233],[5.566661,5.167426],[5.536876,5.149115],[5.525645,5.147406],[5.506114,5.14704],[5.49586,5.142361]],[[6.564708,5.540147],[6.580089,5.527859],[6.595632,5.518378],[6.607677,5.505154],[6.612559,5.481513],[6.604747,5.417833],[6.605724,5.395575],[6.612559,5.3546],[6.614431,5.350124],[6.617605,5.345974],[6.620128,5.341091],[6.620046,5.334093],[6.616954,5.328681],[6.607595,5.320258],[6.605724,5.317003],[6.601329,5.31391],[6.582693,5.309638],[6.57838,5.303738],[6.575694,5.292833],[6.569591,5.282294],[6.536143,5.240749],[6.511729,5.222602],[6.490001,5.202338],[6.476085,5.170233],[6.470632,5.124945],[6.462413,5.103583],[6.444591,5.09455],[6.43865,5.085639],[6.43214,5.064399],[6.427664,5.039333],[6.427501,5.018826],[6.430186,5.007758],[6.434255,4.996934],[6.440115,4.986884],[6.448009,4.977851],[6.457693,4.990505],[6.469168,4.989081],[6.482188,4.982042],[6.496511,4.977851],[6.511648,4.982245],[6.522227,4.988715],[6.528575,4.98725],[6.530528,4.967882],[6.535899,4.960395],[6.547618,4.958116],[6.5595,4.953925],[6.568777,4.931464],[6.586925,4.906684],[6.592052,4.89586],[6.591726,4.884223],[6.585867,4.859483],[6.585867,4.84748],[6.602957,4.807074],[6.61199,4.769558],[6.628347,4.748481],[6.650564,4.738471],[6.674571,4.745063],[6.687755,4.727891],[6.702566,4.684841],[6.712169,4.676215],[6.718028,4.667751],[6.724294,4.648017],[6.72877,4.625271],[6.736095,4.607937]],[[6.502696,5.381903],[6.501475,5.356757],[6.485362,5.351264],[6.463308,5.351752],[6.444591,5.344672],[6.434988,5.330634],[6.417735,5.298367],[6.407725,5.286933],[6.390554,5.281195],[6.372244,5.279649],[6.357677,5.273993],[6.351817,5.255642],[6.349864,5.243842],[6.344981,5.233181],[6.33782,5.223578],[6.328868,5.214667],[6.3213,5.203152],[6.326101,5.196479],[6.345632,5.190131],[6.355886,5.190701],[6.364187,5.195909],[6.370128,5.196601],[6.372976,5.183295],[6.370046,5.172797],[6.362071,5.162624],[6.352061,5.156928],[6.342214,5.16002],[6.330007,5.1612],[6.3178,5.112657],[6.304698,5.09455],[6.281749,5.092393],[6.264415,5.097968],[6.253347,5.095771],[6.24822,5.048407],[6.249197,5.037055],[6.253184,5.029364],[6.263438,5.027696],[6.274425,5.031317],[6.282481,5.031317],[6.28419,5.018826],[6.280447,5.013007],[6.273692,5.012966],[6.266856,5.014268],[6.263113,5.012641],[6.260997,5.004096],[6.261404,5.000841],[6.262625,4.998236],[6.263113,4.991523],[6.269949,4.970282],[6.269949,4.956651],[6.26002,4.950507],[6.257009,4.949774]],[[6.256847,4.950507],[6.257009,4.949774]],[[6.257009,4.949774],[6.261485,4.935126],[6.273611,4.911566],[6.277354,4.89586],[6.276541,4.890815],[6.271739,4.879991],[6.270518,4.87169],[6.270518,4.844102],[6.266287,4.828437],[6.246837,4.797227],[6.242605,4.78266],[6.245046,4.764472],[6.255382,4.73253],[6.256847,4.7178],[6.251882,4.70128],[6.234386,4.681667],[6.228933,4.669989],[6.229503,4.654364],[6.240001,4.620673],[6.242605,4.604519],[6.247569,4.592841],[6.256765,4.579861],[6.261485,4.565497],[6.247244,4.539415],[6.236339,4.498074]],[[6.257009,4.949774],[6.245372,4.946845],[6.239431,4.938422],[6.234386,4.929267],[6.222667,4.923204],[6.22169,4.929877],[6.216563,4.940375],[6.211111,4.941433],[6.202891,4.885932],[6.188487,4.880561],[6.168712,4.883816],[6.146983,4.875434],[6.144542,4.870795],[6.142996,4.859076],[6.14031,4.854315],[6.135753,4.851142],[6.130544,4.849066],[6.124034,4.847927],[6.115977,4.84748],[6.108653,4.842108],[6.084972,4.806505],[6.090099,4.799994],[6.098562,4.779242],[6.088145,4.779649],[6.081065,4.77794],[6.075938,4.773505],[6.0713,4.76557],[6.090343,4.755683],[6.095876,4.734402],[6.092459,4.686713],[6.094168,4.655097],[6.092459,4.642646],[6.087413,4.633897],[6.081554,4.626899],[6.081065,4.619167],[6.092459,4.607937],[6.084158,4.598171],[6.077403,4.583564],[6.073009,4.568386],[6.0713,4.556708],[6.067882,4.545762],[6.051931,4.517442],[6.04713,4.511746],[6.039806,4.50495],[6.044688,4.490302],[6.053233,4.476264],[6.057628,4.471381],[6.0595,4.456122],[6.058279,4.443793],[6.055431,4.419867]]]}},{"type":"Feature","properties":{"id":"river-victoria-nile","kind":"river","name":"Victoria Nile"},"geometry":{"type":"MultiLineString","coordinates":[]}},{"type":"Feature","properties":{"id":"river-victoria-nile","kind":"river","name":"Victoria Nile"},"geometry":{"type":"MultiLineString","coordinates":[]}},{"type":"Feature","properties":{"id":"river-ubangi","kind":"river","name":"Ubangi"},"geometry":{"type":"MultiLineString","coordinates":[]}},{"type":"Feature","properties":{"id":"river-teslin","kind":"river","name":"Teslin"},"geometry":{"type":"MultiLineString","coordinates":[]}},{"type":"Feature","properties":{"id":"river-teslin","kind":"river","name":"Teslin"},"geometry":{"type":"MultiLineString","coordinates":[]}},{"type":"Feature","properties":{"id":"river-euphrates","kind":"river","name":"Euphrates"},"geometry":{"type":"MultiLineString","coordinates":[]}},{"type":"Feature","properties":{"id":"river-shiquan","kind":"river","name":"Shiquan"},"geometry":{"type":"MultiLineString","coordinates":[]}},{"type":"Feature","properties":{"id":"river-columbia","kind":"river","name":"Columbia"},"geometry":{"type":"MultiLineString","coordinates":[]}},{"type":"Feature","properties":{"id":"river-columbia","kind":"river","name":"Columbia"},"geometry":{"type":"MultiLineString","coordinates":[]}},{"type":"Feature","properties":{"id":"river-firat","kind":"river","name":"Firat"},"geometry":{"type":"MultiLineString","coordinates":[]}},{"type":"Feature","properties":{"id":"river-firat","kind":"river","name":"Firat"},"geometry":{"type":"MultiLineString","coordinates":[]}},{"type":"Feature","properties":{"id":"river-huang","kind":"river","name":"Huang"},"geometry":{"type":"MultiLineString","coordinates":[]}},{"type":"Feature","properties":{"id":"river-huang","kind":"river","name":"Huang"},"geometry":{"type":"MultiLineString","coordinates":[]}},{"type":"Feature","properties":{"id":"river-abay","kind":"river","name":"Abay"},"geometry":{"type":"MultiLineString","coordinates":[]}},{"type":"Feature","properties":{"id":"river-abay","kind":"river","name":"Abay"},"geometry":{"type":"MultiLineString","coordinates":[]}},{"type":"Feature","properties":{"id":"river-volga","kind":"river","name":"Volga"},"geometry":{"type":"MultiLineString","coordinates":[]}},{"type":"Feature","properties":{"id":"river-volga","kind":"river","name":"Volga"},"geometry":{"type":"MultiLineString","coordinates":[]}},{"type":"Feature","properties":{"id":"river-al-furat","kind":"river","name":"Al Furat"},"geometry":{"type":"MultiLineString","coordinates":[]}},{"type":"Feature","properties":{"id":"river-al-furat","kind":"river","name":"Al Furat"},"geometry":{"type":"MultiLineString","coordinates":[]}},{"type":"Feature","properties":{"id":"river-kagera","kind":"river","name":"Kagera"},"geometry":{"type":"MultiLineString","coordinates":[]}},{"type":"Feature","properties":{"id":"river-zambezi","kind":"river","name":"Zambezi"},"geometry":{"type":"MultiLineString","coordinates":[]}},{"type":"Feature","properties":{"id":"river-zambezi","kind":"river","name":"Zambezi"},"geometry":{"type":"MultiLineString","coordinates":[]}},{"type":"Feature","properties":{"id":"river-shire","kind":"river","name":"Shire"},"geometry":{"type":"MultiLineString","coordinates":[]}},{"type":"Feature","properties":{"id":"river-shire","kind":"river","name":"Shire"},"geometry":{"type":"MultiLineString","coordinates":[]}},{"type":"Feature","properties":{"id":"river-amur","kind":"river","name":"Amur"},"geometry":{"type":"MultiLineString","coordinates":[]}},{"type":"Feature","properties":{"id":"river-amur","kind":"river","name":"Amur"},"geometry":{"type":"MultiLineString","coordinates":[]}},{"type":"Feature","properties":{"id":"river-el-bahr-el-azraq","kind":"river","name":"El Bahr el Azraq"},"geometry":{"type":"MultiLineString","coordinates":[]}},{"type":"Feature","properties":{"id":"river-el-bahr-el-azraq","kind":"river","name":"El Bahr el Azraq"},"geometry":{"type":"MultiLineString","coordinates":[]}},{"type":"Feature","properties":{"id":"river-hailar","kind":"river","name":"Hailar"},"geometry":{"type":"MultiLineString","coordinates":[]}},{"type":"Feature","properties":{"id":"river-orinoco","kind":"river","name":"Orinoco"},"geometry":{"type":"MultiLineString","coordinates":[]}},{"type":"Feature","properties":{"id":"river-weir","kind":"river","name":"Weir"},"geometry":{"type":"MultiLineString","coordinates":[]}},{"type":"Feature","properties":{"id":"river-grande","kind":"river","name":"Grande"},"geometry":{"type":"MultiLineString","coordinates":[]}},{"type":"Feature","properties":{"id":"river-negro","kind":"river","name":"Negro"},"geometry":{"type":"MultiLineString","coordinates":[]}},{"type":"Feature","properties":{"id":"river-kibali","kind":"river","name":"Kibali"},"geometry":{"type":"MultiLineString","coordinates":[]}},{"type":"Feature","properties":{"id":"river-madison","kind":"river","name":"Madison"},"geometry":{"type":"MultiLineString","coordinates":[]}},{"type":"Feature","properties":{"id":"river-madison","kind":"river","name":"Madison"},"geometry":{"type":"MultiLineString","coordinates":[]}},{"type":"Feature","properties":{"id":"river-allegheny","kind":"river","name":"Allegheny"},"geometry":{"type":"MultiLineString","coordinates":[]}},{"type":"Feature","properties":{"id":"river-kasai","kind":"river","name":"Kasai"},"geometry":{"type":"MultiLineString","coordinates":[]}},{"type":"Feature","properties":{"id":"river-barwon","kind":"river","name":"Barwon"},"geometry":{"type":"MultiLineString","coordinates":[]}},{"type":"Feature","properties":{"id":"river-uele","kind":"river","name":"Uele"},"geometry":{"type":"MultiLineString","coordinates":[]}},{"type":"Feature","properties":{"id":"river-argun’","kind":"river","name":"Argun’"},"geometry":{"type":"MultiLineString","coordinates":[]}},{"type":"Feature","properties":{"id":"river-abay","kind":"river","name":"Abay"},"geometry":{"type":"MultiLineString","coordinates":[]}},{"type":"Feature","properties":{"id":"river-darling","kind":"river","name":"Darling"},"geometry":{"type":"MultiLineString","coordinates":[]}},{"type":"Feature","properties":{"id":"river-mamoré","kind":"river","name":"Mamoré"},"geometry":{"type":"MultiLineString","coordinates":[]}},{"type":"Feature","properties":{"id":"river-niagara","kind":"river","name":"Niagara"},"geometry":{"type":"MultiLineString","coordinates":[]}},{"type":"Feature","properties":{"id":"river-st.-clair","kind":"river","name":"St. Clair"},"geometry":{"type":"MultiLineString","coordinates":[]}},{"type":"Feature","properties":{"id":"river-missouri","kind":"river","name":"Missouri"},"geometry":{"type":"MultiLineString","coordinates":[]}},{"type":"Feature","properties":{"id":"river-missouri","kind":"river","name":"Missouri"},"geometry":{"type":"MultiLineString","coordinates":[]}},{"type":"Feature","properties":{"id":"river-guaporé","kind":"river","name":"Guaporé"},"geometry":{"type":"MultiLineString","coordinates":[]}},{"type":"Feature","properties":{"id":"river-madeira","kind":"river","name":"Madeira"},"geometry":{"type":"MultiLineString","coordinates":[]}},{"type":"Feature","properties":{"id":"river-ohio","kind":"river","name":"Ohio"},"geometry":{"type":"MultiLineString","coordinates":[]}},{"type":"Feature","properties":{"id":"river-heilong-jiang","kind":"river","name":"Heilong Jiang"},"geometry":{"type":"MultiLineString","coordinates":[]}},{"type":"Feature","properties":{"id":"river-shatt-al-arab","kind":"river","name":"Shatt al Arab"},"geometry":{"type":"MultiLineString","coordinates":[]}},{"type":"Feature","properties":{"id":"river-huang","kind":"river","name":"Huang"},"geometry":{"type":"MultiLineString","coordinates":[]}},{"type":"Feature","properties":{"id":"river-xi","kind":"river","name":"Xi"},"geometry":{"type":"MultiLineString","coordinates":[]}},{"type":"Feature","properties":{"id":"river-murray","kind":"river","name":"Murray"},"geometry":{"type":"MultiLineString","coordinates":[]}},{"type":"Feature","properties":{"id":"river-murray","kind":"river","name":"Murray"},"geometry":{"type":"MultiLineString","coordinates":[]}},{"type":"Feature","properties":{"id":"river-orange","kind":"river","name":"Orange"},"geometry":{"type":"MultiLineString","coordinates":[]}},{"type":"Feature","properties":{"id":"river-paraná","kind":"river","name":"Paraná"},"geometry":{"type":"MultiLineString","coordinates":[]}},{"type":"Feature","properties":{"id":"river-paraná","kind":"river","name":"Paraná"},"geometry":{"type":"MultiLineString","coordinates":[]}},{"type":"Feature","properties":{"id":"river-albert-nile","kind":"river","name":"Albert Nile"},"geometry":{"type":"MultiLineString","coordinates":[]}},{"type":"Feature","properties":{"id":"river-albert-nile","kind":"river","name":"Albert Nile"},"geometry":{"type":"MultiLineString","coordinates":[]}},{"type":"Feature","properties":{"id":"river-tongariro","kind":"river","name":"Tongariro"},"geometry":{"type":"MultiLineString","coordinates":[]}},{"type":"Feature","properties":{"id":"creek-irrawaddy-delta","kind":"creek","name":"Irrawaddy Delta"},"geometry":{"type":"MultiLineString","coordinates":[]}},{"type":"Feature","properties":{"id":"creek-araguaia","kind":"creek","name":"Araguaia"},"geometry":{"type":"MultiLineString","coordinates":[]}},{"type":"Feature","properties":{"id":"creek-vaal","kind":"creek","name":"Vaal"},"geometry":{"type":"MultiLineString","coordinates":[]}},{"type":"Feature","properties":{"id":"creek-vaal","kind":"creek","name":"Vaal"},"geometry":{"type":"MultiLineString","coordinates":[]}},{"type":"Feature","properties":{"id":"creek-aldan","kind":"creek","name":"Aldan"},"geometry":{"type":"MultiLineString","coordinates":[]}},{"type":"Feature","properties":{"id":"creek-snake","kind":"creek","name":"Snake"},"geometry":{"type":"MultiLineString","coordinates":[]}},{"type":"Feature","properties":{"id":"creek-columbia","kind":"creek","name":"Columbia"},"geometry":{"type":"MultiLineString","coordinates":[]}},{"type":"Feature","properties":{"id":"creek-são-francisco","kind":"creek","name":"São  Francisco"},"geometry":{"type":"MultiLineString","coordinates":[]}},{"type":"Feature","properties":{"id":"creek-são-francisco","kind":"creek","name":"São  Francisco"},"geometry":{"type":"MultiLineString","coordinates":[]}},{"type":"Feature","properties":{"id":"creek-rhein","kind":"creek","name":"Rhein"},"geometry":{"type":"MultiLineString","coordinates":[]}},{"type":"Feature","properties":{"id":"creek-rhein","kind":"creek","name":"Rhein"},"geometry":{"type":"MultiLineString","coordinates":[]}},{"type":"Feature","properties":{"id":"creek-sukhona","kind":"creek","name":"Sukhona"},"geometry":{"type":"MultiLineString","coordinates":[]}},{"type":"Feature","properties":{"id":"creek-sukhona","kind":"creek","name":"Sukhona"},"geometry":{"type":"MultiLineString","coordinates":[]}},{"type":"Feature","properties":{"id":"creek-shishhid-gol","kind":"creek","name":"Shishhid Gol"},"geometry":{"type":"MultiLineString","coordinates":[]}},{"type":"Feature","properties":{"id":"creek-shishhid-gol","kind":"creek","name":"Shishhid Gol"},"geometry":{"type":"MultiLineString","coordinates":[]}},{"type":"Feature","properties":{"id":"creek-paranaíba","kind":"creek","name":"Paranaíba"},"geometry":{"type":"MultiLineString","coordinates":[]}},{"type":"Feature","properties":{"id":"creek-paranaíba","kind":"creek","name":"Paranaíba"},"geometry":{"type":"MultiLineString","coordinates":[]}},{"type":"Feature","properties":{"id":"creek-la-grande","kind":"creek","name":"La Grande"},"geometry":{"type":"MultiLineString","coordinates":[]}},{"type":"Feature","properties":{"id":"creek-la-grande","kind":"creek","name":"La Grande"},"geometry":{"type":"MultiLineString","coordinates":[]}},{"type":"Feature","properties":{"id":"creek-ucayali","kind":"creek","name":"Ucayali"},"geometry":{"type":"MultiLineString","coordinates":[]}},{"type":"Feature","properties":{"id":"creek-rio-grande","kind":"creek","name":"Rio Grande"},"geometry":{"type":"MultiLineString","coordinates":[]}},{"type":"Feature","properties":{"id":"creek-rio-grande","kind":"creek","name":"Rio Grande"},"geometry":{"type":"MultiLineString","coordinates":[]}},{"type":"Feature","properties":{"id":"creek-ural","kind":"creek","name":"Ural"},"geometry":{"type":"MultiLineString","coordinates":[]}},{"type":"Feature","properties":{"id":"creek-ural","kind":"creek","name":"Ural"},"geometry":{"type":"MultiLineString","coordinates":[]}},{"type":"Feature","properties":{"id":"creek-saskatchewan","kind":"creek","name":"Saskatchewan"},"geometry":{"type":"MultiLineString","coordinates":[]}},{"type":"Feature","properties":{"id":"creek-saskatchewan","kind":"creek","name":"Saskatchewan"},"geometry":{"type":"MultiLineString","coordinates":[]}},{"type":"Feature","properties":{"id":"creek-yenisey","kind":"creek","name":"Yenisey"},"geometry":{"type":"MultiLineString","coordinates":[]}},{"type":"Feature","properties":{"id":"creek-ijssel","kind":"creek","name":"IJssel"},"geometry":{"type":"MultiLineString","coordinates":[]}},{"type":"Feature","properties":{"id":"creek-ob","kind":"creek","name":"Ob"},"geometry":{"type":"MultiLineString","coordinates":[]}},{"type":"Feature","properties":{"id":"creek-ob","kind":"creek","name":"Ob"},"geometry":{"type":"MultiLineString","coordinates":[]}},{"type":"Feature","properties":{"id":"creek-tocantins","kind":"creek","name":"Tocantins"},"geometry":{"type":"MultiLineString","coordinates":[]}},{"type":"Feature","properties":{"id":"creek-tocantins","kind":"creek","name":"Tocantins"},"geometry":{"type":"MultiLineString","coordinates":[]}},{"type":"Feature","properties":{"id":"creek-dnipro","kind":"creek","name":"Dnipro"},"geometry":{"type":"MultiLineString","coordinates":[]}},{"type":"Feature","properties":{"id":"creek-dnipro","kind":"creek","name":"Dnipro"},"geometry":{"type":"MultiLineString","coordinates":[]}},{"type":"Feature","properties":{"id":"creek-north-saskatchewan","kind":"creek","name":"North Saskatchewan"},"geometry":{"type":"MultiLineString","coordinates":[]}},{"type":"Feature","properties":{"id":"creek-bafing","kind":"creek","name":"Bafing"},"geometry":{"type":"MultiLineString","coordinates":[]}},{"type":"Feature","properties":{"id":"creek-bénoué","kind":"creek","name":"Bénoué"},"geometry":{"type":"LineString","coordinates":[[13.524181,7.777452],[13.537852,7.786444],[13.569591,7.800157],[13.578868,7.808173],[13.588552,7.822089],[13.601329,7.833319],[13.615977,7.842231],[13.630626,7.849189],[13.699392,7.864569],[13.723318,7.880194],[13.732432,7.918036],[13.723643,7.949652],[13.706228,7.98074],[13.693289,8.013048],[13.698253,8.048407],[13.708669,8.062038],[13.721853,8.069688],[13.75294,8.082546],[13.777843,8.100531],[13.801443,8.123155],[13.811697,8.13113],[13.823497,8.135688],[13.836436,8.137803],[13.850027,8.138495],[13.890554,8.141384],[13.909109,8.14879],[13.924815,8.164496],[13.932628,8.179307],[13.944102,8.211249],[13.952159,8.225898],[13.987478,8.261094],[13.996511,8.274359],[13.99879,8.291368],[13.988699,8.32746],[13.989675,8.342882],[14.005056,8.369167],[14.007579,8.379096],[14.006847,8.397244],[14.000499,8.426378],[13.988455,8.457872],[13.97283,8.487413],[13.955577,8.51081],[13.921153,8.521593],[13.906668,8.532823],[13.914317,8.551785],[13.952159,8.602647],[13.953543,8.610704],[13.951182,8.629218],[13.952159,8.637478],[13.956554,8.645331],[13.972667,8.66474],[13.982677,8.681749],[13.986501,8.691596],[13.986257,8.722764],[13.984386,8.731391],[13.980968,8.740058],[13.979503,8.748562],[13.983165,8.756903],[13.988292,8.762966],[13.991384,8.76789],[13.992849,8.773546],[13.993093,8.78144],[13.986257,8.790961],[13.938487,8.815538],[13.892507,8.856472],[13.871593,8.882676],[13.862804,8.908026],[13.845958,8.931179],[13.807628,8.942939],[13.76588,8.950222],[13.739268,8.95954],[13.729503,8.973985],[13.727306,8.988715],[13.727794,9.004177],[13.726248,9.021023],[13.719412,9.037787],[13.701834,9.068183],[13.698253,9.086493],[13.68922,9.110785],[13.667898,9.136664],[13.62322,9.179267],[13.575125,9.213935],[13.568614,9.226752],[13.566173,9.24494],[13.559255,9.264268],[13.548513,9.281806],[13.534434,9.302191],[13.506847,9.339179],[13.472179,9.32807],[13.386241,9.242743],[13.379893,9.239529],[13.353282,9.240587],[13.340587,9.238959],[13.326182,9.221503],[13.304698,9.214423],[13.259532,9.206],[13.251475,9.210028],[13.24464,9.212592],[13.239024,9.213446],[13.23406,9.211005],[13.225108,9.202216],[13.219168,9.199774],[13.205577,9.201199],[13.178722,9.211371],[13.170665,9.213446],[13.161388,9.208319],[13.145681,9.189887],[13.136648,9.185492],[13.121755,9.188178],[13.115164,9.196357],[13.111583,9.206895],[13.105886,9.216824],[13.096934,9.223456],[13.077322,9.234565],[13.071707,9.240098],[13.063894,9.258246],[13.057791,9.264838],[13.047537,9.267401],[13.027273,9.276435],[13.009451,9.29328],[12.99171,9.302436],[12.972097,9.28852],[12.967703,9.301825],[12.968272,9.30744],[12.972097,9.315863],[12.926931,9.334744],[12.886729,9.351508],[12.85255,9.356798],[12.842947,9.36225],[12.817882,9.386094],[12.800792,9.391547],[12.785411,9.388495],[12.751394,9.371894],[12.687918,9.326361],[12.681814,9.31863],[12.672862,9.303494],[12.663585,9.294745],[12.656668,9.292019],[12.64088,9.290147],[12.632823,9.285102],[12.607921,9.265204],[12.575613,9.247138],[12.541759,9.236762],[12.512706,9.239529],[12.500906,9.247911],[12.478689,9.281684],[12.386485,9.367377],[12.380626,9.37462],[12.377452,9.380968],[12.376475,9.38821],[12.376231,9.398057],[12.374441,9.409491],[12.36964,9.414374],[12.362722,9.418036],[12.355154,9.425727],[12.312918,9.485622],[12.284923,9.51085],[12.252126,9.521308],[12.196218,9.529242],[12.177257,9.524685],[12.055186,9.470811],[12.024669,9.469021],[11.995779,9.48371],[11.980968,9.489325],[11.941335,9.487576],[11.924083,9.490546]]}},{"type":"Feature","properties":{"id":"creek-tuotuo","kind":"creek","name":"Tuotuo"},"geometry":{"type":"MultiLineString","coordinates":[]}},{"type":"Feature","properties":{"id":"creek-dicle","kind":"creek","name":"Dicle"},"geometry":{"type":"MultiLineString","coordinates":[]}},{"type":"Feature","properties":{"id":"creek-dnepre","kind":"creek","name":"Dnepre"},"geometry":{"type":"MultiLineString","coordinates":[]}},{"type":"Feature","properties":{"id":"creek-pechora","kind":"creek","name":"Pechora"},"geometry":{"type":"MultiLineString","coordinates":[]}},{"type":"Feature","properties":{"id":"creek-indaiá","kind":"creek","name":"Indaiá"},"geometry":{"type":"MultiLineString","coordinates":[]}},{"type":"Feature","properties":{"id":"creek-kolyma","kind":"creek","name":"Kolyma"},"geometry":{"type":"MultiLineString","coordinates":[]}},{"type":"Feature","properties":{"id":"creek-nmai","kind":"creek","name":"Nmai"},"geometry":{"type":"MultiLineString","coordinates":[]}},{"type":"Feature","properties":{"id":"creek-magdalena","kind":"creek","name":"Magdalena"},"geometry":{"type":"MultiLineString","coordinates":[]}},{"type":"Feature","properties":{"id":"creek-neuquén","kind":"creek","name":"Neuquén"},"geometry":{"type":"MultiLineString","coordinates":[]}},{"type":"Feature","properties":{"id":"creek-nanpan","kind":"creek","name":"Nanpan"},"geometry":{"type":"MultiLineString","coordinates":[]}},{"type":"Feature","properties":{"id":"creek-seine","kind":"creek","name":"Seine"},"geometry":{"type":"MultiLineString","coordinates":[]}},{"type":"Feature","properties":{"id":"creek-lena","kind":"creek","name":"Lena"},"geometry":{"type":"MultiLineString","coordinates":[]}},{"type":"Feature","properties":{"id":"creek-oder","kind":"creek","name":"Oder"},"geometry":{"type":"MultiLineString","coordinates":[]}},{"type":"Feature","properties":{"id":"creek-arkansas","kind":"creek","name":"Arkansas"},"geometry":{"type":"MultiLineString","coordinates":[]}},{"type":"Feature","properties":{"id":"creek-sénégal","kind":"creek","name":"Sénégal"},"geometry":{"type":"MultiLineString","coordinates":[]}},{"type":"Feature","properties":{"id":"creek-kyzyl-khem","kind":"creek","name":"Kyzyl-Khem"},"geometry":{"type":"MultiLineString","coordinates":[]}},{"type":"Feature","properties":{"id":"creek-nu","kind":"creek","name":"Nu"},"geometry":{"type":"MultiLineString","coordinates":[]}},{"type":"Feature","properties":{"id":"creek-tigris","kind":"creek","name":"Tigris"},"geometry":{"type":"MultiLineString","coordinates":[]}},{"type":"Feature","properties":{"id":"creek-severnaya-dvina","kind":"creek","name":"Severnaya Dvina"},"geometry":{"type":"MultiLineString","coordinates":[]}},{"type":"Feature","properties":{"id":"creek-benue","kind":"creek","name":"Benue"},"geometry":{"type":"LineString","coordinates":[[11.924083,9.490546],[11.907644,9.497178],[11.873057,9.505439],[11.819753,9.50906],[11.777029,9.506456],[11.736746,9.498562],[11.695486,9.476101],[11.666759,9.465359],[11.652843,9.456122],[11.626964,9.43476],[11.601573,9.41824],[11.42628,9.331488],[11.375662,9.294745],[11.345225,9.262397],[11.334158,9.25377],[11.301443,9.24494],[11.286388,9.236884],[11.28004,9.219997],[11.263357,9.19892],[11.224376,9.185981],[11.149832,9.17182],[11.086192,9.140733],[11.028575,9.09394],[10.979991,9.036444],[10.915782,8.916124],[10.905935,8.887071],[10.90211,8.85338],[10.892996,8.820624],[10.870046,8.792304],[10.841075,8.769599],[10.752615,8.719346],[10.733165,8.714789],[10.683604,8.719346],[10.650157,8.710761],[10.586436,8.67536],[10.553233,8.670966],[10.539968,8.676215],[10.513357,8.693874],[10.498709,8.698839],[10.479421,8.697821],[10.46282,8.690782],[10.432872,8.667833],[10.421886,8.666693],[10.390636,8.68122],[10.374522,8.685167],[10.357839,8.684434],[10.342214,8.681952],[10.327566,8.677558],[10.313731,8.670966],[10.284353,8.671576],[10.269542,8.639675],[10.257823,8.601386],[10.238292,8.582831],[10.221202,8.578681],[10.21046,8.56863],[10.188975,8.53795],[10.183523,8.521511],[10.177989,8.514757],[10.169688,8.51085],[10.141124,8.507107],[10.113292,8.496772],[10.112315,8.45661],[10.106456,8.445258],[10.095144,8.438341],[10.068126,8.433905],[10.055186,8.427924],[10.048025,8.419949],[10.043386,8.410264],[10.030284,8.364936],[10.021414,8.350775],[10.019705,8.345649],[10.012136,8.344346],[9.990408,8.334988],[9.980724,8.333075],[9.950613,8.331977],[9.91505,8.32335],[9.88087,8.308661],[9.859386,8.289862],[9.847097,8.272244],[9.827078,8.24372],[9.804128,8.226833],[9.784923,8.22248],[9.744884,8.223944],[9.725515,8.221747],[9.71754,8.218614],[9.710704,8.214179],[9.677745,8.185981],[9.654226,8.173122],[9.631847,8.164089],[9.624929,8.159939],[9.607107,8.14407],[9.600108,8.139838],[9.566905,8.129706],[9.559093,8.126044],[9.555105,8.123562],[9.552175,8.120876],[9.549978,8.117377],[9.547862,8.110541],[9.546072,8.107367],[9.538992,8.101345],[9.530772,8.097764],[9.432791,8.073798],[9.424327,8.070095],[9.420177,8.066718],[9.412771,8.059272],[9.407644,8.057074],[9.388194,8.041571],[9.367686,8.003282],[9.360281,7.993191],[9.35377,7.988471],[9.340261,7.984076],[9.333018,7.980089],[9.328054,7.973741],[9.322927,7.958075],[9.319347,7.952175],[9.307872,7.944688],[9.270925,7.938544],[9.223155,7.917426],[9.135671,7.890082],[9.099376,7.883897],[9.025808,7.883368],[8.989513,7.874538],[8.976736,7.866563],[8.966726,7.856309],[8.948904,7.832628],[8.917898,7.811591],[8.878917,7.803778],[8.799327,7.799018],[8.763194,7.788601],[8.659923,7.740668],[8.640147,7.735785],[8.619884,7.73371],[8.520518,7.73961],[8.50172,7.742987],[8.492117,7.747178],[8.465505,7.764431],[8.455577,7.7685],[8.410818,7.776435],[8.398611,7.780382],[8.38738,7.786485],[8.362478,7.805732],[8.316173,7.831081],[8.293386,7.855577],[8.264334,7.863959],[8.232188,7.867214],[8.200369,7.876573],[8.146983,7.904161],[8.119558,7.914171],[8.03533,7.928534],[8.018321,7.935126],[7.968272,7.964423],[7.933849,7.973741],[7.86321,7.982001],[7.828868,7.990017],[7.781179,8.006049],[7.716807,8.013129],[7.653331,8.028917],[7.636729,8.030097],[7.495128,8.016425],[7.319265,8.031684],[7.285818,8.028144],[7.083995,7.96015],[7.032725,7.929551],[7.031505,7.924018],[7.024343,7.920681],[7.005056,7.903591],[6.97047,7.882188],[6.860037,7.836208],[6.816173,7.829779],[6.801199,7.82392],[6.784434,7.813788],[6.771251,7.800645],[6.767263,7.785712]]}},{"type":"Feature","properties":{"id":"creek-ayeyarwady","kind":"creek","name":"Ayeyarwady"},"geometry":{"type":"MultiLineString","coordinates":[]}},{"type":"Feature","properties":{"id":"creek-negro","kind":"creek","name":"Negro"},"geometry":{"type":"MultiLineString","coordinates":[]}},{"type":"Feature","properties":{"id":"creek-tongtian","kind":"creek","name":"Tongtian"},"geometry":{"type":"MultiLineString","coordinates":[]}},{"type":"Feature","properties":{"id":"creek-rhin","kind":"creek","name":"Rhin"},"geometry":{"type":"MultiLineString","coordinates":[]}},{"type":"Feature","properties":{"id":"creek-nederrijn","kind":"creek","name":"Nederrijn"},"geometry":{"type":"MultiLineString","coordinates":[]}},{"type":"Feature","properties":{"id":"creek-lek","kind":"creek","name":"Lek"},"geometry":{"type":"MultiLineString","coordinates":[]}},{"type":"Feature","properties":{"id":"creek-gharraf-canal","kind":"creek","name":"Gharraf Canal"},"geometry":{"type":"MultiLineString","coordinates":[]}},{"type":"Feature","properties":{"id":"creek-malyy-yenisey","kind":"creek","name":"Malyy Yenisey"},"geometry":{"type":"MultiLineString","coordinates":[]}},{"type":"Feature","properties":{"id":"creek-verkhniy-yenisey","kind":"creek","name":"Verkhniy Yenisey"},"geometry":{"type":"MultiLineString","coordinates":[]}},{"type":"Feature","properties":{"id":"creek-verkhniy-yenisey","kind":"creek","name":"Verkhniy Yenisey"},"geometry":{"type":"MultiLineString","coordinates":[]}},{"type":"Feature","properties":{"id":"creek-nu","kind":"creek","name":"Nu"},"geometry":{"type":"MultiLineString","coordinates":[]}},{"type":"Feature","properties":{"id":"creek-hongshui","kind":"creek","name":"Hongshui"},"geometry":{"type":"MultiLineString","coordinates":[]}},{"type":"Feature","properties":{"id":"creek-quan","kind":"creek","name":"Quan"},"geometry":{"type":"MultiLineString","coordinates":[]}},{"type":"Feature","properties":{"id":"creek-xun","kind":"creek","name":"Xun"},"geometry":{"type":"MultiLineString","coordinates":[]}},{"type":"Feature","properties":{"id":"creek-bahr-el-jebel","kind":"creek","name":"Bahr el Jebel"},"geometry":{"type":"MultiLineString","coordinates":[]}},{"type":"Feature","properties":{"id":"creek-rhine","kind":"creek","name":"Rhine"},"geometry":{"type":"MultiLineString","coordinates":[]}},{"type":"Feature","properties":{"id":"creek-waal","kind":"creek","name":"Waal"},"geometry":{"type":"MultiLineString","coordinates":[]}},{"type":"Feature","properties":{"id":"creek-braco-menor","kind":"creek","name":"Braco Menor"},"geometry":{"type":"MultiLineString","coordinates":[]}},{"type":"Feature","properties":{"id":"creek-salween","kind":"creek","name":"Salween"},"geometry":{"type":"MultiLineString","coordinates":[]}},{"type":"Feature","properties":{"id":"creek-waterway","kind":"creek","name":"Waterway"},"geometry":{"type":"MultiLineString","coordinates":[]}},{"type":"Feature","properties":{"id":"creek-ebro","kind":"creek","name":"Ebro"},"geometry":{"type":"MultiLineString","coordinates":[]}},{"type":"Feature","properties":{"id":"creek-mississippi","kind":"creek","name":"Mississippi"},"geometry":{"type":"MultiLineString","coordinates":[]}},{"type":"Feature","properties":{"id":"creek-mississippi","kind":"creek","name":"Mississippi"},"geometry":{"type":"MultiLineString","coordinates":[]}},{"type":"Feature","properties":{"id":"creek-stikine","kind":"creek","name":"Stikine"},"geometry":{"type":"MultiLineString","coordinates":[]}},{"type":"Feature","properties":{"id":"creek-san-juan","kind":"creek","name":"San Juan"},"geometry":{"type":"MultiLineString","coordinates":[]}},{"type":"Feature","properties":{"id":"creek-san-juan","kind":"creek","name":"San Juan"},"geometry":{"type":"MultiLineString","coordinates":[]}},{"type":"Feature","properties":{"id":"creek-jinsha","kind":"creek","name":"Jinsha"},"geometry":{"type":"MultiLineString","coordinates":[]}},{"type":"Feature","properties":{"id":"creek-elbe","kind":"creek","name":"Elbe"},"geometry":{"type":"MultiLineString","coordinates":[]}},{"type":"Feature","properties":{"id":"creek-thelon","kind":"creek","name":"Thelon"},"geometry":{"type":"MultiLineString","coordinates":[]}},{"type":"Feature","properties":{"id":"creek-thelon","kind":"creek","name":"Thelon"},"geometry":{"type":"MultiLineString","coordinates":[]}},{"type":"Feature","properties":{"id":"creek-waterway","kind":"creek","name":"Waterway"},"geometry":{"type":"MultiLineString","coordinates":[]}},{"type":"Feature","properties":{"id":"creek-waterway","kind":"creek","name":"Waterway"},"geometry":{"type":"MultiLineString","coordinates":[]}},{"type":"Feature","properties":{"id":"creek-colorado","kind":"creek","name":"Colorado"},"geometry":{"type":"MultiLineString","coordinates":[]}},{"type":"Feature","properties":{"id":"creek-colorado","kind":"creek","name":"Colorado"},"geometry":{"type":"MultiLineString","coordinates":[]}},{"type":"Feature","properties":{"id":"creek-grande","kind":"creek","name":"Grande"},"geometry":{"type":"MultiLineString","coordinates":[]}},{"type":"Feature","properties":{"id":"creek-grande","kind":"creek","name":"Grande"},"geometry":{"type":"MultiLineString","coordinates":[]}},{"type":"Feature","properties":{"id":"creek-tajo","kind":"creek","name":"Tajo"},"geometry":{"type":"MultiLineString","coordinates":[]}},{"type":"Feature","properties":{"id":"creek-tajo","kind":"creek","name":"Tajo"},"geometry":{"type":"MultiLineString","coordinates":[]}},{"type":"Feature","properties":{"id":"creek-vistula","kind":"creek","name":"Vistula"},"geometry":{"type":"MultiLineString","coordinates":[]}},{"type":"Feature","properties":{"id":"creek-vistula","kind":"creek","name":"Vistula"},"geometry":{"type":"MultiLineString","coordinates":[]}},{"type":"Feature","properties":{"id":"creek-sacramento","kind":"creek","name":"Sacramento"},"geometry":{"type":"MultiLineString","coordinates":[]}},{"type":"Feature","properties":{"id":"creek-sacramento","kind":"creek","name":"Sacramento"},"geometry":{"type":"MultiLineString","coordinates":[]}},{"type":"Feature","properties":{"id":"creek-neva","kind":"creek","name":"Neva"},"geometry":{"type":"MultiLineString","coordinates":[]}},{"type":"Feature","properties":{"id":"creek-neva","kind":"creek","name":"Neva"},"geometry":{"type":"MultiLineString","coordinates":[]}},{"type":"Feature","properties":{"id":"creek-tennessee","kind":"creek","name":"Tennessee"},"geometry":{"type":"MultiLineString","coordinates":[]}},{"type":"Feature","properties":{"id":"creek-tennessee","kind":"creek","name":"Tennessee"},"geometry":{"type":"MultiLineString","coordinates":[]}},{"type":"Feature","properties":{"id":"creek-bahr-el-jebel","kind":"creek","name":"Bahr el Jebel"},"geometry":{"type":"MultiLineString","coordinates":[]}},{"type":"Feature","properties":{"id":"creek-syr-darya","kind":"creek","name":"Syr  Darya"},"geometry":{"type":"MultiLineString","coordinates":[]}},{"type":"Feature","properties":{"id":"creek-syr-darya","kind":"creek","name":"Syr  Darya"},"geometry":{"type":"MultiLineString","coordinates":[]}},{"type":"Feature","properties":{"id":"creek-naryn","kind":"creek","name":"Naryn"},"geometry":{"type":"MultiLineString","coordinates":[]}},{"type":"Feature","properties":{"id":"creek-naryn","kind":"creek","name":"Naryn"},"geometry":{"type":"MultiLineString","coordinates":[]}},{"type":"Feature","properties":{"id":"creek-klamath","kind":"creek","name":"Klamath"},"geometry":{"type":"MultiLineString","coordinates":[]}},{"type":"Feature","properties":{"id":"creek-klamath","kind":"creek","name":"Klamath"},"geometry":{"type":"MultiLineString","coordinates":[]}},{"type":"Feature","properties":{"id":"creek-athabasca","kind":"creek","name":"Athabasca"},"geometry":{"type":"MultiLineString","coordinates":[]}},{"type":"Feature","properties":{"id":"creek-athabasca","kind":"creek","name":"Athabasca"},"geometry":{"type":"MultiLineString","coordinates":[]}},{"type":"Feature","properties":{"id":"creek-svir","kind":"creek","name":"Svir"},"geometry":{"type":"MultiLineString","coordinates":[]}},{"type":"Feature","properties":{"id":"creek-svir","kind":"creek","name":"Svir"},"geometry":{"type":"MultiLineString","coordinates":[]}},{"type":"Feature","properties":{"id":"creek-mouhoun","kind":"creek","name":"Mouhoun"},"geometry":{"type":"MultiLineString","coordinates":[]}},{"type":"Feature","properties":{"id":"creek-mouhoun","kind":"creek","name":"Mouhoun"},"geometry":{"type":"MultiLineString","coordinates":[]}},{"type":"Feature","properties":{"id":"creek-volta","kind":"creek","name":"Volta"},"geometry":{"type":"MultiLineString","coordinates":[]}},{"type":"Feature","properties":{"id":"creek-volta","kind":"creek","name":"Volta"},"geometry":{"type":"MultiLineString","coordinates":[]}},{"type":"Feature","properties":{"id":"creek-culuene","kind":"creek","name":"Culuene"},"geometry":{"type":"MultiLineString","coordinates":[]}},{"type":"Feature","properties":{"id":"creek-godävari","kind":"creek","name":"Godävari"},"geometry":{"type":"MultiLineString","coordinates":[]}},{"type":"Feature","properties":{"id":"creek-el-bahr-el-abyad","kind":"creek","name":"El Bahr el Abyad"},"geometry":{"type":"MultiLineString","coordinates":[]}},{"type":"Feature","properties":{"id":"creek-tobol","kind":"creek","name":"Tobol"},"geometry":{"type":"MultiLineString","coordinates":[]}},{"type":"Feature","properties":{"id":"creek-lower-tunguska","kind":"creek","name":"Lower Tunguska"},"geometry":{"type":"MultiLineString","coordinates":[]}},{"type":"Feature","properties":{"id":"creek-daugava","kind":"creek","name":"Daugava"},"geometry":{"type":"MultiLineString","coordinates":[]}},{"type":"Feature","properties":{"id":"creek-marañón","kind":"creek","name":"Marañón"},"geometry":{"type":"MultiLineString","coordinates":[]}},{"type":"Feature","properties":{"id":"creek-caquetá","kind":"creek","name":"Caquetá"},"geometry":{"type":"MultiLineString","coordinates":[]}},{"type":"Feature","properties":{"id":"creek-holston","kind":"creek","name":"Holston"},"geometry":{"type":"MultiLineString","coordinates":[]}},{"type":"Feature","properties":{"id":"creek-pamir","kind":"creek","name":"Pamir"},"geometry":{"type":"MultiLineString","coordinates":[]}},{"type":"Feature","properties":{"id":"creek-fraser","kind":"creek","name":"Fraser"},"geometry":{"type":"MultiLineString","coordinates":[]}},{"type":"Feature","properties":{"id":"creek-indigirka","kind":"creek","name":"Indigirka"},"geometry":{"type":"MultiLineString","coordinates":[]}},{"type":"Feature","properties":{"id":"creek-sprague","kind":"creek","name":"Sprague"},"geometry":{"type":"MultiLineString","coordinates":[]}},{"type":"Feature","properties":{"id":"creek-chang-jiang","kind":"creek","name":"Chang Jiang"},"geometry":{"type":"MultiLineString","coordinates":[]}},{"type":"Feature","properties":{"id":"creek-juruena","kind":"creek","name":"Juruena"},"geometry":{"type":"MultiLineString","coordinates":[]}},{"type":"Feature","properties":{"id":"creek-vychegda","kind":"creek","name":"Vychegda"},"geometry":{"type":"MultiLineString","coordinates":[]}},{"type":"Feature","properties":{"id":"creek-colorado","kind":"creek","name":"Colorado"},"geometry":{"type":"MultiLineString","coordinates":[]}},{"type":"Feature","properties":{"id":"creek-chixoy","kind":"creek","name":"Chixoy"},"geometry":{"type":"MultiLineString","coordinates":[]}},{"type":"Feature","properties":{"id":"creek-bío-bío","kind":"creek","name":"Bío-Bío"},"geometry":{"type":"MultiLineString","coordinates":[]}},{"type":"Feature","properties":{"id":"creek-panj","kind":"creek","name":"Panj"},"geometry":{"type":"MultiLineString","coordinates":[]}},{"type":"Feature","properties":{"id":"creek-santa-cruz","kind":"creek","name":"Santa Cruz"},"geometry":{"type":"MultiLineString","coordinates":[]}},{"type":"Feature","properties":{"id":"creek-xingu","kind":"creek","name":"Xingu"},"geometry":{"type":"MultiLineString","coordinates":[]}},{"type":"Feature","properties":{"id":"creek-tejo","kind":"creek","name":"Tejo"},"geometry":{"type":"MultiLineString","coordinates":[]}},{"type":"Feature","properties":{"id":"creek-amu-darya","kind":"creek","name":"Amu  Darya"},"geometry":{"type":"MultiLineString","coordinates":[]}},{"type":"Feature","properties":{"id":"creek-rosetta-branch","kind":"creek","name":"Rosetta Branch"},"geometry":{"type":"MultiLineString","coordinates":[]}},{"type":"Feature","properties":{"id":"creek-yangtze","kind":"creek","name":"Yangtze"},"geometry":{"type":"MultiLineString","coordinates":[]}},{"type":"Feature","properties":{"id":"creek-tapajós","kind":"creek","name":"Tapajós"},"geometry":{"type":"MultiLineString","coordinates":[]}},{"type":"Feature","properties":{"id":"creek-waterway","kind":"creek","name":"Waterway"},"geometry":{"type":"MultiLineString","coordinates":[]}},{"type":"Feature","properties":{"id":"creek-trofimovskaya-protoka","kind":"creek","name":"Trofimovskaya Protoka"},"geometry":{"type":"MultiLineString","coordinates":[]}},{"type":"Feature","properties":{"id":"creek-tumatskaya-protoka","kind":"creek","name":"Tumatskaya Protoka"},"geometry":{"type":"MultiLineString","coordinates":[]}},{"type":"Feature","properties":{"id":"creek-japurá","kind":"creek","name":"Japurá"},"geometry":{"type":"MultiLineString","coordinates":[]}},{"type":"Feature","properties":{"id":"creek-r.-des-outaouais","kind":"creek","name":"R. des Outaouais"},"geometry":{"type":"MultiLineString","coordinates":[]}},{"type":"Feature","properties":{"id":"creek-r.-des-outaouais","kind":"creek","name":"R. des Outaouais"},"geometry":{"type":"MultiLineString","coordinates":[]}},{"type":"Feature","properties":{"id":"creek-ottawa","kind":"creek","name":"Ottawa"},"geometry":{"type":"MultiLineString","coordinates":[]}},{"type":"Feature","properties":{"id":"creek-ottawa","kind":"creek","name":"Ottawa"},"geometry":{"type":"MultiLineString","coordinates":[]}},{"type":"Feature","properties":{"id":"creek-kem","kind":"creek","name":"Kem"},"geometry":{"type":"MultiLineString","coordinates":[]}},{"type":"Feature","properties":{"id":"creek-mur","kind":"creek","name":"Mur"},"geometry":{"type":"MultiLineString","coordinates":[]}},{"type":"Feature","properties":{"id":"creek-suez-canal","kind":"creek","name":"Suez Canal"},"geometry":{"type":"MultiLineString","coordinates":[]}},{"type":"Feature","properties":{"id":"creek-suez-canal","kind":"creek","name":"Suez Canal"},"geometry":{"type":"MultiLineString","coordinates":[]}},{"type":"Feature","properties":{"id":"creek-damietta-branch","kind":"creek","name":"Damietta Branch"},"geometry":{"type":"MultiLineString","coordinates":[]}},{"type":"Feature","properties":{"id":"creek-ismailiya-canal","kind":"creek","name":"Ismailiya Canal"},"geometry":{"type":"MultiLineString","coordinates":[]}},{"type":"Feature","properties":{"id":"creek-ishikari","kind":"creek","name":"Ishikari"},"geometry":{"type":"MultiLineString","coordinates":[]}},{"type":"Feature","properties":{"id":"creek-kayan","kind":"creek","name":"Kayan"},"geometry":{"type":"MultiLineString","coordinates":[]}},{"type":"Feature","properties":{"id":"creek-barito","kind":"creek","name":"Barito"},"geometry":{"type":"MultiLineString","coordinates":[]}},{"type":"Feature","properties":{"id":"creek-purari","kind":"creek","name":"Purari"},"geometry":{"type":"MultiLineString","coordinates":[]}},{"type":"Feature","properties":{"id":"creek-indragi","kind":"creek","name":"Indragi"},"geometry":{"type":"MultiLineString","coordinates":[]}},{"type":"Feature","properties":{"id":"creek-bykovskaya-protoka","kind":"creek","name":"Bykovskaya Protoka"},"geometry":{"type":"MultiLineString","coordinates":[]}},{"type":"Feature","properties":{"id":"creek-okavango","kind":"creek","name":"Okavango"},"geometry":{"type":"MultiLineString","coordinates":[]}},{"type":"Feature","properties":{"id":"creek-cubango","kind":"creek","name":"Cubango"},"geometry":{"type":"MultiLineString","coordinates":[]}},{"type":"Feature","properties":{"id":"creek-orange","kind":"creek","name":"Orange"},"geometry":{"type":"MultiLineString","coordinates":[]}},{"type":"Feature","properties":{"id":"creek-orange","kind":"creek","name":"Orange"},"geometry":{"type":"MultiLineString","coordinates":[]}},{"type":"Feature","properties":{"id":"creek-semliki","kind":"creek","name":"Semliki"},"geometry":{"type":"MultiLineString","coordinates":[]}},{"type":"Feature","properties":{"id":"creek-semliki","kind":"creek","name":"Semliki"},"geometry":{"type":"MultiLineString","coordinates":[]}},{"type":"Feature","properties":{"id":"creek-koukourou","kind":"creek","name":"Koukourou"},"geometry":{"type":"MultiLineString","coordinates":[]}},{"type":"Feature","properties":{"id":"creek-chari","kind":"creek","name":"Chari"},"geometry":{"type":"MultiLineString","coordinates":[[[14.8,12.101726605820415],[14.784679,12.111843],[14.729747,12.124294],[14.693777,12.149278],[14.671641,12.153022],[14.667735,12.178249],[14.662852,12.187771],[14.651052,12.193956],[14.642589,12.190782],[14.628835,12.183661],[14.615896,12.179145],[14.610118,12.183702],[14.603689,12.204454],[14.58782,12.217353],[14.567638,12.227891],[14.548025,12.241767],[14.557791,12.247138],[14.561778,12.248603],[14.561778,12.256049],[14.55071,12.260606],[14.521007,12.282538],[14.513927,12.289578],[14.511974,12.298855],[14.5171,12.313544],[14.513927,12.323676],[14.486583,12.337958],[14.422618,12.35338],[14.217052,12.359483],[14.201671,12.362657],[14.188487,12.370551],[14.179373,12.385769],[14.17864,12.397406],[14.184581,12.428046],[14.184988,12.447211]],[[14.8,12.634685723808367],[14.785655,12.631374],[14.768321,12.633368],[14.760916,12.649522],[14.758311,12.659003],[14.751638,12.669135],[14.742849,12.677314],[14.733653,12.680609],[14.728282,12.677354],[14.713145,12.652655],[14.701671,12.669216],[14.716319,12.701972],[14.709483,12.718451],[14.693533,12.723944],[14.663992,12.716132],[14.647634,12.725287],[14.641124,12.731024],[14.62379,12.742011],[14.620291,12.748074],[14.619802,12.754218],[14.617849,12.759345],[14.610118,12.762519],[14.603526,12.761013],[14.584402,12.746527],[14.574718,12.745144],[14.570242,12.750556],[14.568858,12.759792],[14.568858,12.769599],[14.560232,12.766425],[14.554373,12.767035],[14.550548,12.771755],[14.548513,12.780626],[14.548513,12.818386],[14.549734,12.833279],[14.547293,12.850653],[14.541026,12.865546],[14.537364,12.887885],[14.546072,12.899034],[14.549734,12.909003],[14.548513,12.916449],[14.541026,12.9289],[14.533621,12.938788],[14.526134,12.954901],[14.521251,12.964871],[14.518728,12.971055],[14.516287,12.979763]]]}},{"type":"Feature","properties":{"id":"creek-bamingui","kind":"creek","name":"Bamingui"},"geometry":{"type":"MultiLineString","coordinates":[]}},{"type":"Feature","properties":{"id":"creek-panama-canal","kind":"creek","name":"Panama Canal"},"geometry":{"type":"MultiLineString","coordinates":[]}},{"type":"Feature","properties":{"id":"creek-panama-canal","kind":"creek","name":"Panama Canal"},"geometry":{"type":"MultiLineString","coordinates":[]}},{"type":"Feature","properties":{"id":"creek-dalälven","kind":"creek","name":"Dalälven"},"geometry":{"type":"MultiLineString","coordinates":[]}},{"type":"Feature","properties":{"id":"creek-dalälven","kind":"creek","name":"Dalälven"},"geometry":{"type":"MultiLineString","coordinates":[]}},{"type":"Feature","properties":{"id":"creek-jordan","kind":"creek","name":"Jordan"},"geometry":{"type":"MultiLineString","coordinates":[]}},{"type":"Feature","properties":{"id":"creek-jordan","kind":"creek","name":"Jordan"},"geometry":{"type":"MultiLineString","coordinates":[]}},{"type":"Feature","properties":{"id":"creek-olenekskaya-protoka","kind":"creek","name":"Olenekskaya Protoka"},"geometry":{"type":"MultiLineString","coordinates":[]}},{"type":"Feature","properties":{"id":"creek-waterway","kind":"creek","name":"Waterway"},"geometry":{"type":"MultiLineString","coordinates":[]}},{"type":"Feature","properties":{"id":"creek-waterway","kind":"creek","name":"Waterway"},"geometry":{"type":"MultiLineString","coordinates":[]}},{"type":"Feature","properties":{"id":"creek-dniester","kind":"creek","name":"Dniester"},"geometry":{"type":"MultiLineString","coordinates":[]}},{"type":"Feature","properties":{"id":"creek-dniester","kind":"creek","name":"Dniester"},"geometry":{"type":"MultiLineString","coordinates":[]}},{"type":"Feature","properties":{"id":"creek-ro-grande-de-santiago","kind":"creek","name":"Ro Grande de Santiago"},"geometry":{"type":"MultiLineString","coordinates":[]}},{"type":"Feature","properties":{"id":"creek-ro-grande-de-santiago","kind":"creek","name":"Ro Grande de Santiago"},"geometry":{"type":"MultiLineString","coordinates":[]}},{"type":"Feature","properties":{"id":"creek-waterway","kind":"creek","name":"Waterway"},"geometry":{"type":"MultiLineString","coordinates":[]}},{"type":"Feature","properties":{"id":"creek-kuskokwim","kind":"creek","name":"Kuskokwim"},"geometry":{"type":"MultiLineString","coordinates":[]}},{"type":"Feature","properties":{"id":"creek-n.-fork-kuskokwim","kind":"creek","name":"N. Fork Kuskokwim"},"geometry":{"type":"MultiLineString","coordinates":[]}},{"type":"Feature","properties":{"id":"creek-copper","kind":"creek","name":"Copper"},"geometry":{"type":"MultiLineString","coordinates":[]}},{"type":"Feature","properties":{"id":"creek-susitna","kind":"creek","name":"Susitna"},"geometry":{"type":"MultiLineString","coordinates":[]}},{"type":"Feature","properties":{"id":"creek-tanana","kind":"creek","name":"Tanana"},"geometry":{"type":"MultiLineString","coordinates":[]}},{"type":"Feature","properties":{"id":"creek-porcupine","kind":"creek","name":"Porcupine"},"geometry":{"type":"MultiLineString","coordinates":[]}},{"type":"Feature","properties":{"id":"creek-st.-lawrence","kind":"creek","name":"St. Lawrence"},"geometry":{"type":"MultiLineString","coordinates":[]}},{"type":"Feature","properties":{"id":"creek-koyukuk","kind":"creek","name":"Koyukuk"},"geometry":{"type":"MultiLineString","coordinates":[]}},{"type":"Feature","properties":{"id":"creek-genale","kind":"creek","name":"Genale"},"geometry":{"type":"MultiLineString","coordinates":[]}},{"type":"Feature","properties":{"id":"creek-yarkant","kind":"creek","name":"Yarkant"},"geometry":{"type":"MultiLineString","coordinates":[]}},{"type":"Feature","properties":{"id":"creek-albany","kind":"creek","name":"Albany"},"geometry":{"type":"MultiLineString","coordinates":[]}},{"type":"Feature","properties":{"id":"creek-albany","kind":"creek","name":"Albany"},"geometry":{"type":"MultiLineString","coordinates":[]}},{"type":"Feature","properties":{"id":"creek-churchill","kind":"creek","name":"Churchill"},"geometry":{"type":"MultiLineString","coordinates":[]}},{"type":"Feature","properties":{"id":"creek-churchill","kind":"creek","name":"Churchill"},"geometry":{"type":"MultiLineString","coordinates":[]}},{"type":"Feature","properties":{"id":"creek-taz","kind":"creek","name":"Taz"},"geometry":{"type":"MultiLineString","coordinates":[]}},{"type":"Feature","properties":{"id":"creek-liao","kind":"creek","name":"Liao"},"geometry":{"type":"MultiLineString","coordinates":[]}},{"type":"Feature","properties":{"id":"creek-yuan","kind":"creek","name":"Yuan"},"geometry":{"type":"MultiLineString","coordinates":[]}},{"type":"Feature","properties":{"id":"creek-yuan","kind":"creek","name":"Yuan"},"geometry":{"type":"MultiLineString","coordinates":[]}},{"type":"Feature","properties":{"id":"creek-rupert","kind":"creek","name":"Rupert"},"geometry":{"type":"MultiLineString","coordinates":[]}},{"type":"Feature","properties":{"id":"creek-rupert","kind":"creek","name":"Rupert"},"geometry":{"type":"MultiLineString","coordinates":[]}},{"type":"Feature","properties":{"id":"creek-san-joaquin","kind":"creek","name":"San Joaquin"},"geometry":{"type":"MultiLineString","coordinates":[]}},{"type":"Feature","properties":{"id":"creek-san-joaquin","kind":"creek","name":"San Joaquin"},"geometry":{"type":"MultiLineString","coordinates":[]}},{"type":"Feature","properties":{"id":"creek-ob","kind":"creek","name":"Ob"},"geometry":{"type":"MultiLineString","coordinates":[]}},{"type":"Feature","properties":{"id":"creek-chattahoochee","kind":"creek","name":"Chattahoochee"},"geometry":{"type":"MultiLineString","coordinates":[]}},{"type":"Feature","properties":{"id":"creek-chattahoochee","kind":"creek","name":"Chattahoochee"},"geometry":{"type":"MultiLineString","coordinates":[]}},{"type":"Feature","properties":{"id":"creek-alabama","kind":"creek","name":"Alabama"},"geometry":{"type":"MultiLineString","coordinates":[]}},{"type":"Feature","properties":{"id":"creek-alabama","kind":"creek","name":"Alabama"},"geometry":{"type":"MultiLineString","coordinates":[]}},{"type":"Feature","properties":{"id":"creek-tugaloo","kind":"creek","name":"Tugaloo"},"geometry":{"type":"MultiLineString","coordinates":[]}},{"type":"Feature","properties":{"id":"creek-tugaloo","kind":"creek","name":"Tugaloo"},"geometry":{"type":"MultiLineString","coordinates":[]}},{"type":"Feature","properties":{"id":"creek-chattooga","kind":"creek","name":"Chattooga"},"geometry":{"type":"MultiLineString","coordinates":[]}},{"type":"Feature","properties":{"id":"creek-savannah","kind":"creek","name":"Savannah"},"geometry":{"type":"MultiLineString","coordinates":[]}},{"type":"Feature","properties":{"id":"creek-savannah","kind":"creek","name":"Savannah"},"geometry":{"type":"MultiLineString","coordinates":[]}},{"type":"Feature","properties":{"id":"creek-rhne","kind":"creek","name":"Rhne"},"geometry":{"type":"MultiLineString","coordinates":[]}},{"type":"Feature","properties":{"id":"creek-rhône","kind":"creek","name":"Rhône"},"geometry":{"type":"MultiLineString","coordinates":[]}},{"type":"Feature","properties":{"id":"creek-vuoksi","kind":"creek","name":"Vuoksi"},"geometry":{"type":"MultiLineString","coordinates":[]}},{"type":"Feature","properties":{"id":"creek-vuoksi","kind":"creek","name":"Vuoksi"},"geometry":{"type":"MultiLineString","coordinates":[]}},{"type":"Feature","properties":{"id":"creek-ord","kind":"creek","name":"Ord"},"geometry":{"type":"MultiLineString","coordinates":[]}},{"type":"Feature","properties":{"id":"creek-ord","kind":"creek","name":"Ord"},"geometry":{"type":"MultiLineString","coordinates":[]}},{"type":"Feature","properties":{"id":"creek-sutlej","kind":"creek","name":"Sutlej"},"geometry":{"type":"MultiLineString","coordinates":[]}},{"type":"Feature","properties":{"id":"creek-sutlej","kind":"creek","name":"Sutlej"},"geometry":{"type":"MultiLineString","coordinates":[]}},{"type":"Feature","properties":{"id":"creek-coppermine","kind":"creek","name":"Coppermine"},"geometry":{"type":"MultiLineString","coordinates":[]}},{"type":"Feature","properties":{"id":"creek-coppermine","kind":"creek","name":"Coppermine"},"geometry":{"type":"MultiLineString","coordinates":[]}},{"type":"Feature","properties":{"id":"creek-danube","kind":"creek","name":"Danube"},"geometry":{"type":"MultiLineString","coordinates":[]}},{"type":"Feature","properties":{"id":"creek-atbara","kind":"creek","name":"Atbara"},"geometry":{"type":"MultiLineString","coordinates":[]}},{"type":"Feature","properties":{"id":"creek-atbara","kind":"creek","name":"Atbara"},"geometry":{"type":"MultiLineString","coordinates":[]}},{"type":"Feature","properties":{"id":"creek-biya","kind":"creek","name":"Biya"},"geometry":{"type":"MultiLineString","coordinates":[]}},{"type":"Feature","properties":{"id":"creek-biya","kind":"creek","name":"Biya"},"geometry":{"type":"MultiLineString","coordinates":[]}},{"type":"Feature","properties":{"id":"creek-waterway","kind":"creek","name":"Waterway"},"geometry":{"type":"MultiLineString","coordinates":[]}},{"type":"Feature","properties":{"id":"creek-waterway","kind":"creek","name":"Waterway"},"geometry":{"type":"MultiLineString","coordinates":[]}},{"type":"Feature","properties":{"id":"creek-rainy","kind":"creek","name":"Rainy"},"geometry":{"type":"MultiLineString","coordinates":[]}},{"type":"Feature","properties":{"id":"creek-rainy","kind":"creek","name":"Rainy"},"geometry":{"type":"MultiLineString","coordinates":[]}},{"type":"Feature","properties":{"id":"creek-winnipeg","kind":"creek","name":"Winnipeg"},"geometry":{"type":"MultiLineString","coordinates":[]}},{"type":"Feature","properties":{"id":"creek-winnipeg","kind":"creek","name":"Winnipeg"},"geometry":{"type":"MultiLineString","coordinates":[]}},{"type":"Feature","properties":{"id":"creek-back","kind":"creek","name":"Back"},"geometry":{"type":"MultiLineString","coordinates":[]}},{"type":"Feature","properties":{"id":"creek-back","kind":"creek","name":"Back"},"geometry":{"type":"MultiLineString","coordinates":[]}},{"type":"Feature","properties":{"id":"creek-south-saskatchewan","kind":"creek","name":"South Saskatchewan"},"geometry":{"type":"MultiLineString","coordinates":[]}},{"type":"Feature","properties":{"id":"creek-south-saskatchewan","kind":"creek","name":"South Saskatchewan"},"geometry":{"type":"MultiLineString","coordinates":[]}},{"type":"Feature","properties":{"id":"creek-nakanbé","kind":"creek","name":"Nakanbé"},"geometry":{"type":"MultiLineString","coordinates":[]}},{"type":"Feature","properties":{"id":"creek-nakanbé","kind":"creek","name":"Nakanbé"},"geometry":{"type":"MultiLineString","coordinates":[]}},{"type":"Feature","properties":{"id":"creek-kemijoki","kind":"creek","name":"Kemijoki"},"geometry":{"type":"MultiLineString","coordinates":[]}},{"type":"Feature","properties":{"id":"creek-kemijoki","kind":"creek","name":"Kemijoki"},"geometry":{"type":"MultiLineString","coordinates":[]}},{"type":"Feature","properties":{"id":"creek-vilyuy","kind":"creek","name":"Vilyuy"},"geometry":{"type":"MultiLineString","coordinates":[]}},{"type":"Feature","properties":{"id":"creek-vilyuy","kind":"creek","name":"Vilyuy"},"geometry":{"type":"MultiLineString","coordinates":[]}},{"type":"Feature","properties":{"id":"creek-ideriyn","kind":"creek","name":"Ideriyn"},"geometry":{"type":"MultiLineString","coordinates":[]}},{"type":"Feature","properties":{"id":"creek-han","kind":"creek","name":"Han"},"geometry":{"type":"MultiLineString","coordinates":[]}},{"type":"Feature","properties":{"id":"creek-han","kind":"creek","name":"Han"},"geometry":{"type":"MultiLineString","coordinates":[]}},{"type":"Feature","properties":{"id":"creek-mahäna-nadï","kind":"creek","name":"Mahäna Nadï"},"geometry":{"type":"MultiLineString","coordinates":[]}},{"type":"Feature","properties":{"id":"creek-mahäna-nadï","kind":"creek","name":"Mahäna Nadï"},"geometry":{"type":"MultiLineString","coordinates":[]}},{"type":"Feature","properties":{"id":"creek-pit","kind":"creek","name":"Pit"},"geometry":{"type":"MultiLineString","coordinates":[]}},{"type":"Feature","properties":{"id":"creek-pit","kind":"creek","name":"Pit"},"geometry":{"type":"MultiLineString","coordinates":[]}},{"type":"Feature","properties":{"id":"creek-sassandra","kind":"creek","name":"Sassandra"},"geometry":{"type":"MultiLineString","coordinates":[]}},{"type":"Feature","properties":{"id":"creek-sassandra","kind":"creek","name":"Sassandra"},"geometry":{"type":"MultiLineString","coordinates":[]}},{"type":"Feature","properties":{"id":"creek-nelson","kind":"creek","name":"Nelson"},"geometry":{"type":"MultiLineString","coordinates":[]}},{"type":"Feature","properties":{"id":"creek-nelson","kind":"creek","name":"Nelson"},"geometry":{"type":"MultiLineString","coordinates":[]}},{"type":"Feature","properties":{"id":"creek-vorma","kind":"creek","name":"Vorma"},"geometry":{"type":"MultiLineString","coordinates":[]}},{"type":"Feature","properties":{"id":"creek-vorma","kind":"creek","name":"Vorma"},"geometry":{"type":"MultiLineString","coordinates":[]}},{"type":"Feature","properties":{"id":"creek-don","kind":"creek","name":"Don"},"geometry":{"type":"MultiLineString","coordinates":[]}},{"type":"Feature","properties":{"id":"creek-don","kind":"creek","name":"Don"},"geometry":{"type":"MultiLineString","coordinates":[]}},{"type":"Feature","properties":{"id":"creek-gan","kind":"creek","name":"Gan"},"geometry":{"type":"MultiLineString","coordinates":[]}},{"type":"Feature","properties":{"id":"creek-gan","kind":"creek","name":"Gan"},"geometry":{"type":"MultiLineString","coordinates":[]}},{"type":"Feature","properties":{"id":"creek-krishna","kind":"creek","name":"Krishna"},"geometry":{"type":"MultiLineString","coordinates":[]}},{"type":"Feature","properties":{"id":"creek-krishna","kind":"creek","name":"Krishna"},"geometry":{"type":"MultiLineString","coordinates":[]}},{"type":"Feature","properties":{"id":"creek-selenga","kind":"creek","name":"Selenga"},"geometry":{"type":"MultiLineString","coordinates":[]}},{"type":"Feature","properties":{"id":"creek-skeena","kind":"creek","name":"Skeena"},"geometry":{"type":"MultiLineString","coordinates":[]}},{"type":"Feature","properties":{"id":"creek-liard","kind":"creek","name":"Liard"},"geometry":{"type":"MultiLineString","coordinates":[]}},{"type":"Feature","properties":{"id":"creek-kwango","kind":"creek","name":"Kwango"},"geometry":{"type":"MultiLineString","coordinates":[]}},{"type":"Feature","properties":{"id":"creek-kafue","kind":"creek","name":"Kafue"},"geometry":{"type":"MultiLineString","coordinates":[]}},{"type":"Feature","properties":{"id":"creek-jequitinhonha","kind":"creek","name":"Jequitinhonha"},"geometry":{"type":"MultiLineString","coordinates":[]}},{"type":"Feature","properties":{"id":"creek-chubut","kind":"creek","name":"Chubut"},"geometry":{"type":"MultiLineString","coordinates":[]}},{"type":"Feature","properties":{"id":"creek-mendoza","kind":"creek","name":"Mendoza"},"geometry":{"type":"MultiLineString","coordinates":[]}},{"type":"Feature","properties":{"id":"creek-salado","kind":"creek","name":"Salado"},"geometry":{"type":"MultiLineString","coordinates":[]}},{"type":"Feature","properties":{"id":"creek-branco","kind":"creek","name":"Branco"},"geometry":{"type":"MultiLineString","coordinates":[]}},{"type":"Feature","properties":{"id":"creek-purús","kind":"creek","name":"Purús"},"geometry":{"type":"MultiLineString","coordinates":[]}},{"type":"Feature","properties":{"id":"creek-angara","kind":"creek","name":"Angara"},"geometry":{"type":"MultiLineString","coordinates":[]}},{"type":"Feature","properties":{"id":"creek-angara","kind":"creek","name":"Angara"},"geometry":{"type":"MultiLineString","coordinates":[]}},{"type":"Feature","properties":{"id":"creek-meta","kind":"creek","name":"Meta"},"geometry":{"type":"MultiLineString","coordinates":[]}},{"type":"Feature","properties":{"id":"creek-madre-de-dios","kind":"creek","name":"Madre de Dios"},"geometry":{"type":"MultiLineString","coordinates":[]}},{"type":"Feature","properties":{"id":"creek-paraiba","kind":"creek","name":"Paraiba"},"geometry":{"type":"MultiLineString","coordinates":[]}},{"type":"Feature","properties":{"id":"creek-uruguay","kind":"creek","name":"Uruguay"},"geometry":{"type":"MultiLineString","coordinates":[]}},{"type":"Feature","properties":{"id":"creek-pilcomayo","kind":"creek","name":"Pilcomayo"},"geometry":{"type":"MultiLineString","coordinates":[]}},{"type":"Feature","properties":{"id":"creek-lom","kind":"creek","name":"Lom"},"geometry":{"type":"LineString","coordinates":[[14.665294,6.698432],[14.675955,6.697374],[14.689382,6.698757],[14.700857,6.697333],[14.708018,6.682929],[14.71282,6.678005],[14.717703,6.671088],[14.719981,6.660509],[14.717947,6.648505],[14.71282,6.638943],[14.699474,6.622667],[14.645193,6.569281],[14.63738,6.550971],[14.634207,6.528266],[14.604015,6.451443],[14.596853,6.414903],[14.595876,6.393337],[14.588552,6.381944],[14.541759,6.35578],[14.504405,6.307563],[14.490001,6.300564],[14.479421,6.297309],[14.459158,6.28323],[14.448741,6.280056],[14.434744,6.277859],[14.429861,6.271918],[14.428477,6.26321],[14.425059,6.252753],[14.404063,6.214871],[14.405935,6.200873],[14.411062,6.195746],[14.418875,6.193427],[14.428477,6.187567],[14.433279,6.177843],[14.436697,6.161689],[14.438487,6.143866],[14.438162,6.129218],[14.435476,6.120876],[14.427013,6.109809],[14.425059,6.105577],[14.427257,6.095649],[14.431326,6.084784],[14.433035,6.074042],[14.428477,6.064317],[14.425548,6.060004],[14.422048,6.05154],[14.417654,6.047309],[14.412364,6.047187],[14.402029,6.054999],[14.397227,6.054145],[14.389822,6.045966],[14.386729,6.039171],[14.388927,6.031195],[14.397227,6.019355],[14.38502,6.017401],[14.376475,6.012722],[14.363048,5.998887],[14.37672,5.985419],[14.381602,5.977362],[14.383556,5.967841],[14.381114,5.968695],[14.371267,5.948676],[14.369884,5.944281],[14.340831,5.917792],[14.323416,5.905219],[14.307791,5.89643],[14.305431,5.897406],[14.27711,5.89643],[14.274669,5.894599],[14.203868,5.864285],[14.192393,5.86168],[14.183035,5.863837],[14.166026,5.873236],[14.154796,5.875352],[14.145193,5.871772],[14.147878,5.863471],[14.154714,5.854315],[14.158214,5.848009],[14.152761,5.837836],[14.113943,5.797065],[14.105479,5.784939],[14.100841,5.770209],[14.102957,5.752468],[14.116954,5.719591],[14.115408,5.711046],[14.09669,5.718329],[14.09669,5.697211],[14.109548,5.683214],[14.102306,5.662177],[14.085216,5.641425],[14.068858,5.628363],[14.064138,5.63406],[14.052908,5.644151],[14.04835,5.65001],[14.042735,5.639919],[14.03419,5.63585],[14.010509,5.63581],[14.006358,5.630398],[14.007823,5.604275],[14.006847,5.594794],[13.999278,5.586737],[13.992442,5.587673],[13.983409,5.592108],[13.969249,5.594794],[13.965343,5.590847],[13.969005,5.582058],[13.975352,5.572943],[13.979991,5.568142],[13.9699,5.556464],[13.955821,5.553656],[13.940115,5.552598],[13.924815,5.546413],[13.93336,5.541775],[13.937429,5.535427],[13.936941,5.52794],[13.931651,5.519721],[13.913341,5.535346],[13.892589,5.539903],[13.879405,5.53266],[13.88323,5.512885],[13.872976,5.515896],[13.865896,5.523057],[13.860606,5.5303],[13.855968,5.533311],[13.843761,5.530788],[13.843923,5.526231],[13.848318,5.520128],[13.849132,5.512885],[13.842703,5.494086],[13.840099,5.475043],[13.84547,5.466173],[13.862804,5.478095],[13.862804,5.403022],[13.852957,5.401638],[13.841726,5.407782],[13.83253,5.410671],[13.828624,5.399278],[13.826915,5.385118],[13.821544,5.377997],[13.811941,5.375352],[13.797618,5.375067],[13.788341,5.370958],[13.788585,5.361192],[13.790782,5.349921],[13.78712,5.340928],[13.778575,5.34044],[13.769786,5.346055],[13.760265,5.350043],[13.749522,5.344672],[13.730154,5.328925],[13.706228,5.318305],[13.680837,5.314765],[13.656668,5.320421],[13.652029,5.305203],[13.624685,5.294216],[13.616954,5.280097],[13.609548,5.280097],[13.609548,5.293158],[13.57545,5.280097],[13.55836,5.305854],[13.555919,5.319363],[13.561778,5.334093],[13.539968,5.343288],[13.52825,5.357489],[13.518809,5.374579],[13.503429,5.392442],[13.485281,5.399278],[13.46282,5.382025],[13.445079,5.38935],[13.428884,5.380072],[13.415782,5.368354],[13.406749,5.354193],[13.403494,5.33751],[13.397472,5.324571],[13.355724,5.280097],[13.34905,5.260688],[13.345714,5.2331],[13.350271,5.208319],[13.366222,5.197577],[13.369395,5.128689],[13.381765,5.114936],[13.388601,5.104804],[13.389822,5.09455],[13.382253,5.084906],[13.36964,5.079657],[13.35613,5.075792],[13.34547,5.070339],[13.319835,5.051052],[13.3095,5.041083],[13.301036,5.026231],[13.273123,4.947455],[13.268321,4.939521],[13.257498,4.935004],[13.245046,4.931505],[13.23585,4.926622],[13.223074,4.914822],[13.213878,4.911892],[13.136648,4.933173],[13.125987,4.933458]]}},{"type":"Feature","properties":{"id":"creek-tshuapa","kind":"creek","name":"Tshuapa"},"geometry":{"type":"MultiLineString","coordinates":[]}},{"type":"Feature","properties":{"id":"creek-omo","kind":"creek","name":"Omo"},"geometry":{"type":"MultiLineString","coordinates":[]}},{"type":"Feature","properties":{"id":"creek-mananantanana","kind":"creek","name":"Mananantanana"},"geometry":{"type":"MultiLineString","coordinates":[]}},{"type":"Feature","properties":{"id":"creek-ouham","kind":"creek","name":"Ouham"},"geometry":{"type":"MultiLineString","coordinates":[]}},{"type":"Feature","properties":{"id":"creek-ertis","kind":"creek","name":"Ertis"},"geometry":{"type":"MultiLineString","coordinates":[]}},{"type":"Feature","properties":{"id":"creek-ertis","kind":"creek","name":"Ertis"},"geometry":{"type":"MultiLineString","coordinates":[]}},{"type":"Feature","properties":{"id":"creek-amazonas","kind":"creek","name":"Amazonas"},"geometry":{"type":"MultiLineString","coordinates":[]}},{"type":"Feature","properties":{"id":"creek-amazonas","kind":"creek","name":"Amazonas"},"geometry":{"type":"MultiLineString","coordinates":[]}},{"type":"Feature","properties":{"id":"creek-kadéï","kind":"creek","name":"Kadéï"},"geometry":{"type":"LineString","coordinates":[[14.616954,5.865098],[14.623546,5.75849],[14.630626,5.738145],[14.62379,5.723741],[14.610118,5.669298],[14.592214,5.62405],[14.58961,5.608466],[14.590994,5.591132],[14.596121,5.577419],[14.610118,5.553819],[14.61671,5.538031],[14.618419,5.52558],[14.616954,5.495469],[14.613699,5.484971],[14.59905,5.456855],[14.595876,5.440253],[14.596934,5.411648],[14.592214,5.400214],[14.579112,5.395575],[14.578787,5.387763],[14.570323,5.371121],[14.560313,5.355658],[14.555431,5.351508],[14.553477,5.338446],[14.547862,5.320624],[14.538992,5.303738],[14.527517,5.293158],[14.502615,5.285834],[14.49171,5.281114],[14.479747,5.27265],[14.468191,5.259223],[14.459972,5.2331],[14.451915,5.218085],[14.471365,5.19835],[14.486583,5.177069],[14.478933,5.165595],[14.481456,5.153184],[14.489757,5.142524],[14.500255,5.136094],[14.496755,5.124783],[14.500255,5.084296],[14.495616,5.074897],[14.423513,4.980333],[14.41505,4.973944],[14.400645,4.971625],[14.391287,4.9713],[14.385671,4.97016],[14.369884,4.964179],[14.347423,4.958848],[14.343272,4.955349],[14.317638,4.91116],[14.307791,4.902777],[14.29656,4.900336],[14.272227,4.901557],[14.26002,4.89586],[14.267263,4.881781],[14.261485,4.869696],[14.25172,4.857774],[14.246349,4.844102],[14.243093,4.756537],[14.222179,4.663153],[14.21754,4.599066],[14.212169,4.574652],[14.21282,4.566352],[14.220632,4.557156],[14.238943,4.549994],[14.246349,4.539008],[14.239187,4.527859],[14.235362,4.513536],[14.237071,4.498358],[14.246349,4.484402],[14.25823,4.479071],[14.272146,4.476264],[14.283865,4.469916],[14.288585,4.453966],[14.293875,4.442735],[14.306326,4.431464],[14.33196,4.413031],[14.333263,4.402371],[14.326182,4.361029],[14.322032,4.347235],[14.34075,4.349921],[14.353201,4.350369],[14.36199,4.345771],[14.369884,4.333564],[14.372244,4.340603],[14.376882,4.349433],[14.383067,4.355577],[14.390391,4.354682],[14.396169,4.346462],[14.396169,4.337673],[14.394949,4.328803],[14.397227,4.320583],[14.410574,4.307807],[14.424734,4.302558],[14.438731,4.299343],[14.451915,4.292589],[14.458425,4.281806],[14.461925,4.251573],[14.466075,4.237372],[14.477468,4.22309],[14.484874,4.225409],[14.49171,4.230251],[14.500255,4.2237],[14.507091,4.2237],[14.514334,4.236355],[14.528982,4.247829],[14.546316,4.254218],[14.561778,4.251654],[14.566173,4.242296],[14.575938,4.196357],[14.565359,4.169704],[14.562185,4.154079],[14.569102,4.141791],[14.585948,4.138739],[14.60613,4.144355],[14.624929,4.153876],[14.63738,4.162869],[14.671316,4.198757],[14.685802,4.21072],[14.702647,4.220893],[14.71754,4.226508],[14.786794,4.234646],[14.8,4.23449656730302]]}},{"type":"Feature","properties":{"id":"creek-ruvuma","kind":"creek","name":"Ruvuma"},"geometry":{"type":"MultiLineString","coordinates":[]}},{"type":"Feature","properties":{"id":"creek-thames","kind":"creek","name":"Thames"},"geometry":{"type":"MultiLineString","coordinates":[]}},{"type":"Feature","properties":{"id":"creek-drau","kind":"creek","name":"Drau"},"geometry":{"type":"MultiLineString","coordinates":[]}},{"type":"Feature","properties":{"id":"creek-duero","kind":"creek","name":"Duero"},"geometry":{"type":"MultiLineString","coordinates":[]}},{"type":"Feature","properties":{"id":"creek-helmand","kind":"creek","name":"Helmand"},"geometry":{"type":"MultiLineString","coordinates":[]}},{"type":"Feature","properties":{"id":"creek-hong","kind":"creek","name":"Hong"},"geometry":{"type":"MultiLineString","coordinates":[]}},{"type":"Feature","properties":{"id":"creek-yamuna","kind":"creek","name":"Yamuna"},"geometry":{"type":"MultiLineString","coordinates":[]}},{"type":"Feature","properties":{"id":"creek-narmada","kind":"creek","name":"Narmada"},"geometry":{"type":"MultiLineString","coordinates":[]}},{"type":"Feature","properties":{"id":"creek-dadu","kind":"creek","name":"Dadu"},"geometry":{"type":"MultiLineString","coordinates":[]}},{"type":"Feature","properties":{"id":"creek-ertix","kind":"creek","name":"Ertix"},"geometry":{"type":"MultiLineString","coordinates":[]}},{"type":"Feature","properties":{"id":"creek-xar-moron","kind":"creek","name":"Xar Moron"},"geometry":{"type":"MultiLineString","coordinates":[]}},{"type":"Feature","properties":{"id":"creek-kapuas","kind":"creek","name":"Kapuas"},"geometry":{"type":"MultiLineString","coordinates":[]}},{"type":"Feature","properties":{"id":"creek-katherine","kind":"creek","name":"Katherine"},"geometry":{"type":"MultiLineString","coordinates":[]}},{"type":"Feature","properties":{"id":"creek-taritatu","kind":"creek","name":"Taritatu"},"geometry":{"type":"MultiLineString","coordinates":[]}},{"type":"Feature","properties":{"id":"creek-mitchell","kind":"creek","name":"Mitchell"},"geometry":{"type":"MultiLineString","coordinates":[]}},{"type":"Feature","properties":{"id":"creek-chenab","kind":"creek","name":"Chenab"},"geometry":{"type":"MultiLineString","coordinates":[]}},{"type":"Feature","properties":{"id":"creek-anadyr’","kind":"creek","name":"Anadyr’"},"geometry":{"type":"MultiLineString","coordinates":[]}},{"type":"Feature","properties":{"id":"creek-olenëk","kind":"creek","name":"Olenëk"},"geometry":{"type":"MultiLineString","coordinates":[]}},{"type":"Feature","properties":{"id":"creek-tom’","kind":"creek","name":"Tom’"},"geometry":{"type":"MultiLineString","coordinates":[]}},{"type":"Feature","properties":{"id":"creek-kamchatka","kind":"creek","name":"Kamchatka"},"geometry":{"type":"MultiLineString","coordinates":[]}},{"type":"Feature","properties":{"id":"creek-maquan","kind":"creek","name":"Maquan"},"geometry":{"type":"MultiLineString","coordinates":[]}},{"type":"Feature","properties":{"id":"creek-coco","kind":"creek","name":"Coco"},"geometry":{"type":"MultiLineString","coordinates":[]}},{"type":"Feature","properties":{"id":"creek-double-mountain-fork-brazos","kind":"creek","name":"Double Mountain Fork Brazos"},"geometry":{"type":"MultiLineString","coordinates":[]}},{"type":"Feature","properties":{"id":"creek-beaver","kind":"creek","name":"Beaver"},"geometry":{"type":"MultiLineString","coordinates":[]}},{"type":"Feature","properties":{"id":"creek-finlay","kind":"creek","name":"Finlay"},"geometry":{"type":"MultiLineString","coordinates":[]}},{"type":"Feature","properties":{"id":"creek-verde","kind":"creek","name":"Verde"},"geometry":{"type":"MultiLineString","coordinates":[]}},{"type":"Feature","properties":{"id":"creek-s.-branch-potomac","kind":"creek","name":"S. Branch Potomac"},"geometry":{"type":"MultiLineString","coordinates":[]}},{"type":"Feature","properties":{"id":"creek-hudson","kind":"creek","name":"Hudson"},"geometry":{"type":"MultiLineString","coordinates":[]}},{"type":"Feature","properties":{"id":"creek-wabash","kind":"creek","name":"Wabash"},"geometry":{"type":"MultiLineString","coordinates":[]}},{"type":"Feature","properties":{"id":"creek-saint-john","kind":"creek","name":"Saint John"},"geometry":{"type":"MultiLineString","coordinates":[]}},{"type":"Feature","properties":{"id":"creek-yadkin","kind":"creek","name":"Yadkin"},"geometry":{"type":"MultiLineString","coordinates":[]}},{"type":"Feature","properties":{"id":"creek-angara","kind":"creek","name":"Angara"},"geometry":{"type":"MultiLineString","coordinates":[]}},{"type":"Feature","properties":{"id":"creek-angara","kind":"creek","name":"Angara"},"geometry":{"type":"MultiLineString","coordinates":[]}},{"type":"Feature","properties":{"id":"creek-waterway","kind":"creek","name":"Waterway"},"geometry":{"type":"MultiLineString","coordinates":[]}},{"type":"Feature","properties":{"id":"creek-fitzroy","kind":"creek","name":"Fitzroy"},"geometry":{"type":"MultiLineString","coordinates":[]}},{"type":"Feature","properties":{"id":"creek-digul","kind":"creek","name":"Digul"},"geometry":{"type":"MultiLineString","coordinates":[]}},{"type":"Feature","properties":{"id":"creek-willamette","kind":"creek","name":"Willamette"},"geometry":{"type":"MultiLineString","coordinates":[]}},{"type":"Feature","properties":{"id":"creek-gila","kind":"creek","name":"Gila"},"geometry":{"type":"MultiLineString","coordinates":[]}},{"type":"Feature","properties":{"id":"creek-tocantins","kind":"creek","name":"Tocantins"},"geometry":{"type":"MultiLineString","coordinates":[]}},{"type":"Feature","properties":{"id":"creek-limpopo","kind":"creek","name":"Limpopo"},"geometry":{"type":"MultiLineString","coordinates":[]}},{"type":"Feature","properties":{"id":"creek-glomma","kind":"creek","name":"Glomma"},"geometry":{"type":"MultiLineString","coordinates":[]}},{"type":"Feature","properties":{"id":"creek-san-juan","kind":"creek","name":"San Juan"},"geometry":{"type":"MultiLineString","coordinates":[]}},{"type":"Feature","properties":{"id":"creek-mangoky","kind":"creek","name":"Mangoky"},"geometry":{"type":"MultiLineString","coordinates":[]}},{"type":"Feature","properties":{"id":"creek-peace","kind":"creek","name":"Peace"},"geometry":{"type":"MultiLineString","coordinates":[]}},{"type":"Feature","properties":{"id":"creek-peace","kind":"creek","name":"Peace"},"geometry":{"type":"MultiLineString","coordinates":[]}},{"type":"Feature","properties":{"id":"creek-setit","kind":"creek","name":"Setit"},"geometry":{"type":"MultiLineString","coordinates":[]}},{"type":"Feature","properties":{"id":"creek-daly","kind":"creek","name":"Daly"},"geometry":{"type":"MultiLineString","coordinates":[]}},{"type":"Feature","properties":{"id":"creek-mamberamo","kind":"creek","name":"Mamberamo"},"geometry":{"type":"MultiLineString","coordinates":[]}},{"type":"Feature","properties":{"id":"creek-kheta","kind":"creek","name":"Kheta"},"geometry":{"type":"MultiLineString","coordinates":[]}},{"type":"Feature","properties":{"id":"creek-chulyshman","kind":"creek","name":"Chulyshman"},"geometry":{"type":"MultiLineString","coordinates":[]}},{"type":"Feature","properties":{"id":"creek-brazos","kind":"creek","name":"Brazos"},"geometry":{"type":"MultiLineString","coordinates":[]}},{"type":"Feature","properties":{"id":"creek-waterway","kind":"creek","name":"Waterway"},"geometry":{"type":"MultiLineString","coordinates":[]}},{"type":"Feature","properties":{"id":"creek-pnuco","kind":"creek","name":"Pnuco"},"geometry":{"type":"MultiLineString","coordinates":[]}},{"type":"Feature","properties":{"id":"creek-konqi","kind":"creek","name":"Konqi"},"geometry":{"type":"MultiLineString","coordinates":[]}},{"type":"Feature","properties":{"id":"creek-tarim","kind":"creek","name":"Tarim"},"geometry":{"type":"MultiLineString","coordinates":[]}},{"type":"Feature","properties":{"id":"creek-mackenzie","kind":"creek","name":"Mackenzie"},"geometry":{"type":"MultiLineString","coordinates":[]}},{"type":"Feature","properties":{"id":"creek-mackenzie","kind":"creek","name":"Mackenzie"},"geometry":{"type":"MultiLineString","coordinates":[]}},{"type":"Feature","properties":{"id":"creek-trinity","kind":"creek","name":"Trinity"},"geometry":{"type":"MultiLineString","coordinates":[]}},{"type":"Feature","properties":{"id":"creek-soroksari-duna","kind":"creek","name":"Soroksari Duna"},"geometry":{"type":"MultiLineString","coordinates":[]}},{"type":"Feature","properties":{"id":"creek-ferenc-csatorna","kind":"creek","name":"Ferenc Csatorna"},"geometry":{"type":"MultiLineString","coordinates":[]}},{"type":"Feature","properties":{"id":"creek-desaguadero","kind":"creek","name":"Desaguadero"},"geometry":{"type":"MultiLineString","coordinates":[]}},{"type":"Feature","properties":{"id":"creek-bahr-el-zeraf","kind":"creek","name":"Bahr el  Zeraf"},"geometry":{"type":"MultiLineString","coordinates":[]}},{"type":"Feature","properties":{"id":"creek-sanaga","kind":"creek","name":"Sanaga"},"geometry":{"type":"LineString","coordinates":[[13.125987,4.933458],[13.105479,4.923204],[13.082449,4.92768],[13.040457,4.950507],[13.006277,4.964179],[12.984548,4.987657],[12.975841,4.991523],[12.972341,4.994086],[12.961436,4.998806],[12.950125,5.000759],[12.944835,4.995225],[12.941417,4.988715],[12.932872,4.985907],[12.911306,4.985297],[12.900401,4.98668],[12.88087,4.99197],[12.86964,4.991523],[12.844168,4.974473],[12.832205,4.971625],[12.770763,4.974311],[12.752371,4.971625],[12.731863,4.963446],[12.716319,4.95307],[12.687918,4.926622],[12.668468,4.919867],[12.644705,4.923041],[12.621023,4.928819],[12.602224,4.93004],[12.590831,4.92414],[12.553722,4.89586],[12.550466,4.891628],[12.540782,4.875434],[12.533865,4.870795],[12.518972,4.865343],[12.512706,4.861762],[12.503103,4.846503],[12.481456,4.80211],[12.468761,4.792914],[12.447195,4.782253],[12.420339,4.735297],[12.393321,4.724636],[12.28004,4.724636],[12.268484,4.721869],[12.267263,4.717068],[12.270763,4.710028],[12.273204,4.70071],[12.269298,4.694159],[12.260183,4.690375],[12.248953,4.687445],[12.216807,4.672878],[12.207937,4.664822],[12.204356,4.652289],[12.204112,4.627143],[12.199474,4.618232],[12.187511,4.614773],[12.163341,4.594265],[12.146007,4.570868],[12.146007,4.566352],[12.127208,4.561835],[12.110769,4.550889],[12.08074,4.525336],[12.068614,4.545274],[12.061941,4.552924],[12.053477,4.560126],[12.017996,4.573513],[12.012462,4.57685],[12.008311,4.586005],[11.998953,4.595974],[11.989513,4.601589],[11.985281,4.597683],[11.983165,4.588487],[11.978201,4.579942],[11.965343,4.566352],[11.956716,4.560248],[11.938487,4.551459],[11.931163,4.546454],[11.927419,4.539578],[11.924571,4.530463],[11.920665,4.522528],[11.903087,4.513983],[11.831716,4.456163],[11.812999,4.44713],[11.770763,4.438788],[11.750499,4.427598],[11.679128,4.371853],[11.659923,4.364081],[11.632335,4.361518],[11.560069,4.38821],[11.528087,4.418565],[11.501964,4.455919],[11.472097,4.488593],[11.429698,4.50491],[11.403982,4.50434],[11.384288,4.49787],[11.367931,4.485622],[11.239431,4.360216],[11.2317,4.350938],[11.228689,4.327338],[11.22047,4.310329],[11.209483,4.297227],[11.097179,4.197577],[11.06658,4.17654],[11.057546,4.171658],[11.049815,4.168647],[10.996104,4.155137],[10.983653,4.148017],[10.971121,4.134955],[10.954112,4.13878],[10.914968,4.119981],[10.86907,4.110541],[10.833181,4.092312],[10.813406,4.086493],[10.790212,4.087958],[10.779226,4.086493],[10.771658,4.083319],[10.766287,4.07921],[10.759939,4.075629],[10.74879,4.074083],[10.742686,4.071845],[10.729259,4.062079],[10.721202,4.059882],[10.717947,4.057807],[10.715994,4.054226],[10.713145,4.052598],[10.70753,4.056464],[10.704031,4.062201],[10.701101,4.069525],[10.697195,4.076239],[10.69044,4.080349],[10.686046,4.078559],[10.673513,4.0692],[10.669363,4.067328],[10.659434,4.070746],[10.655203,4.072943],[10.656423,4.074083],[10.624929,4.074083],[10.61964,4.070828],[10.611827,4.063544],[10.60198,4.056342],[10.590831,4.053005],[10.580089,4.051378],[10.53419,4.029324],[10.524425,4.025987],[10.511648,4.025702],[10.484304,4.042548],[10.474132,4.0456],[10.465343,4.055609],[10.44752,4.099229],[10.436697,4.108222],[10.394949,4.0456],[10.381358,4.01203],[10.37379837022672,4]]}},{"type":"Feature","properties":{"id":"creek-busira","kind":"creek","name":"Busira"},"geometry":{"type":"MultiLineString","coordinates":[]}},{"type":"Feature","properties":{"id":"creek-jubba","kind":"creek","name":"Jubba"},"geometry":{"type":"MultiLineString","coordinates":[]}},{"type":"Feature","properties":{"id":"creek-gta-lv","kind":"creek","name":"Gta lv"},"geometry":{"type":"MultiLineString","coordinates":[]}},{"type":"Feature","properties":{"id":"creek-za","kind":"creek","name":"Za"},"geometry":{"type":"MultiLineString","coordinates":[]}},{"type":"Feature","properties":{"id":"creek-xiliao","kind":"creek","name":"Xiliao"},"geometry":{"type":"MultiLineString","coordinates":[]}},{"type":"Feature","properties":{"id":"creek-kokemenjoki","kind":"creek","name":"Kokemenjoki"},"geometry":{"type":"MultiLineString","coordinates":[]}},{"type":"Feature","properties":{"id":"creek-great-pee-dee","kind":"creek","name":"Great Pee Dee"},"geometry":{"type":"MultiLineString","coordinates":[]}},{"type":"Feature","properties":{"id":"creek-tisa","kind":"creek","name":"Tisa"},"geometry":{"type":"MultiLineString","coordinates":[]}},{"type":"Feature","properties":{"id":"creek-sangha","kind":"creek","name":"Sangha"},"geometry":{"type":"MultiLineString","coordinates":[]}},{"type":"Feature","properties":{"id":"creek-ruki","kind":"creek","name":"Ruki"},"geometry":{"type":"MultiLineString","coordinates":[]}},{"type":"Feature","properties":{"id":"creek-songhua","kind":"creek","name":"Songhua"},"geometry":{"type":"MultiLineString","coordinates":[]}},{"type":"Feature","properties":{"id":"creek-min","kind":"creek","name":"Min"},"geometry":{"type":"MultiLineString","coordinates":[]}},{"type":"Feature","properties":{"id":"creek-khatanga","kind":"creek","name":"Khatanga"},"geometry":{"type":"MultiLineString","coordinates":[]}},{"type":"Feature","properties":{"id":"creek-pend-orielle","kind":"creek","name":"Pend Orielle"},"geometry":{"type":"MultiLineString","coordinates":[]}},{"type":"Feature","properties":{"id":"creek-paraná","kind":"creek","name":"Paraná"},"geometry":{"type":"MultiLineString","coordinates":[]}},{"type":"Feature","properties":{"id":"creek-potomac","kind":"creek","name":"Potomac"},"geometry":{"type":"MultiLineString","coordinates":[]}},{"type":"Feature","properties":{"id":"creek-lualaba","kind":"creek","name":"Lualaba"},"geometry":{"type":"MultiLineString","coordinates":[]}},{"type":"Feature","properties":{"id":"creek-donau","kind":"creek","name":"Donau"},"geometry":{"type":"MultiLineString","coordinates":[]}},{"type":"Feature","properties":{"id":"creek-slave","kind":"creek","name":"Slave"},"geometry":{"type":"MultiLineString","coordinates":[]}},{"type":"Feature","properties":{"id":"creek-mississippi","kind":"creek","name":"Mississippi"},"geometry":{"type":"MultiLineString","coordinates":[]}},{"type":"Feature","properties":{"id":"creek-lancang","kind":"creek","name":"Lancang"},"geometry":{"type":"MultiLineString","coordinates":[]}},{"type":"Feature","properties":{"id":"creek-congo","kind":"creek","name":"Congo"},"geometry":{"type":"MultiLineString","coordinates":[]}},{"type":"Feature","properties":{"id":"creek-yarlung","kind":"creek","name":"Yarlung"},"geometry":{"type":"MultiLineString","coordinates":[]}},{"type":"Feature","properties":{"id":"creek-lualaba","kind":"creek","name":"Lualaba"},"geometry":{"type":"MultiLineString","coordinates":[]}},{"type":"Feature","properties":{"id":"creek-irtysh","kind":"creek","name":"Irtysh"},"geometry":{"type":"MultiLineString","coordinates":[]}},{"type":"Feature","properties":{"id":"creek-congo","kind":"creek","name":"Congo"},"geometry":{"type":"MultiLineString","coordinates":[]}},{"type":"Feature","properties":{"id":"creek-mekong","kind":"creek","name":"Mekong"},"geometry":{"type":"MultiLineString","coordinates":[]}},{"type":"Feature","properties":{"id":"creek-dihang","kind":"creek","name":"Dihang"},"geometry":{"type":"MultiLineString","coordinates":[]}},{"type":"Feature","properties":{"id":"creek-bratul-chillia","kind":"creek","name":"Bratul Chillia"},"geometry":{"type":"MultiLineString","coordinates":[]}},{"type":"Feature","properties":{"id":"creek-bratul-sfintu-gheorghe","kind":"creek","name":"Bratul Sfintu Gheorghe"},"geometry":{"type":"MultiLineString","coordinates":[]}},{"type":"Feature","properties":{"id":"creek-nile","kind":"creek","name":"Nile"},"geometry":{"type":"MultiLineString","coordinates":[]}},{"type":"Feature","properties":{"id":"creek-nile","kind":"creek","name":"Nile"},"geometry":{"type":"MultiLineString","coordinates":[]}},{"type":"Feature","properties":{"id":"creek-bratul-sulina","kind":"creek","name":"Bratul Sulina"},"geometry":{"type":"MultiLineString","coordinates":[]}},{"type":"Feature","properties":{"id":"creek-brahmaputra","kind":"creek","name":"Brahmaputra"},"geometry":{"type":"MultiLineString","coordinates":[]}},{"type":"Feature","properties":{"id":"creek-borcea","kind":"creek","name":"Borcea"},"geometry":{"type":"MultiLineString","coordinates":[]}},{"type":"Feature","properties":{"id":"creek-yukon","kind":"creek","name":"Yukon"},"geometry":{"type":"MultiLineString","coordinates":[]}},{"type":"Feature","properties":{"id":"creek-murray","kind":"creek","name":"Murray"},"geometry":{"type":"MultiLineString","coordinates":[]}},{"type":"Feature","properties":{"id":"creek-ganges","kind":"creek","name":"Ganges"},"geometry":{"type":"MultiLineString","coordinates":[]}},{"type":"Feature","properties":{"id":"creek-indus","kind":"creek","name":"Indus"},"geometry":{"type":"MultiLineString","coordinates":[]}},{"type":"Feature","properties":{"id":"creek-indus","kind":"creek","name":"Indus"},"geometry":{"type":"MultiLineString","coordinates":[]}},{"type":"Feature","properties":{"id":"creek-niger","kind":"creek","name":"Niger"},"geometry":{"type":"LineString","coordinates":[[4.625743,9.864529],[4.620291,9.877143],[4.609874,9.892768],[4.589773,9.912177],[4.583507,9.940863],[4.593191,9.979438],[4.591319,10.007636],[4.581228,10.03323],[4.566417,10.058783],[4.545584,10.083808],[4.533865,10.105333],[4.529552,10.126736],[4.527599,10.141059],[4.533458,10.166612],[4.552013,10.204372],[4.555675,10.214626],[4.556895,10.220282],[4.557384,10.226426],[4.556895,10.232449],[4.555837,10.238064],[4.553966,10.242987],[4.502452,10.334662],[4.500743,10.33869],[4.499034,10.346218],[4.497325,10.363227],[4.49822,10.376003],[4.502615,10.399929],[4.513601,10.431423],[4.564138,10.525702],[4.569591,10.533026],[4.656668,10.609239]]}},{"type":"Feature","properties":{"id":"creek-niger","kind":"creek","name":"Niger"},"geometry":{"type":"MultiLineString","coordinates":[[[2.5,12.657854832057554],[2.508556,12.652655],[2.517345,12.648505],[2.523448,12.648993],[2.526866,12.646186],[2.527761,12.632148],[2.520925,12.613796],[2.507823,12.603339],[2.5,12.593944169414979]],[[2.5,12.581393595084846],[2.50172,12.570746],[2.508718,12.560736],[2.527599,12.545437],[2.535167,12.537218],[2.548025,12.506293],[2.555675,12.495632],[2.564464,12.516913],[2.577322,12.540147],[2.593191,12.561632],[2.611013,12.577582],[2.61614,12.574652],[2.619558,12.571723],[2.622,12.568427],[2.623953,12.564521],[2.628103,12.552598],[2.628103,12.52558],[2.631358,12.515489],[2.671804,12.515489],[2.672537,12.513129],[2.677745,12.510321],[2.683849,12.511013],[2.686697,12.519232],[2.687999,12.52497],[2.691173,12.532253],[2.695486,12.539008],[2.699718,12.543402],[2.709402,12.54621],[2.718272,12.542914],[2.725027,12.5338],[2.72755,12.519232],[2.727957,12.493964],[2.731619,12.465847],[2.742442,12.442979],[2.764822,12.433539],[2.786306,12.429145],[2.822032,12.40766],[2.843679,12.399441],[2.891612,12.357286],[2.91212,12.346503],[2.922048,12.335801],[2.929942,12.323432],[2.93629,12.301052],[2.944509,12.292589],[2.955496,12.286973],[2.967214,12.282742],[3.000499,12.279079],[3.0088,12.276475],[3.012462,12.271267],[3.022227,12.252631],[3.062755,12.193956],[3.234793,12.03974],[3.237804,12.034369],[3.251475,12.024278],[3.254649,12.018907],[3.257009,11.997585],[3.262136,11.97488],[3.269298,11.956651],[3.292247,11.918891],[3.306407,11.902533],[3.314952,11.894721],[3.327159,11.886542],[3.341075,11.883083],[3.354503,11.889228],[3.368663,11.897488],[3.3803,11.895209],[3.391043,11.888983],[3.402354,11.885443],[3.447032,11.858181],[3.483653,11.845323],[3.494802,11.837714],[3.50294,11.830146],[3.536388,11.783067],[3.543142,11.777289],[3.548595,11.773953],[3.553233,11.769843],[3.556895,11.76199],[3.562022,11.746161],[3.565603,11.738552],[3.567556,11.729763],[3.571218,11.721991],[3.5796,11.717475],[3.588796,11.701687],[3.617442,11.680772],[3.627615,11.666938],[3.631277,11.65001],[3.634451,11.643256],[3.642507,11.636664],[3.712413,11.600043],[3.72755,11.595486],[3.837413,11.575873],[3.851329,11.569892],[3.857432,11.565294],[3.90919,11.512152],[3.918468,11.508572],[3.933279,11.50727],[3.948009,11.508409],[3.957205,11.512152],[3.96461,11.513617],[3.973562,11.508124],[3.98821,11.494452],[4.048839,11.464464],[4.067068,11.460313],[4.079275,11.455349],[4.090994,11.443549],[4.110362,11.41946],[4.115489,11.414618],[4.116954,11.412462],[4.122,11.400214],[4.124278,11.374579],[4.129568,11.372016],[4.144054,11.361111],[4.177175,11.345038],[4.186046,11.338935],[4.193614,11.331407],[4.200125,11.322211],[4.214041,11.291612],[4.221446,11.282538],[4.247488,11.260321],[4.255056,11.251736],[4.279226,11.212958],[4.294607,11.196601],[4.314952,11.189154],[4.368582,11.189724],[4.424246,11.182237],[4.448171,11.176093],[4.471609,11.167304],[4.513357,11.142686],[4.514334,11.138617],[4.573904,11.100206],[4.586355,11.088446],[4.595714,11.075466],[4.626231,11.013943],[4.656016,10.967963],[4.668875,10.956488],[4.700613,10.938178],[4.721446,10.913601],[4.723888,10.879503],[4.690603,10.700995],[4.690929,10.663194],[4.689138,10.64586],[4.681326,10.632432],[4.656179,10.607204]],[[4.625743,9.864529],[4.65032,9.718695],[4.647634,9.709906],[4.628103,9.704413],[4.622813,9.699246],[4.619802,9.691677],[4.615652,9.666449],[4.597423,9.627224],[4.572439,9.585639],[4.56837,9.553656],[4.57366,9.521796],[4.608816,9.444403],[4.616222,9.415107],[4.618907,9.377265],[4.617686,9.358018],[4.618826,9.358222],[4.619802,9.358669],[4.620535,9.359239],[4.621104,9.360134],[4.621511,9.341376],[4.625011,9.324774],[4.633474,9.310736],[4.648692,9.299831],[4.664561,9.293728],[4.71461,9.285427],[4.742605,9.27497],[4.754812,9.254584],[4.756033,9.227851],[4.750662,9.198513],[4.752452,9.168321],[4.770763,9.148749],[4.798595,9.139919],[4.829356,9.141954],[4.869802,9.154079],[4.914317,9.179145],[4.979177,9.199774],[4.992849,9.199774],[5.00587,9.196601],[5.030772,9.185248],[5.032156,9.179877],[5.049734,9.171658],[5.083181,9.148749],[5.135671,9.124132],[5.150157,9.113349],[5.167166,9.09101],[5.184337,9.073188],[5.18922,9.06269],[5.189871,9.052354],[5.18922,9.041693],[5.190196,9.0303],[5.197439,9.01671],[5.209483,9.008368],[5.224376,9.003852],[5.319509,8.988349],[5.386485,8.992377],[5.401052,8.989529],[5.413097,8.983344],[5.423595,8.975124],[5.442068,8.95657],[5.453868,8.947048],[5.466238,8.94123],[5.479666,8.938341],[5.510265,8.936713],[5.524425,8.934149],[5.538015,8.92947],[5.55128,8.921942],[5.557302,8.917019],[5.570242,8.900214],[5.591563,8.882148],[5.600597,8.87226],[5.608409,8.861843],[5.617849,8.844346],[5.621349,8.839219],[5.634288,8.829047],[5.650076,8.823839],[5.707937,8.822292],[5.715587,8.821072],[5.737559,8.812608],[5.746023,8.811225],[5.7588,8.790107],[5.773692,8.77086],[5.78419,8.752387],[5.790538,8.745795],[5.802419,8.741807],[5.855642,8.742621],[5.899669,8.735867],[5.914561,8.73546],[5.926524,8.738064],[5.958181,8.752875],[5.982677,8.757595],[6.092459,8.758612],[6.107921,8.756212],[6.122732,8.750556],[6.153005,8.721991],[6.160655,8.719346],[6.259939,8.738389],[6.277354,8.736762],[6.284597,8.730658],[6.321707,8.705675],[6.341726,8.702582],[6.357677,8.693956],[6.370535,8.680976],[6.395274,8.639675],[6.396007,8.621405],[6.397878,8.613308],[6.413341,8.582058],[6.415782,8.574042],[6.421316,8.572821],[6.424978,8.564276],[6.427175,8.555609],[6.429698,8.526231],[6.442638,8.478135],[6.465343,8.431749],[6.473399,8.427761],[6.572276,8.353624],[6.583914,8.340277],[6.622976,8.27794],[6.660655,8.238064],[6.672862,8.231879],[6.674001,8.226508],[6.688487,8.213568],[6.704112,8.177558],[6.714529,8.160834],[6.740489,8.129665],[6.762706,8.095486],[6.770681,8.078721],[6.776296,8.062812],[6.798106,7.936632],[6.796804,7.919989],[6.792166,7.903591],[6.773204,7.865505],[6.770518,7.857611],[6.757986,7.770331],[6.748953,7.740424],[6.74822,7.733995],[6.748953,7.726833],[6.754812,7.710639],[6.756765,7.702663],[6.75587,7.693386],[6.75115,7.683173],[6.729421,7.656684],[6.725027,7.648139],[6.712332,7.605536],[6.709727,7.591661],[6.70989,7.577948],[6.716238,7.54324],[6.707286,7.394151],[6.709727,7.372992],[6.70989,7.362006],[6.696462,7.239325],[6.697195,7.220404],[6.699392,7.211941],[6.715343,7.177517],[6.718028,7.168402],[6.719412,7.148993],[6.715343,7.130439],[6.703136,7.093777],[6.698416,7.042019],[6.689708,7.0185],[6.688894,7.008165],[6.689382,6.964138],[6.687429,6.955186],[6.661306,6.899604],[6.650401,6.860622],[6.649181,6.843858],[6.65504,6.791327],[6.650645,6.663275],[6.654714,6.620795],[6.674815,6.564276],[6.676768,6.549262],[6.676687,6.503485],[6.680919,6.474066],[6.690603,6.440375],[6.708751,6.376166],[6.715017,6.321112],[6.732839,6.272284],[6.736746,6.233344],[6.740896,6.21955],[6.753917,6.194403],[6.759044,6.181098],[6.760916,6.167182],[6.757742,6.122911],[6.753835,6.109646],[6.746837,6.10163],[6.736583,6.096625],[6.723399,6.091864],[6.703787,6.075995],[6.699392,6.053494],[6.703298,6.001003],[6.689952,5.950059],[6.688975,5.941107],[6.69044,5.923692],[6.688975,5.914374],[6.685313,5.905829],[6.645437,5.852729],[6.625987,5.818549],[6.61614,5.792792],[6.609386,5.765896],[6.605724,5.723212],[6.579845,5.607774],[6.559825,5.561794],[6.556326,5.541327],[6.551931,5.513861],[6.546886,5.501003],[6.53948,5.489569],[6.519786,5.468817],[6.514415,5.465033],[6.496104,5.458075],[6.490408,5.453559],[6.480724,5.442694],[6.47462,5.438585],[6.476085,5.43655],[6.493093,5.393093],[6.495372,5.371365],[6.479177,5.362087],[6.34962,5.342719],[6.333263,5.337185],[6.314952,5.323554],[6.305837,5.314805],[6.298106,5.305732],[6.292979,5.295478],[6.291026,5.283515],[6.290701,5.269355],[6.288585,5.263739],[6.270518,5.258979],[6.228282,5.259345],[6.209483,5.252712],[6.201671,5.228583],[6.203787,5.217353],[6.213145,5.202745],[6.215261,5.193874],[6.210378,5.183702],[6.19866,5.177761],[6.174327,5.170233],[6.16627,5.163886],[6.160818,5.157497],[6.153575,5.152167],[6.14031,5.149115],[6.128429,5.150824],[6.115896,5.154608],[6.104259,5.156684],[6.09547,5.152859],[6.066824,5.113471],[6.050222,5.104682],[6.023448,5.108222],[6.002859,5.11697],[5.981863,5.12934],[5.915538,5.187771],[5.901622,5.191759],[5.843028,5.186957],[5.82545,5.192206],[5.818126,5.20779],[5.809255,5.205878],[5.749766,5.170233],[5.735037,5.180243],[5.725841,5.184434],[5.721853,5.180203],[5.718679,5.164984],[5.710704,5.163153],[5.691417,5.170233],[5.653087,5.164984],[5.619395,5.156602],[5.611746,5.152208],[5.602306,5.143866],[5.594981,5.142361],[5.586681,5.146674],[5.58074,5.16588],[5.574718,5.170233],[5.566661,5.167426],[5.536876,5.149115],[5.525645,5.147406],[5.506114,5.14704],[5.49586,5.142361]],[[6.564708,5.540147],[6.580089,5.527859],[6.595632,5.518378],[6.607677,5.505154],[6.612559,5.481513],[6.604747,5.417833],[6.605724,5.395575],[6.612559,5.3546],[6.614431,5.350124],[6.617605,5.345974],[6.620128,5.341091],[6.620046,5.334093],[6.616954,5.328681],[6.607595,5.320258],[6.605724,5.317003],[6.601329,5.31391],[6.582693,5.309638],[6.57838,5.303738],[6.575694,5.292833],[6.569591,5.282294],[6.536143,5.240749],[6.511729,5.222602],[6.490001,5.202338],[6.476085,5.170233],[6.470632,5.124945],[6.462413,5.103583],[6.444591,5.09455],[6.43865,5.085639],[6.43214,5.064399],[6.427664,5.039333],[6.427501,5.018826],[6.430186,5.007758],[6.434255,4.996934],[6.440115,4.986884],[6.448009,4.977851],[6.457693,4.990505],[6.469168,4.989081],[6.482188,4.982042],[6.496511,4.977851],[6.511648,4.982245],[6.522227,4.988715],[6.528575,4.98725],[6.530528,4.967882],[6.535899,4.960395],[6.547618,4.958116],[6.5595,4.953925],[6.568777,4.931464],[6.586925,4.906684],[6.592052,4.89586],[6.591726,4.884223],[6.585867,4.859483],[6.585867,4.84748],[6.602957,4.807074],[6.61199,4.769558],[6.628347,4.748481],[6.650564,4.738471],[6.674571,4.745063],[6.687755,4.727891],[6.702566,4.684841],[6.712169,4.676215],[6.718028,4.667751],[6.724294,4.648017],[6.72877,4.625271],[6.736095,4.607937]],[[6.502696,5.381903],[6.501475,5.356757],[6.485362,5.351264],[6.463308,5.351752],[6.444591,5.344672],[6.434988,5.330634],[6.417735,5.298367],[6.407725,5.286933],[6.390554,5.281195],[6.372244,5.279649],[6.357677,5.273993],[6.351817,5.255642],[6.349864,5.243842],[6.344981,5.233181],[6.33782,5.223578],[6.328868,5.214667],[6.3213,5.203152],[6.326101,5.196479],[6.345632,5.190131],[6.355886,5.190701],[6.364187,5.195909],[6.370128,5.196601],[6.372976,5.183295],[6.370046,5.172797],[6.362071,5.162624],[6.352061,5.156928],[6.342214,5.16002],[6.330007,5.1612],[6.3178,5.112657],[6.304698,5.09455],[6.281749,5.092393],[6.264415,5.097968],[6.253347,5.095771],[6.24822,5.048407],[6.249197,5.037055],[6.253184,5.029364],[6.263438,5.027696],[6.274425,5.031317],[6.282481,5.031317],[6.28419,5.018826],[6.280447,5.013007],[6.273692,5.012966],[6.266856,5.014268],[6.263113,5.012641],[6.260997,5.004096],[6.261404,5.000841],[6.262625,4.998236],[6.263113,4.991523],[6.269949,4.970282],[6.269949,4.956651],[6.26002,4.950507],[6.257009,4.949774]],[[6.256847,4.950507],[6.257009,4.949774]],[[6.257009,4.949774],[6.261485,4.935126],[6.273611,4.911566],[6.277354,4.89586],[6.276541,4.890815],[6.271739,4.879991],[6.270518,4.87169],[6.270518,4.844102],[6.266287,4.828437],[6.246837,4.797227],[6.242605,4.78266],[6.245046,4.764472],[6.255382,4.73253],[6.256847,4.7178],[6.251882,4.70128],[6.234386,4.681667],[6.228933,4.669989],[6.229503,4.654364],[6.240001,4.620673],[6.242605,4.604519],[6.247569,4.592841],[6.256765,4.579861],[6.261485,4.565497],[6.247244,4.539415],[6.236339,4.498074]],[[6.257009,4.949774],[6.245372,4.946845],[6.239431,4.938422],[6.234386,4.929267],[6.222667,4.923204],[6.22169,4.929877],[6.216563,4.940375],[6.211111,4.941433],[6.202891,4.885932],[6.188487,4.880561],[6.168712,4.883816],[6.146983,4.875434],[6.144542,4.870795],[6.142996,4.859076],[6.14031,4.854315],[6.135753,4.851142],[6.130544,4.849066],[6.124034,4.847927],[6.115977,4.84748],[6.108653,4.842108],[6.084972,4.806505],[6.090099,4.799994],[6.098562,4.779242],[6.088145,4.779649],[6.081065,4.77794],[6.075938,4.773505],[6.0713,4.76557],[6.090343,4.755683],[6.095876,4.734402],[6.092459,4.686713],[6.094168,4.655097],[6.092459,4.642646],[6.087413,4.633897],[6.081554,4.626899],[6.081065,4.619167],[6.092459,4.607937],[6.084158,4.598171],[6.077403,4.583564],[6.073009,4.568386],[6.0713,4.556708],[6.067882,4.545762],[6.051931,4.517442],[6.04713,4.511746],[6.039806,4.50495],[6.044688,4.490302],[6.053233,4.476264],[6.057628,4.471381],[6.0595,4.456122],[6.058279,4.443793],[6.055431,4.419867]]]}},{"type":"Feature","properties":{"id":"creek-victoria-nile","kind":"creek","name":"Victoria Nile"},"geometry":{"type":"MultiLineString","coordinates":[]}},{"type":"Feature","properties":{"id":"creek-victoria-nile","kind":"creek","name":"Victoria Nile"},"geometry":{"type":"MultiLineString","coordinates":[]}},{"type":"Feature","properties":{"id":"creek-ubangi","kind":"creek","name":"Ubangi"},"geometry":{"type":"MultiLineString","coordinates":[]}},{"type":"Feature","properties":{"id":"creek-teslin","kind":"creek","name":"Teslin"},"geometry":{"type":"MultiLineString","coordinates":[]}},{"type":"Feature","properties":{"id":"creek-teslin","kind":"creek","name":"Teslin"},"geometry":{"type":"MultiLineString","coordinates":[]}},{"type":"Feature","properties":{"id":"creek-euphrates","kind":"creek","name":"Euphrates"},"geometry":{"type":"MultiLineString","coordinates":[]}},{"type":"Feature","properties":{"id":"creek-shiquan","kind":"creek","name":"Shiquan"},"geometry":{"type":"MultiLineString","coordinates":[]}},{"type":"Feature","properties":{"id":"creek-columbia","kind":"creek","name":"Columbia"},"geometry":{"type":"MultiLineString","coordinates":[]}},{"type":"Feature","properties":{"id":"creek-columbia","kind":"creek","name":"Columbia"},"geometry":{"type":"MultiLineString","coordinates":[]}},{"type":"Feature","properties":{"id":"creek-firat","kind":"creek","name":"Firat"},"geometry":{"type":"MultiLineString","coordinates":[]}},{"type":"Feature","properties":{"id":"creek-firat","kind":"creek","name":"Firat"},"geometry":{"type":"MultiLineString","coordinates":[]}},{"type":"Feature","properties":{"id":"creek-huang","kind":"creek","name":"Huang"},"geometry":{"type":"MultiLineString","coordinates":[]}},{"type":"Feature","properties":{"id":"creek-huang","kind":"creek","name":"Huang"},"geometry":{"type":"MultiLineString","coordinates":[]}},{"type":"Feature","properties":{"id":"creek-abay","kind":"creek","name":"Abay"},"geometry":{"type":"MultiLineString","coordinates":[]}},{"type":"Feature","properties":{"id":"creek-abay","kind":"creek","name":"Abay"},"geometry":{"type":"MultiLineString","coordinates":[]}},{"type":"Feature","properties":{"id":"creek-volga","kind":"creek","name":"Volga"},"geometry":{"type":"MultiLineString","coordinates":[]}},{"type":"Feature","properties":{"id":"creek-volga","kind":"creek","name":"Volga"},"geometry":{"type":"MultiLineString","coordinates":[]}},{"type":"Feature","properties":{"id":"creek-kama","kind":"creek","name":"Kama"},"geometry":{"type":"MultiLineString","coordinates":[]}},{"type":"Feature","properties":{"id":"creek-kama","kind":"creek","name":"Kama"},"geometry":{"type":"MultiLineString","coordinates":[]}},{"type":"Feature","properties":{"id":"creek-al-furat","kind":"creek","name":"Al Furat"},"geometry":{"type":"MultiLineString","coordinates":[]}},{"type":"Feature","properties":{"id":"creek-al-furat","kind":"creek","name":"Al Furat"},"geometry":{"type":"MultiLineString","coordinates":[]}},{"type":"Feature","properties":{"id":"creek-kagera","kind":"creek","name":"Kagera"},"geometry":{"type":"MultiLineString","coordinates":[]}},{"type":"Feature","properties":{"id":"creek-zambezi","kind":"creek","name":"Zambezi"},"geometry":{"type":"MultiLineString","coordinates":[]}},{"type":"Feature","properties":{"id":"creek-zambezi","kind":"creek","name":"Zambezi"},"geometry":{"type":"MultiLineString","coordinates":[]}},{"type":"Feature","properties":{"id":"creek-shire","kind":"creek","name":"Shire"},"geometry":{"type":"MultiLineString","coordinates":[]}},{"type":"Feature","properties":{"id":"creek-shire","kind":"creek","name":"Shire"},"geometry":{"type":"MultiLineString","coordinates":[]}},{"type":"Feature","properties":{"id":"creek-amur","kind":"creek","name":"Amur"},"geometry":{"type":"MultiLineString","coordinates":[]}},{"type":"Feature","properties":{"id":"creek-amur","kind":"creek","name":"Amur"},"geometry":{"type":"MultiLineString","coordinates":[]}},{"type":"Feature","properties":{"id":"creek-el-bahr-el-azraq","kind":"creek","name":"El Bahr el Azraq"},"geometry":{"type":"MultiLineString","coordinates":[]}},{"type":"Feature","properties":{"id":"creek-el-bahr-el-azraq","kind":"creek","name":"El Bahr el Azraq"},"geometry":{"type":"MultiLineString","coordinates":[]}},{"type":"Feature","properties":{"id":"creek-hailar","kind":"creek","name":"Hailar"},"geometry":{"type":"MultiLineString","coordinates":[]}},{"type":"Feature","properties":{"id":"creek-orinoco","kind":"creek","name":"Orinoco"},"geometry":{"type":"MultiLineString","coordinates":[]}},{"type":"Feature","properties":{"id":"creek-weir","kind":"creek","name":"Weir"},"geometry":{"type":"MultiLineString","coordinates":[]}},{"type":"Feature","properties":{"id":"creek-grande","kind":"creek","name":"Grande"},"geometry":{"type":"MultiLineString","coordinates":[]}},{"type":"Feature","properties":{"id":"creek-negro","kind":"creek","name":"Negro"},"geometry":{"type":"MultiLineString","coordinates":[]}},{"type":"Feature","properties":{"id":"creek-kibali","kind":"creek","name":"Kibali"},"geometry":{"type":"MultiLineString","coordinates":[]}},{"type":"Feature","properties":{"id":"creek-madison","kind":"creek","name":"Madison"},"geometry":{"type":"MultiLineString","coordinates":[]}},{"type":"Feature","properties":{"id":"creek-madison","kind":"creek","name":"Madison"},"geometry":{"type":"MultiLineString","coordinates":[]}},{"type":"Feature","properties":{"id":"creek-allegheny","kind":"creek","name":"Allegheny"},"geometry":{"type":"MultiLineString","coordinates":[]}},{"type":"Feature","properties":{"id":"creek-kasai","kind":"creek","name":"Kasai"},"geometry":{"type":"MultiLineString","coordinates":[]}},{"type":"Feature","properties":{"id":"creek-barwon","kind":"creek","name":"Barwon"},"geometry":{"type":"MultiLineString","coordinates":[]}},{"type":"Feature","properties":{"id":"creek-uele","kind":"creek","name":"Uele"},"geometry":{"type":"MultiLineString","coordinates":[]}},{"type":"Feature","properties":{"id":"creek-argun’","kind":"creek","name":"Argun’"},"geometry":{"type":"MultiLineString","coordinates":[]}},{"type":"Feature","properties":{"id":"creek-abay","kind":"creek","name":"Abay"},"geometry":{"type":"MultiLineString","coordinates":[]}},{"type":"Feature","properties":{"id":"creek-darling","kind":"creek","name":"Darling"},"geometry":{"type":"MultiLineString","coordinates":[]}},{"type":"Feature","properties":{"id":"creek-mamoré","kind":"creek","name":"Mamoré"},"geometry":{"type":"MultiLineString","coordinates":[]}},{"type":"Feature","properties":{"id":"creek-niagara","kind":"creek","name":"Niagara"},"geometry":{"type":"MultiLineString","coordinates":[]}},{"type":"Feature","properties":{"id":"creek-st.-clair","kind":"creek","name":"St. Clair"},"geometry":{"type":"MultiLineString","coordinates":[]}},{"type":"Feature","properties":{"id":"creek-missouri","kind":"creek","name":"Missouri"},"geometry":{"type":"MultiLineString","coordinates":[]}},{"type":"Feature","properties":{"id":"creek-missouri","kind":"creek","name":"Missouri"},"geometry":{"type":"MultiLineString","coordinates":[]}},{"type":"Feature","properties":{"id":"creek-guaporé","kind":"creek","name":"Guaporé"},"geometry":{"type":"MultiLineString","coordinates":[]}},{"type":"Feature","properties":{"id":"creek-madeira","kind":"creek","name":"Madeira"},"geometry":{"type":"MultiLineString","coordinates":[]}},{"type":"Feature","properties":{"id":"creek-ohio","kind":"creek","name":"Ohio"},"geometry":{"type":"MultiLineString","coordinates":[]}},{"type":"Feature","properties":{"id":"creek-heilong-jiang","kind":"creek","name":"Heilong Jiang"},"geometry":{"type":"MultiLineString","coordinates":[]}},{"type":"Feature","properties":{"id":"creek-shatt-al-arab","kind":"creek","name":"Shatt al Arab"},"geometry":{"type":"MultiLineString","coordinates":[]}},{"type":"Feature","properties":{"id":"creek-huang","kind":"creek","name":"Huang"},"geometry":{"type":"MultiLineString","coordinates":[]}},{"type":"Feature","properties":{"id":"creek-xi","kind":"creek","name":"Xi"},"geometry":{"type":"MultiLineString","coordinates":[]}},{"type":"Feature","properties":{"id":"creek-murray","kind":"creek","name":"Murray"},"geometry":{"type":"MultiLineString","coordinates":[]}},{"type":"Feature","properties":{"id":"creek-murray","kind":"creek","name":"Murray"},"geometry":{"type":"MultiLineString","coordinates":[]}},{"type":"Feature","properties":{"id":"creek-orange","kind":"creek","name":"Orange"},"geometry":{"type":"MultiLineString","coordinates":[]}},{"type":"Feature","properties":{"id":"creek-paraná","kind":"creek","name":"Paraná"},"geometry":{"type":"MultiLineString","coordinates":[]}},{"type":"Feature","properties":{"id":"creek-paraná","kind":"creek","name":"Paraná"},"geometry":{"type":"MultiLineString","coordinates":[]}},{"type":"Feature","properties":{"id":"creek-albert-nile","kind":"creek","name":"Albert Nile"},"geometry":{"type":"MultiLineString","coordinates":[]}},{"type":"Feature","properties":{"id":"creek-albert-nile","kind":"creek","name":"Albert Nile"},"geometry":{"type":"MultiLineString","coordinates":[]}},{"type":"Feature","properties":{"id":"creek-ariège","kind":"creek","name":"Ariège"},"geometry":{"type":"MultiLineString","coordinates":[]}},{"type":"Feature","properties":{"id":"creek-garonne","kind":"creek","name":"Garonne"},"geometry":{"type":"MultiLineString","coordinates":[]}},{"type":"Feature","properties":{"id":"creek-loire","kind":"creek","name":"Loire"},"geometry":{"type":"MultiLineString","coordinates":[]}},{"type":"Feature","properties":{"id":"creek-hawea","kind":"creek","name":"Hawea"},"geometry":{"type":"MultiLineString","coordinates":[]}},{"type":"Feature","properties":{"id":"creek-kawarau","kind":"creek","name":"Kawarau"},"geometry":{"type":"MultiLineString","coordinates":[]}},{"type":"Feature","properties":{"id":"creek-mataura","kind":"creek","name":"Mataura"},"geometry":{"type":"MultiLineString","coordinates":[]}},{"type":"Feature","properties":{"id":"creek-clutha","kind":"creek","name":"Clutha"},"geometry":{"type":"MultiLineString","coordinates":[]}},{"type":"Feature","properties":{"id":"creek-whanganui","kind":"creek","name":"Whanganui"},"geometry":{"type":"MultiLineString","coordinates":[]}},{"type":"Feature","properties":{"id":"creek-taieri","kind":"creek","name":"Taieri"},"geometry":{"type":"MultiLineString","coordinates":[]}},{"type":"Feature","properties":{"id":"creek-rangitikei","kind":"creek","name":"Rangitikei"},"geometry":{"type":"MultiLineString","coordinates":[]}},{"type":"Feature","properties":{"id":"creek-clarence","kind":"creek","name":"Clarence"},"geometry":{"type":"MultiLineString","coordinates":[]}},{"type":"Feature","properties":{"id":"creek-oreti","kind":"creek","name":"Oreti"},"geometry":{"type":"MultiLineString","coordinates":[]}},{"type":"Feature","properties":{"id":"creek-manawatu","kind":"creek","name":"Manawatu"},"geometry":{"type":"MultiLineString","coordinates":[]}},{"type":"Feature","properties":{"id":"creek-buller","kind":"creek","name":"Buller"},"geometry":{"type":"MultiLineString","coordinates":[]}},{"type":"Feature","properties":{"id":"creek-mohaka","kind":"creek","name":"Mohaka"},"geometry":{"type":"MultiLineString","coordinates":[]}},{"type":"Feature","properties":{"id":"creek-wairau","kind":"creek","name":"Wairau"},"geometry":{"type":"MultiLineString","coordinates":[]}},{"type":"Feature","properties":{"id":"creek-waimakariri","kind":"creek","name":"Waimakariri"},"geometry":{"type":"MultiLineString","coordinates":[]}},{"type":"Feature","properties":{"id":"creek-waikato","kind":"creek","name":"Waikato"},"geometry":{"type":"MultiLineString","coordinates":[]}},{"type":"Feature","properties":{"id":"creek-waikato","kind":"creek","name":"Waikato"},"geometry":{"type":"MultiLineString","coordinates":[]}},{"type":"Feature","properties":{"id":"creek-tongariro","kind":"creek","name":"Tongariro"},"geometry":{"type":"MultiLineString","coordinates":[]}},{"type":"Feature","properties":{"id":"creek-po","kind":"creek","name":"Po"},"geometry":{"type":"MultiLineString","coordinates":[]}},{"type":"Feature","properties":{"id":"creek-loire","kind":"creek","name":"Loire"},"geometry":{"type":"MultiLineString","coordinates":[]}},{"type":"Feature","properties":{"id":"creek-loire","kind":"creek","name":"Loire"},"geometry":{"type":"MultiLineString","coordinates":[]}},{"type":"Feature","properties":{"id":"creek-nun","kind":"creek","name":"Nun River"},"geometry":{"type":"LineString","coordinates":[[6.4,4.9],[6.2,4.7],[6,4.55],[5.8,4.45]]}},{"type":"Feature","properties":{"id":"creek-forcados","kind":"creek","name":"Forcados River"},"geometry":{"type":"LineString","coordinates":[[5.4,5.2],[5.2,5],[5,4.85],[4.8,4.75]]}},{"type":"Feature","properties":{"id":"creek-escravos","kind":"creek","name":"Escravos River"},"geometry":{"type":"LineString","coordinates":[[5.6,5.4],[5.4,5.2],[5.2,5]]}},{"type":"Feature","properties":{"id":"creek-bonny","kind":"creek","name":"Bonny River"},"geometry":{"type":"LineString","coordinates":[[7,4.7],[6.8,4.55],[6.6,4.45],[6.4,4.35]]}},{"type":"Feature","properties":{"id":"creek-new-calabar","kind":"creek","name":"New Calabar River"},"geometry":{"type":"LineString","coordinates":[[6.9,4.85],[6.7,4.75],[6.5,4.65]]}},{"type":"Feature","properties":{"id":"creek-sokoto","kind":"creek","name":"Sokoto River"},"geometry":{"type":"LineString","coordinates":[[4,13],[5,12],[6,11],[6.5,10]]}},{"type":"Feature","properties":{"id":"creek-kaduna","kind":"creek","name":"Kaduna River"},"geometry":{"type":"LineString","coordinates":[[7.4,10.5],[7.2,9.5],[7,8.5],[6.8,7.5]]}},{"type":"Feature","properties":{"id":"coastline-ng","kind":"coastline","name":"Coastline"}}]}