{"type":"FeatureCollection","features":[{"type":"Feature","properties":{"name":"Benin","code":"BEN"},"geometry":{"type":"Polygon","coordinates":[[[2.704951279172576,6.466417276994889],[2.710212806655989,6.53323867603325],[2.723892778112599,6.563755535436485],[2.730206611092569,6.606373908051296],[2.717578945132573,6.619001574011293],[2.717052792384379,6.645835364176094],[2.728628152847591,6.682139903811048],[2.750200415529207,6.693189111526067],[2.768089608972389,6.70949984672427],[2.762828081489204,6.745278233610861],[2.762828081489204,6.77632124576229],[2.74388658254918,6.775795093014096],[2.723892778112599,6.792631980960664],[2.713895875894366,6.811047327152266],[2.727049694602613,6.846825714038687],[2.738625055065825,6.892074850395318],[2.738625055065825,6.936797834003528],[2.715544213801252,6.954567820964712],[2.707836898151754,6.995673504428169],[2.729674292491666,7.031640977458665],[2.769495423346825,7.052193819190279],[2.760503555089201,7.072746660921894],[2.732243397708203,7.097153160478399],[2.727105187275299,7.130551528292358],[2.751511686831748,7.140827949158222],[2.752796239439874,7.181933632621678],[2.739950713357587,7.252584026074373],[2.727105187275299,7.279559630847245],[2.727105187275299,7.320665314310531],[2.719397871625915,7.372047418639909],[2.721966976842339,7.410583996886771],[2.763072660305795,7.413153102103365],[2.781056396821043,7.452974232958525],[2.781056396821043,7.492795363813684],[2.741235265965827,7.504356337287675],[2.728389739883539,7.526193731627586],[2.706552345543628,7.549315678575795],[2.706552345543628,7.575006730740427],[2.711690555976418,7.646941676801418],[2.711690555976418,7.709884754604786],[2.729674292491666,7.761266858934107],[2.723251529450579,7.80365709500569],[2.705267792935331,7.840909120644255],[2.69884502989413,7.871738383241791],[2.706529737417611,7.973318748216627],[2.716526639636015,8.037509383513054],[2.727306457143754,8.143989230265163],[2.739806162755315,8.165109422505225],[2.732837374834219,8.216401317945895],[2.712317417649217,8.263228912547277],[2.69916359894097,8.307425743407293],[2.713617384888835,8.385719995610373],[2.715624498339196,8.427869378068067],[2.741716973193888,8.46199030672409],[2.747738313545028,8.500125462281062],[2.751752540445636,8.554317525440865],[2.751752540445636,8.574388659944418],[2.745731200094667,8.60650247515025],[2.741716973193888,8.69481546696602],[2.741716973193888,8.734957735973353],[2.739709859743527,8.751014643576355],[2.729674292491666,8.771085778079964],[2.741716973193888,8.791156912583517],[2.76580233459822,8.80319959328557],[2.757773880796719,8.829292068140262],[2.763795221147859,8.859398769895733],[2.777845015300329,8.891512585101566],[2.767809448048638,8.905562379254036],[2.76580233459822,8.92764062720795],[2.77985212875069,8.985846917268475],[2.781859242201051,9.03803186697786],[2.800941271196393,9.068735885696185],[2.873287274091979,9.057226294326426],[2.895484343162252,9.081067590735131],[2.958787095695811,9.088466613758555],[2.980162051096841,9.065447431019038],[3.091969510117281,9.105731000813307],[3.138501143797839,9.25239607941063],[3.151654962506086,9.269759120105618],[3.171122614194473,9.29027907729062],[3.167439544956039,9.317639020203785],[3.164808781214447,9.371832753282035],[3.147971893267822,9.428657250101821],[3.147971893267822,9.454964887518429],[3.166422179290407,9.490274669613427],[3.194682336671349,9.506973853520378],[3.216519731011488,9.530095800468587],[3.239641677959469,9.563494168282546],[3.271755493165301,9.598177088704915],[3.270470940557004,9.641851877384738],[3.291023782288846,9.65855106129169],[3.316714834453421,9.652128298250489],[3.348828649659254,9.666258376941073],[3.365527833566205,9.702225849971569],[3.347544097050957,9.735624217785471],[3.333414018360372,9.787006322114848],[3.361674175741541,9.817835584712384],[3.416909937895582,9.834534768619335],[3.473430252657693,9.85380305774288],[3.506828620471651,9.856372162959246],[3.528666014811563,9.855087610351177],[3.558210724800972,9.879494109907455],[3.577838688654708,9.915243311758672],[3.593328625565618,9.927702608839297],[3.626343395141589,9.977171490237481],[3.626343395141589,10.04705115212522],[3.635386645503445,10.080757812565253],[3.658405828242962,10.091445290265597],[3.677314442636145,10.096377972281346],[3.686357692998001,10.138305769413819],[3.686357692998001,10.18023356654669],[3.654295259896628,10.199142180939873],[3.62798762248002,10.218050795332886],[3.599726642985331,10.27689966485201],[3.607808349199615,10.30787953867366],[3.632053467842809,10.36041062906719],[3.644849502682177,10.371186237353015],[3.647543404753549,10.418666261362375],[3.662023128387716,10.42674796757683],[3.699737757388164,10.439544002416199],[3.712870529986617,10.437186838103742],[3.727013515861699,10.428768394130373],[3.743513666049353,10.41462540825529],[3.776177228665802,10.396778307031923],[3.789310001264084,10.402839586692494],[3.80783057800528,10.450656348460939],[3.809851004558993,10.49308530608647],[3.820626612844876,10.510595669550924],[3.848807354045505,10.57251332497458],[3.845124284807127,10.605660948119407],[3.845650437555548,10.677743874640782],[3.79344442118321,10.695907576976595],[3.781401740481158,10.744078299785258],[3.765344832878327,10.758128093937671],[3.747280811824965,10.778199228441451],[3.775380400130018,10.856476653005359],[3.769359059778878,10.916690056516245],[3.733231017672495,11.011024388683381],[3.743266584924186,11.077259132545237],[3.701117202466662,11.071237792194097],[3.69710297556594,11.107365834300651],[3.679038954512748,11.147508103307814],[3.502974962646988,11.30791661026069],[3.5312351200281,11.441510081516753],[3.52995056741986,11.473623896722586],[3.545365198718684,11.514729580186042],[3.551004898489737,11.545895909387923],[3.588887896369727,11.693218678920744],[3.581521757893086,11.711107872364096],[3.548900287496508,11.737941662528897],[3.521014191834922,11.774246202163908],[3.510425367774644,11.79897538133531],[3.504670572089879,11.834326269114001],[3.473430252657693,11.85898967919195],[3.445478387902483,11.85898967919195],[3.417526523147387,11.861456020199853],[3.387108317384502,11.890229998624136],[3.360800679967895,11.905028044670985],[3.345180520251802,11.885297316608558],[3.30818540513485,11.887763657616404],[3.288454677072252,11.91735974970993],[3.264613380663548,11.969152910873902],[3.248993220947455,12.013547049014278],[3.22186346986166,12.043143141107976],[3.184868354744538,12.062873869170403],[3.157738603658686,12.102335325295371],[3.092791623786525,12.157416941136262],[3.044286917299644,12.201811079276808],[2.989205301458753,12.257714808786943],[2.925935433471807,12.304608172482006],[2.884895519102031,12.353014225328593],[2.860692492678822,12.37248187701681],[2.846486368473791,12.39247568145339],[2.823861800295617,12.412995638638392],[2.801237232117387,12.41720486062502],[2.786965338818788,12.408983723932351],[2.749970223701837,12.41391640594793],[2.733527950316329,12.408161610263107],[2.722840472615985,12.383498200184988],[2.70557608556129,12.37363283615366],[2.689955925845197,12.386786654862078],[2.680090561813927,12.384320313854232],[2.680912675483114,12.358012676437625],[2.684201130160204,12.323483902328519],[2.672691538790502,12.30539740160458],[2.638984878350641,12.321017561320673],[2.601989763233519,12.30210894692749],[2.575682125816911,12.313618538297249],[2.573215784809065,12.2988204922504],[2.555129284085297,12.300464719588831],[2.558417738762216,12.282378218864892],[2.543619692715538,12.274157082172223],[2.532932215015023,12.284844559872795],[2.518134168968174,12.29553203757331],[2.500869781913593,12.287310900880641],[2.509090918606262,12.26018114979479],[2.494292872559413,12.255248467779268],[2.477850599173905,12.274979195841638],[2.468807348812049,12.274979195841638],[2.47867271284332,12.24538310374794],[2.461408325788625,12.240450421732419],[2.419480528655924,12.265113831810368],[2.387418095554551,12.265113831810368],[2.378374845192468,12.249493672094275],[2.381663299869615,12.23222928503975],[2.390706550231641,12.219075466331333],[2.400571914262741,12.161527509482596],[2.401394027932156,12.132753531058313],[2.435100688372017,12.059585414493313],[2.448254507080435,12.03409989074612],[2.467163121473391,12.021768185706946],[2.481139053851052,12.021768185706946],[2.498403440905747,12.000393230306088],[2.491004417882323,11.979018274905059],[2.463052553127056,11.978196161235815],[2.453187189095956,11.959287546842631],[2.430990120025683,11.959287546842631],[2.419480528655924,11.932979909426024],[2.431812233694927,11.901739589993895],[2.432634347364342,11.872143497900197],[2.4120815056325,11.863922361207528],[2.406326709947734,11.838436837460335],[2.4022161416014,11.789932130973455],[2.389062322893039,11.780066766942184],[2.369331594830612,11.761158152549001],[2.347134525760339,11.743071651825232],[2.33891338906767,11.71265344606229],[2.341379730075573,11.676480444614413],[2.328225911367156,11.65757183022123],[2.292052909919448,11.648528579859317],[2.20381056849692,11.595094402738482],[2.031198811765876,11.444560893961238],[1.926828912347105,11.45258934776274],[1.88267241643922,11.464632028464962],[1.834501693630386,11.456603574663461],[1.746827124460879,11.433825373993272],[1.719993334295907,11.440665359721493],[1.623707381351267,11.399099292603466],[1.56004289880309,11.456976094919867],[1.540049094366623,11.462763775151473],[1.509006082215024,11.457502247668117],[1.49322149976507,11.468551455383079],[1.474280000825047,11.456976094919867],[1.45533850188508,11.462763775151473],[1.434818544700249,11.464342233396508],[1.397461699568623,11.43750844323148],[1.379572506125442,11.418566944291683],[1.391147866588653,11.406991583828301],[1.388517102847061,11.39331161237169],[1.369575603907037,11.383840862901707],[1.348529493973842,11.37068704419346],[1.331824144214352,11.35750034093843],[1.324425121190927,11.338591726545246],[1.337578939899117,11.32297156682921],[1.340867394576208,11.296663929412603],[1.32113666651378,11.290087020058422],[1.295651142766417,11.29090913372761],[1.276742528373234,11.308173520782361],[1.262766595995799,11.313928316467127],[1.255367572972375,11.2941975884047],[1.271809846357712,11.285154338042844],[1.270987732688468,11.263779382641815],[1.253723345633944,11.242404427240956],[1.233170503902102,11.251447677602812],[1.167401410360696,11.245692881917876],[1.150959136975416,11.261313041633912],[1.134516863589909,11.26295726897257],[1.11971881754323,11.246514995587233],[1.124651499558809,11.215274676155104],[1.138627431936413,11.197188175431165],[1.143560113951992,11.175813220030136],[1.140271659274902,11.151971923621375],[1.12958418157433,11.15772671930614],[1.105742885165625,11.148683468944284],[1.079435247749018,11.133885422897436],[1.062992974363738,11.114976808504252],[1.076146793071928,11.096890307780484],[1.086012157103198,11.077159579717886],[1.094233293795867,11.054140396978426],[1.10985345351196,11.040986578270179],[1.110675567181204,11.021255850207808],[1.092589066457208,11.034409668915998],[1.057748788340518,11.037116863537904],[1.023627859684495,11.043138203889043],[1.001549611730525,11.063209338392596],[0.975457136875661,11.073244905644458],[0.963414456173552,11.045145317339404],[0.947357548570551,11.013031502133572],[0.95739311582247,10.984931913828518],[0.915243733364946,10.9829248003781],[0.893165485410975,10.904647375814022],[0.905208166113027,10.870526447157829],[0.885137031609474,10.846441085753497],[0.871087237456834,10.786227682242782],[0.800838266694257,10.705943144228286],[0.810873833946118,10.565445202702904],[0.782774245641065,10.52329582024538],[0.788795585992204,10.396847672872639],[0.923233650588031,10.292041025566903],[1.337578939899117,9.989503195276313],[1.339223167237776,9.940176375120188],[1.344977962922542,9.880984190932963],[1.354843326953812,9.843166962146597],[1.360598122638635,9.811104529045224],[1.354843326953812,9.783974777959202],[1.354021213284625,9.751090231188584],[1.354843326953812,9.70587397937885],[1.362242349977237,9.655725045553481],[1.356487554292301,9.631061635475533],[1.35319909961521,9.598999202373989],[1.330179916875863,9.560359859918378],[1.360104854437225,9.497057107384649],[1.377994047880406,9.506527856854632],[1.386412491853662,9.497057107384649],[1.392936734550858,9.39329094769181],[1.413007869054582,9.337091771081646],[1.475228386015715,9.244764552365098],[1.551498697129432,9.17652269505271],[1.591640966136765,9.126344858793686],[1.61134279176548,9.040784020940919],[1.618741814788905,8.895269901480503],[1.613719214090679,8.686787013164519],[1.612987019104082,8.568890774781096],[1.620386042127336,8.538472569018154],[1.6458715658747,8.51463127260945],[1.655736929905856,8.494900544546852],[1.64916002055179,8.474347702815237],[1.626962951481516,8.4579054294299],[1.618741814788905,8.437352587698285],[1.617919701119661,8.409400722943019],[1.612164905434668,8.383093085526468],[1.614631246442571,8.370761380487465],[1.627785065150761,8.352674879763526],[1.636828315512844,7.91859886239007],[1.639294656520519,7.868449928564701],[1.646693679543944,7.790349129984122],[1.644227338536268,7.760753037890652],[1.637650429182088,7.721291581765627],[1.643825915846151,7.641080905526167],[1.659882823448982,7.492554510199454],[1.64984725619712,7.418291312536098],[1.646796443752635,6.990535293995038],[1.594129786815188,6.991819846603278],[1.573576945083346,6.989250741386911],[1.572292392475276,6.962275136614039],[1.5812842607329,6.93273042662463],[1.588991576382227,6.895478400986008],[1.604406207680938,6.88905563794475],[1.622389944196186,6.885201980120087],[1.624959049412723,6.869787348821262],[1.623674496804426,6.84281174404839],[1.615967181155099,6.79913695536851],[1.623674496804426,6.785006876677926],[1.628812707237387,6.764454034946311],[1.637650429182088,6.742154201667518],[1.629429292489419,6.716668677920154],[1.60805433708839,6.701048518204061],[1.603943768742056,6.677207221795186],[1.596544745718631,6.673096653448852],[1.591612063703053,6.658298607402173],[1.609698564426992,6.648433243370846],[1.626140837812329,6.64267844768608],[1.628607178820175,6.63281308365481],[1.619563928458092,6.622125605954295],[1.626962951481516,6.607327559907446],[1.62449661047367,6.595817968537688],[1.641760997528365,6.583486263498685],[1.654914816236612,6.580197808821595],[1.667246521275558,6.568688217451836],[1.686155135668741,6.570332444790495],[1.689443590345832,6.554712285074402],[1.716573341431854,6.535803670681219],[1.714929114093252,6.509496033264611],[1.719861796108773,6.482366282178816],[1.750280001871715,6.474145145485977],[1.762611706910718,6.45770287210064],[1.77083284360333,6.443726939723206],[1.771654957272744,6.422351984322177],[1.786453003319593,6.417419302306598],[1.795496253681506,6.410842392952418],[1.793029912673603,6.396044346905569],[1.797962594689352,6.377135732512386],[1.808650072389867,6.358227118119203],[1.818515436420967,6.319587775663649],[1.820159663759625,6.299857047601222],[1.812760640736201,6.281770546877283],[1.663135952929281,6.268616728169093],[1.631895633497095,6.25957347780701],[1.649596367015818,6.215779466588288],[1.743679810001538,6.240868384717828],[1.806402105325276,6.253412843782598],[1.875396630181626,6.259685073314927],[1.978888417465782,6.272229532379697],[2.063563516152954,6.278501761912082],[2.148238614840011,6.287910106210575],[2.269033727179931,6.298212820262563],[2.315894206328153,6.305611843285988],[2.347134525760339,6.30807818429389],[2.394340161111586,6.309334163519395],[2.502382471064948,6.33277447891868],[2.535530094209776,6.333300631667043],[2.633920658147815,6.358555963587037],[2.662332906557765,6.363817491070279],[2.704425126424212,6.376445157030275],[2.704951279172576,6.466417276994889]]]}},{"type":"Feature","properties":{"name":"Niger","code":"NER"},"geometry":{"type":"Polygon","coordinates":[[[14.220278000329529,22.625278000079675],[13.92249999997506,22.87111099987277],[13.623333000317757,23.11638900015231],[13.616389000252184,23.124167000007105],[13.56305600043413,23.158332999968025],[13.543611000347425,23.168333000667474],[13.51500000024987,23.17777800005473],[13.46166700043176,23.198889000527004],[13.410832999843137,23.21555600020929],[13.345278000279563,23.22888899992745],[12.990555999959497,23.306388999952446],[12.650278000229548,23.380556000059414],[12.398611000297478,23.433611000547273],[12.057499900100368,23.50638900045203],[12.013055999934522,23.515556000509093],[11.9973369999027,23.517178000664273],[11.728913999781298,23.364154000007147],[11.29256300058205,23.116021000268972],[11.102873999835253,22.999256999910642],[11.001650000247366,22.933373000463632],[10.671669000523991,22.745741000147063],[10.238562900057843,22.496407999929318],[10.076013999746351,22.402156999945646],[10.001159000287657,22.35569300033177],[9.755983000215338,22.210916900694485],[9.351140999857307,21.97590500061534],[9.051005000480416,21.7999590005075],[8.99842900049805,21.774293000421665],[8.996973999950171,21.778589999828682],[8.523444000340419,21.493332000371595],[8.058291000329461,21.210937999888813],[8.013438000363465,21.18332399990271],[7.999227999772415,21.17255400056672],[7.993997000461263,21.16682390000301],[7.725833000592559,21.005546999894193],[7.719244999856926,21.00067700014347],[7.720368000382962,21.00039100044438],[7.459686000208819,20.842494999944336],[7.084817999850884,20.528992000180722],[7.025451000563294,20.478862000580932],[6.999176000272257,20.454856000603968],[6.736220000452704,20.233937000392302],[6.469323000556074,20.008494000198027],[6.463318000625293,20.00007300036873],[6.437206999803266,19.97538100023303],[6.127452000209701,19.712698000412445],[6.000326000444602,19.607394000632667],[5.987478999756092,19.59897390012543],[5.810544999951844,19.446977999934802],[5.413467999748434,19.367567999963285],[4.980269000214264,19.27973790038385],[4.674105999892049,19.218549000535972],[4.243675000301096,19.13066290017275],[4.245832999993013,19.123888899852886],[4.246111000222527,19.089444000340393],[4.245000000249888,18.849443899916082],[4.245555999809596,18.547777999954803],[4.24657759997632,18.00655380051751],[4.248611000397375,17.648056000184283],[4.250833000342766,17.407222000694844],[4.25249999987517,16.99444400039033],[4.214167000206942,16.993611000647206],[4.213610999747914,16.97500000034978],[4.221110900447741,16.91500000064957],[4.220555999859528,16.901111000472326],[4.218889000327124,16.89583299989306],[4.213056000234246,16.887777999854848],[4.212778000004732,16.880833000642497],[4.220000000299819,16.847500000424702],[4.219167000556695,16.84138900010231],[4.21666700038179,16.836666900157354],[4.21000000049969,16.829167000356847],[4.198888999827545,16.820833000042967],[4.200833000442685,16.39388900027717],[4.192778000404417,16.388611000597223],[4.166389000252195,16.380000000099983],[4.151944000515243,16.37361100044734],[4.138610999897764,16.365833000592545],[4.123056000234271,16.35333300061751],[4.114167000406781,16.348056000084398],[4.089721999970379,16.323333000317746],[4.074444000490303,16.303333000717487],[4.069721900545346,16.293889000477066],[4.063332999818158,16.257500000524658],[4.058611000597239,16.241111000172566],[4.052222000045333,16.226111000022684],[4.029721900445395,16.184999999950094],[4.020278000029748,16.158611000697192],[3.991389000601941,16.10222200024515],[3.981944000315423,16.076389000551956],[3.980833000342727,16.070277900404847],[3.981944000315423,16.05777800025453],[3.986667000481759,16.035556000708937],[4.001389000402071,16.002222000444988],[4.000832999943043,15.98972200047001],[3.988611000197523,15.973611000347432],[3.950278000529352,15.941944000515264],[3.931389000002412,15.918611000097599],[3.924443999890741,15.904167000406801],[3.916667000082043,15.8694439999407],[3.911111000172582,15.796667000082039],[3.906944000465273,15.779443999940668],[3.902222000345091,15.748610999897778],[3.895000000050004,15.727500000324824],[3.885000000249875,15.709167000256912],[3.848611000297467,15.675556000708923],[3.823889000576969,15.665278000679223],[3.812222000345116,15.662778000504375],[3.747777999854861,15.659444000540248],[3.736111000522328,15.657222000594913],[3.726667000281907,15.652778000704245],[3.722500000574598,15.650000000299826],[3.680833000042981,15.607500000025027],[3.638056000484085,15.558611000097642],[3.619722000370075,15.541944000415356],[3.567222000295146,15.512222000345105],[3.547500000025025,15.503889000077322],[3.540000000399743,15.497222000195222],[3.534444000490282,15.481389000302158],[3.5363890002522,15.45666700058166],[3.535556000509075,15.429167000456744],[3.530833000342739,15.3983330003677],[3.525832999992986,15.381944000015665],[3.523549900107867,15.357276000087381],[3.512222000045313,15.361667000231932],[3.032499999975073,15.433055999934481],[3.022500000174944,15.41750000022489],[3.020832999743163,15.341943999915713],[2.62805599998444,15.350556000459108],[1.974167000007071,15.318889000626939],[1.652222000345091,15.303611000247486],[1.312500000174907,15.28666700038184],[0.994443999990665,14.995278000579333],[0.974722000619863,14.978610999997727],[0.742499999875122,14.967500000224902],[0.694999900325172,14.94222200004532],[0.51222199974552,15.00083300044264],[0.396667000281866,14.960556000159329],[0.227778000054684,15.001389000002405],[0.230278000229589,14.984722000320119],[0.237222000295105,14.887500000025057],[0.232221999945409,14.878611000197566],[0.225000000549642,14.871944000315409],[0.215556000309221,14.867222000195227],[0.208332999968036,14.860556000359168],[0.199444000140545,14.84833300056755],[0.193332999818153,14.835833000592572],[0.241389000002414,14.752222000245183],[0.166667000381835,14.523056000134375],[0.189444000340416,14.464721999920414],[0.296389000252191,14.3672220002951],[0.321110999972746,14.362778000404433],[0.338333000067962,14.334722000719808],[0.378610900572653,14.29111100047237],[0.384721999820499,14.283610999947712],[0.394999999850143,14.265277999879856],[0.405277999879843,14.254167000107032],[0.410832999743207,14.245833000692471],[0.409443900615543,14.240277999929788],[0.400555999759604,14.23500000024984],[0.394722000519948,14.226666999982115],[0.395278000079713,14.188056000084373],[0.393888999877504,14.182778000404426],[0.35972199987043,14.146943999965686],[0.354444000190483,14.138056000184292],[0.351389000502024,14.12694400036537],[0.354722000420054,14.116667000381824],[0.360832999843126,14.108889000527029],[0.376110900397805,14.09611100032248],[0.393056000134322,14.084722000320085],[0.394999999850143,14.080000000199902],[0.394999999850143,14.074444000290441],[0.387500000224861,14.060833000342768],[0.385000000050013,14.049167000156956],[0.385556000509041,14.043055999834564],[0.389166999757265,14.039444000540243],[0.405277999879843,14.032222000245156],[0.417222000295112,14.023056000234249],[0.420556000259239,14.012499999975091],[0.420833000442656,13.992500000374775],[0.424167000406783,13.983611000547285],[0.451389000302186,13.968611000397402],[0.454166999807228,13.958888999927467],[0.466943999965679,13.958611000597273],[0.47111100057225,13.955556000009437],[0.473056000334168,13.9508329998431],[0.472222000544946,13.944722000420029],[0.464722000020345,13.931111000472356],[0.463332999818135,13.925556000608992],[0.465000000249859,13.913611000147569],[0.468611000397402,13.910278000229596],[0.486667000281898,13.90027800042941],[0.494444000090596,13.893888999877504],[0.503889000377114,13.876943999965647],[0.50722190047037,13.866666999982101],[0.515556000608967,13.854167000007067],[0.52583300059257,13.843611000647229],[0.564443899766218,13.81861100069716],[0.569999900574999,13.81000000019992],[0.573888999877511,13.800278000629248],[0.582778000604264,13.788611000397395],[0.590556000459117,13.78222199984549],[0.596110900497706,13.780556000359184],[0.601944000415358,13.780556000359184],[0.606943999865734,13.782500000075004],[0.613333000417697,13.781667000331822],[0.616667000381824,13.778056000184336],[0.617778000354463,13.766944000365356],[0.597777999854884,13.73083300064252],[0.596944000065605,13.717778000254555],[0.599444000240453,13.70805600068394],[0.602221999745552,13.703889000077368],[0.620278000529368,13.68694400016551],[0.62499999975023,13.684167000706566],[0.772778000404458,13.68833300036772],[0.781110999772864,13.684167000706566],[0.784721999920407,13.680556000559022],[0.786389000352131,13.66888900032717],[0.783610900122994,13.66472200061986],[0.773611000147582,13.660833000242803],[0.774443999890707,13.644167000606615],[0.832778000104668,13.62499999985016],[0.867222000295101,13.632500000374762],[0.902222000045299,13.622777999904827],[0.973333000417711,13.571944000215467],[0.976944000565197,13.570000000499647],[0.990278000329511,13.570277999829898],[0.995277999779887,13.568055999884564],[1.017778000454427,13.528332999968029],[1.018889000427066,13.522778000104665],[1.013610999847799,13.506944000165504],[1.014443899766206,13.486944000565245],[1.016667000481732,13.482222000445006],[1.026389000052347,13.477778000554338],[1.028889000227252,13.466666999882193],[1.031666899907577,13.462500000174941],[1.041388900377513,13.458056000284216],[1.069722000070271,13.450556000658935],[1.072222000245176,13.446389000052363],[1.086944000165545,13.439722000170207],[1.12388900057698,13.413333000017985],[1.154999999950064,13.408333000567552],[1.160000000299817,13.406388999952412],[1.170832999843128,13.396388900327565],[1.183056000534066,13.395278000179587],[1.203333000317741,13.387222000095278],[1.231667000231937,13.393611000647184],[1.244444000390331,13.393056000234253],[1.252222000245183,13.386666899857573],[1.285278000279561,13.350000000399746],[1.278055999984474,13.345556000509077],[1.263055999834592,13.339722000370045],[1.249443999840764,13.339166999957115],[1.243056000234276,13.34027799992981],[1.232499999975062,13.343889000077354],[1.217499999825179,13.363611000347419],[1.213333000117927,13.366388999852518],[1.207778000254564,13.367778000054727],[1.202777900080093,13.367222000494962],[1.198332999968045,13.364722000320114],[1.196667000481739,13.345556000509077],[1.189722000370068,13.331110999872806],[1.188055999984442,13.318610999897771],[1.184443999790801,13.315277999979742],[1.179444000340368,13.313333000217824],[1.155556000409149,13.325833000192858],[1.145000000149935,13.329444000340402],[1.131667000431776,13.330556000359195],[1.121111000172561,13.327222000395068],[1.107778000454402,13.335278000479377],[1.067777900529734,13.351944000115566],[1.043889000377135,13.363611000347419],[1.031943999915711,13.365833000292753],[1.025556000309223,13.365556000109393],[1.017221999995343,13.3711109999727],[1.011667000131979,13.372778000404423],[0.99166700053172,13.371667000431785],[0.989167000356815,13.0472220005949],[0.996944000165513,13.043611000447356],[0.998333000367722,13.038055899859955],[1.009444000140547,13.028055999884543],[1.011388999902465,13.023889000177292],[1.117221999795504,13.011110999972743],[1.578333000467637,12.630000000399775],[1.871667000032062,12.608888999927444],[1.928056000484105,12.7005560003592],[1.950278000029698,12.692221900220545],[1.98888899992744,12.731111000172575],[2.038611000497326,12.71666700048172],[2.048055999884525,12.72138900060196],[2.052778000004764,12.719167000656626],[2.078333000367707,12.715556000509082],[2.083889000277168,12.71666700048172],[2.096111000022688,12.725555900484494],[2.101111000372441,12.72333300031778],[2.106389000052332,12.714722000719803],[2.114722000320114,12.70916699995712],[2.134443899866142,12.700278000129629],[2.142499999775225,12.694443999990654],[2.148611000097617,12.686667000181956],[2.154722000420008,12.67194400021549],[2.155277999979774,12.665832900068324],[2.151944000015646,12.655000000349787],[2.154722000420008,12.651389000202244],[2.200832999943032,12.6308330001429],[2.220833000442667,12.593610900622593],[2.225556000609004,12.516389000651884],[2.263889000277175,12.473332999918057],[2.258888999927478,12.45277799990481],[2.260555900534428,12.440833000342764],[2.26500000024987,12.4250000004497],[2.264167000506689,12.418610999897794],[2.261389000102326,12.414722000420056],[2.255556000009449,12.41361100044736],[2.244999999750235,12.417222000594904],[2.226111000122614,12.419721999870433],[2.219444000240458,12.412500000474665],[2.213889000377094,12.411389000502027],[2.205556000109368,12.41694400036539],[2.199167000456725,12.417778000154613],[2.190555999959486,12.412500000474665],[2.175000000249838,12.40750000012497],[2.169444000340377,12.409167000556693],[2.161667000531679,12.415556000209278],[2.156667000181983,12.41361100044736],[2.148889000327131,12.40750000012497],[2.148056000584006,12.401389000701897],[2.143610999747864,12.398889000526992],[2.132499999975039,12.400556000059396],[2.127500000524662,12.398611000297478],[2.123056000633994,12.39583299989306],[2.117778000054727,12.38722200029514],[2.113611000347419,12.38444399989072],[2.107221999795513,12.38527800057932],[2.099722000170232,12.391667000231905],[2.087777999754906,12.390000000699501],[2.077777999954776,12.386111000322444],[2.071111000072619,12.37888890020264],[2.070000000099981,12.36833300066752],[2.058332999868071,12.357221999995375],[2.397139500087917,11.89566579983682],[2.402410000321311,11.896110000176407],[2.404750000312333,11.897950000492187],[2.405400000609575,11.901610000201401],[2.411439900531036,11.906319899943469],[2.399709900091864,11.91329000013343],[2.402260000598574,11.919660000708518],[2.391769999785708,11.930770000435245],[2.402670000620105,11.940220000052989],[2.408189999768695,11.954340000091008],[2.415500000524673,11.955500000524637],[2.422380000336773,11.953410000371264],[2.437269999910598,11.953049999957557],[2.439159999834146,11.958540000420726],[2.434770000635069,11.971009999911644],[2.449190000118449,11.982769999935613],[2.458460000428715,11.981050000657035],[2.459420000632576,11.975970000215398],[2.465320000217901,11.979880000661524],[2.461019999773214,11.998570000105474],[2.454200000030028,12.006430000144462],[2.456860000388758,12.010909999896626],[2.452710000566128,12.017929999869637],[2.448260000398761,12.020339900566],[2.442090000053497,12.016930000519153],[2.436710000166443,12.021190000018521],[2.436939999981064,12.02730999985664],[2.432230000414222,12.03934000064055],[2.436600000489705,12.044129900474559],[2.435839899791574,12.048970000465204],[2.422769400487482,12.055600299913976],[2.420719500204825,12.05869220058463],[2.418025500076794,12.070231200309706],[2.421878800066622,12.072543100084033],[2.423321899885821,12.076872500265722],[2.416304400028082,12.079457900062096],[2.40584169993457,12.080652400288102],[2.408555200062494,12.087629999924616],[2.406670900042059,12.099312900170275],[2.402547700016385,12.105310100280974],[2.393447100503352,12.109102200506186],[2.390316900404684,12.112623500474228],[2.399025300177527,12.132354800633607],[2.392981499896337,12.13688770030717],[2.394129200302416,12.14492250067292],[2.389597400499667,12.15814020011021],[2.382743600636729,12.166517200608382],[2.382743600636729,12.173064999849885],[2.384676500020532,12.178477199962856],[2.391909800297071,12.182281200017428],[2.394123799873512,12.185602300106098],[2.39262600058953,12.196063000107415],[2.383941799774277,12.199083599828327],[2.381604600272112,12.202978800131575],[2.381604600272112,12.209906100686055],[2.389577500301471,12.223191400362907],[2.389577500301471,12.227277100457854],[2.387366900162363,12.230961300024035],[2.381334399862737,12.232092399844419],[2.374704800086477,12.236772100352198],[2.380137000222419,12.244920400556111],[2.384187999976291,12.24749839983133],[2.381539599972598,12.251282000563947],[2.386660499782295,12.255221200198264],[2.392395999875532,12.255221200198264],[2.40265380023277,12.258263200186605],[2.407699500531578,12.257486900000458],[2.411477600111198,12.253331100449998],[2.429303100157995,12.254461899896796],[2.435951699911072,12.251819599994576],[2.437435799822367,12.256271600254195],[2.444009299889331,12.2640144006441],[2.462264700155856,12.25299479987018],[2.468546999744262,12.258538100452995],[2.467782500462079,12.267203300392055],[2.469334800460729,12.271860400037497],[2.472902099852092,12.27423839998221],[2.476766300524389,12.271920100632201],[2.504334900035644,12.267385000317574],[2.507326699867349,12.271498800629217],[2.511464100188107,12.274131699918087],[2.514495300217959,12.289656400522517],[2.517246200451837,12.29397930040443],[2.525056000334189,12.291636300275059],[2.526586800240693,12.288192100085382],[2.534114900082614,12.283298900523903],[2.539862700203514,12.281383000125402],[2.543627000585673,12.272019100700959],[2.552945500434532,12.279906100186452],[2.570067500414837,12.280278799926748],[2.576412999860111,12.282586300217645],[2.580193999753362,12.278805200499676],[2.583429899870055,12.280603000128394],[2.588356199878774,12.291581599910955],[2.595249499764634,12.300768300516722],[2.603394700005424,12.301931900037232],[2.6060633005809,12.298882200053527],[2.627325799945766,12.297734500546824],[2.632559900119361,12.292500300548454],[2.637395300252933,12.296963599890262],[2.653746299751958,12.301907299981963],[2.661748700242356,12.306099000468521],[2.670991899856347,12.304175300249938],[2.683200399878615,12.296161900151617],[2.687428799899237,12.285783100509718],[2.68524870026738,12.281786400022384],[2.695104800446245,12.281421400277452],[2.701862100355697,12.291937800689027],[2.704146700309991,12.299172600135421],[2.708279100400205,12.303680600279506],[2.70600630045044,12.310499099953574],[2.720823600628705,12.332916399872033],[2.719690700365561,12.340846000242777],[2.720842200407276,12.348138400366906],[2.725081600035878,12.352763100136997],[2.730348199909542,12.35502030044654],[2.732640999882278,12.364955799970232],[2.741273100273418,12.36261970033894],[2.745220200451911,12.352325900120263],[2.758965499758062,12.350896600397846],[2.765683400368687,12.352389400350603],[2.779330099804326,12.38005570041031],[2.787336200105585,12.388442700470307],[2.796510400134935,12.393412100488092],[2.81324440020893,12.396834600036811],[2.822720499951174,12.396834600036811],[2.840948399848799,12.406561200539045],[2.849621500332034,12.39790140012957],[2.873310700628394,12.386835700107497],[2.885670300244215,12.373925000438476],[2.892365099969425,12.361181599851022],[2.907128000157115,12.350114400659095],[2.928610999797854,12.320833000042967],[2.935833000092941,12.300556000259235],[2.941944000415333,12.29277800040444],[2.959167000556704,12.281943999915711],[2.975833000192836,12.277222000694849],[3.0002778999052,12.273056000134375],[3.009999900375135,12.268611000197552],[3.016944000265426,12.261388999902465],[3.02611100032243,12.242500000274845],[3.036943999865741,12.225555900584368],[3.045556000409135,12.206666999882202],[3.053333000217833,12.194166999907168],[3.069167000156995,12.18194400011555],[3.083889000077363,12.175278000279548],[3.108610899973087,12.15777799995476],[3.118888900002787,12.147222000594923],[3.122778000204619,12.13750000012493],[3.131388999802539,12.125278000379467],[3.153889000477022,12.119166900232301],[3.162221999845485,12.113332999918043],[3.174167000306852,12.09777800025455],[3.201667000431769,12.056111000622252],[3.208611000497342,12.049167000556679],[3.226110999922753,12.044999999950107],[3.238889000127301,12.030277900204965],[3.253889000277184,12.017222000494996],[3.259166999957131,12.001944000115543],[3.261667000131979,11.97777799995481],[3.270000000399762,11.951943900390745],[3.31222200044499,11.889999999900112],[3.316389000152299,11.8869440001655],[3.327499999925124,11.88388900047704],[3.353610999847831,11.885000000449736],[3.359443999940709,11.886389000651889],[3.372222000145257,11.89416700050674],[3.378056000284232,11.89527800047938],[3.394444000590227,11.883611000247527],[3.418056000384183,11.8719439001909],[3.427500000624605,11.860556000059432],[3.432221999845467,11.858333000067944],[3.437777999754928,11.856667000581638],[3.463333000117927,11.857222000095305],[3.473611000147571,11.853610999947762],[3.497778000354458,11.835556000109364],[3.513333000018008,11.817778000454382],[3.521110999872803,11.798056000184317],[3.523332999818138,11.786944000365395],[3.526111000222556,11.78277800070424],[3.53500000004999,11.777778000354488],[3.546110999822815,11.77444400039036],[3.557778000054725,11.765278000379453],[3.559721999770545,11.7602780000297],[3.554166999907181,11.7433330001179],[3.558889000027364,11.734167000106993],[3.605859600340352,11.692001499969308],[3.622499999875117,11.705833000192854],[3.688333000567582,11.749722000669863],[3.66861100029746,11.812499999875115],[3.631666999932122,11.825278000079663],[3.616943999965656,11.919721999970363],[3.671667000032073,11.975555900184702],[3.670833000242794,12.01000000019991],[3.636944000465292,12.10777800005468],[3.656389000551997,12.215278000379442],[3.66861100029746,12.255556000708907],[3.657777999854829,12.528889000626918],[3.95277799980488,12.748888999827557],[4.105000000349776,12.996389000052375],[4.13972199987046,13.177222000694826],[4.142500000274822,13.476943999865739],[4.247777999754931,13.481389000701881],[4.469999999800223,13.68694400016551],[4.613333000517628,13.71861099999768],[4.885556000509041,13.781389000102308],[4.923610999947755,13.73638900055198],[4.997778000054723,13.733332999918048],[5.108888899802935,13.753888999977391],[5.19722200009528,13.746111000122596],[5.286111000122617,13.752222000444988],[5.28916699985723,13.752778000004753],[5.341944000115575,13.794722000719787],[5.365000000349767,13.847500000124967],[5.543611000147564,13.890555999959474],[5.657221999895455,13.836667000581656],[5.669167000356822,13.822500000174898],[5.673333000017976,13.819444000440342],[5.6852780004794,13.816944000265437],[5.700278000629282,13.817778000054716],[5.997499899800573,13.701388999902463],[6.120000000099992,13.667778000354474],[6.133332999818151,13.660833000242803],[6.149166999757256,13.64861100049734],[6.160832999943068,13.643056000633976],[6.238055999784592,13.683333000017967],[6.28499999995006,13.683889000477052],[6.423056000134352,13.605278000479416],[6.676666999782242,13.346667000481716],[6.806389000551974,13.108056000084389],[6.933333000017967,12.99722200069482],[7.090556000059394,12.99527800007968],[7.147500000025047,13.042778000704232],[7.218889000626916,13.12555600040912],[7.379721999870469,13.099722000669829],[7.816004500407416,13.352777999904845],[8.043611000547287,13.320832999843105],[8.122222000544923,13.303611000647209],[8.130555999959483,13.290832900617943],[8.141389000402114,13.280556000459114],[8.173610999747893,13.263056000134327],[8.190556000559013,13.25805600068395],[8.199999999900115,13.253333000517614],[8.215278000279511,13.233889000477063],[8.226110999822822,13.223611000447363],[8.235833000292757,13.219167000556695],[8.26013529990422,13.217268000218098],[8.273611000447374,13.213056000234246],[8.312222000345116,13.168056000683919],[8.33138900020225,13.151944000515243],[8.340278000029741,13.14666699998213],[8.363888999777544,13.128056000584024],[8.378056000184301,13.11416700040678],[8.408610999997677,13.08833300066749],[8.429167000057078,13.067221900370441],[8.43474690034924,13.06557189982334],[8.449166899832619,13.078056000683944],[8.45416700000709,13.080000000399764],[8.48388900007734,13.085278000079711],[8.497500000025013,13.085832900667867],[8.51638900055201,13.083611000547307],[8.541944000015633,13.07500000005001],[8.54972190004571,13.068611000397425],[8.563056000534061,13.060833000542573],[8.570000000599578,13.053889000477056],[8.615000000149962,13.021944000415317],[8.628332999868121,13.007222000494949],[8.636666900357227,12.99388899987747],[8.650278000129674,12.966111000422359],[8.663610999847833,12.943333000417681],[8.984999999950105,12.846667000581647],[9.0325000005746,12.846667000581647],[9.091943999815783,12.84194400041531],[9.113056000334211,12.84166700023195],[9.18305599983455,12.83305589990988],[9.236666999882175,12.829722000669847],[9.273332900193225,12.823611000347455],[9.283889000277213,12.820000000199911],[9.313611000347464,12.813611000547269],[9.332778000204598,12.815278000079672],[9.34277790018001,12.819444000640146],[9.370278000129645,12.826667000082011],[9.40222200014523,12.829722000669847],[9.414167000606653,12.827222000494999],[9.423889000177269,12.816944000465298],[9.63527799977993,12.802778000104695],[9.873056000434133,13.075278000279525],[9.875278000379467,13.077221999995345],[9.914167000506723,13.074722000719817],[9.93000000039973,13.1330560000344],[9.988056000384177,13.172777900080064],[9.997222000395027,13.17750000002502],[10.023056000134375,13.186667000082025],[10.040278000229591,13.197500000524656],[10.064444000390381,13.208055900059776],[10.086666999982128,13.220833000042944],[10.134722000120234,13.25249999987517],[10.14833290024319,13.2597220001702],[10.17305599983456,13.269721999970386],[10.219444000440319,13.279444000440321],[10.249167000556668,13.284443999890755],[10.268333000367704,13.286111000322478],[10.337500000124976,13.30083300024279],[10.41194400041536,13.30972200007028],[10.463889000077359,13.318610999897771],[10.645000000050004,13.374722000120244],[10.724167000506725,13.386389000352153],[10.749721999970347,13.388610900472713],[10.775832999893055,13.387222000095278],[10.794999999750246,13.389166999857196],[10.834722000519946,13.386943999865764],[10.878611000097635,13.380556000259276],[10.90666699978226,13.37250000017491],[10.957500000324785,13.365833000292753],[11.05972200007028,13.359721999970361],[11.126944000065578,13.361667000631599],[11.17111099987278,13.366388999852518],[11.194444000290446,13.370833000642506],[11.238611000097649,13.375278000579328],[11.338610999897753,13.379444000240483],[11.399722000469978,13.380833000442692],[11.426667000181965,13.378888900002778],[11.463333000317732,13.373332999918034],[11.53111090004802,13.355278000079693],[11.571110999972746,13.338611000397407],[11.644999999850143,13.319721999870467],[11.654722000320135,13.315277999979742],[11.676667000581688,13.308611000097642],[11.76694399986576,13.284443999890755],[11.819722000170202,13.273055999934513],[11.851944000415358,13.255556000509046],[11.867221999895435,13.24972200037007],[11.890556000359197,13.23750000062455],[11.906389000252204,13.225277999979767],[11.940556000259278,13.203056000434117],[12.016944000265426,13.166111000022681],[12.042778000004773,13.14972200056991],[12.050278000529374,13.143333000018004],[12.068333000367716,13.122222000444992],[12.147366599888699,13.101743199988732],[12.150000000099965,13.103056000633956],[12.155556000009426,13.101389000202232],[12.160556000359179,13.101944000615163],[12.169166999957156,13.10722200029511],[12.17194400031542,13.111389000002418],[12.175278000279548,13.122222000444992],[12.1802780006293,13.124167000206967],[12.204167000606617,13.11944400004063],[12.227221999895448,13.10722200029511],[12.234167000007119,13.106944000065596],[12.244999900624975,13.110277900205006],[12.250556000359154,13.10861100049732],[12.258889000626937,13.103056000633956],[12.264443899766206,13.094722000320132],[12.266943999765829,13.083611000547307],[12.2711110003724,13.080555999959472],[12.276944000465278,13.081944000115584],[12.281943999915711,13.090832999943018],[12.286388999852534,13.093333000117923],[12.298333000267803,13.095000000549646],[12.304167000406778,13.093610900522663],[12.308333000067933,13.090832999943018],[12.315833000592534,13.084444000290432],[12.321944000015662,13.076667000481734],[12.327778000154638,13.07500000005001],[12.336944000165545,13.079722000170193],[12.346666999782258,13.075278000279525],[12.361111000372432,13.081666999932168],[12.368610999997713,13.075278000279525],[12.38,13.072222000544912],[12.391389000002391,13.07500000005001],[12.40416700020694,13.075833000692455],[12.437500000424734,13.07305600033419],[12.454999999850145,13.069166999957133],[12.459167000456773,13.06611100022252],[12.465277999879845,13.058333000367725],[12.478056000084393,13.056666900157381],[12.482221999745548,13.059443900515646],[12.484721999920396,13.0641670005067],[12.485556000608995,13.070277999929829],[12.484167000406785,13.075833000692455],[12.485832999893091,13.080000000399764],[12.493610999747887,13.086110999822836],[12.491388999802552,13.110833000442653],[12.492499999775191,13.123888999977396],[12.494722000619902,13.128888900502432],[12.506388999952435,13.138056000384154],[12.530556000159322,13.141667000531697],[12.535556000509075,13.143611000247517],[12.542777999904843,13.150278000129674],[12.54527800007969,13.155000000249856],[12.545556000309205,13.1688890004271],[12.552222000145264,13.176389000052382],[12.553611000347416,13.181666899907555],[12.549443999740845,13.184722000320107],[12.537500000224895,13.186944000265441],[12.533333000517587,13.19],[12.534167000306866,13.194722000120237],[12.5363890002522,13.199444000240476],[12.539999900575026,13.202778000204603],[12.544999999850177,13.204721999920423],[12.54861099999772,13.208055900059776],[12.549721900145641,13.214999999950066],[12.553333000117902,13.218332999868096],[12.563889000377117,13.221389000502029],[12.56611100032245,13.226388999952462],[12.561667000431783,13.235277899955179],[12.563889000377117,13.239999999900135],[12.573056000434121,13.244722000020317],[12.576110900297863,13.248889000626946],[12.576389000352151,13.255556000509046],[12.5891670005567,13.26361089982322],[12.589443999840796,13.270555899934891],[12.59111100027252,13.274444000090568],[12.594722000420006,13.27805600028421],[12.600278000329524,13.279167000256905],[12.60805600018432,13.272778000604319],[12.615000000249836,13.272500000374748],[12.619999899875552,13.274444000090568],[12.623610999847813,13.277778000054695],[12.629166999757274,13.30055600005943],[12.63222200034511,13.304444000390333],[12.638056000484085,13.305833000592543],[12.642778000604267,13.303611000647209],[12.646667000082061,13.286944000065603],[12.656389000551997,13.282500000174934],[12.65972200046997,13.278889000027391],[12.665556000609001,13.277499999825181],[12.67555600040913,13.28],[12.685833000392677,13.290832900617943],[12.686111000622248,13.304444000390333],[12.688333000567582,13.30916700055667],[12.696944000165502,13.31444400019052],[12.704167000506743,13.31444400019052],[12.715278000279511,13.311389000502004],[12.720278000629264,13.313333000217824],[12.730555999759645,13.324166899982515],[12.747222000295153,13.335278000479377],[12.748333000267792,13.346944000665133],[12.75111099977289,13.351111000372441],[12.762222000445036,13.36111100017257],[12.771944000015651,13.379444000240483],[12.776111000622222,13.382222000644845],[12.78194399981578,13.38194400041533],[12.789999900075372,13.369444000440296],[12.794167000506718,13.366388999852518],[12.800556000159304,13.365556000109393],[12.804167000306848,13.368889000027366],[12.805832999793154,13.37444399989073],[12.794167000506718,13.390556000059405],[12.795832999993024,13.396110999922769],[12.799444000140568,13.399443999840742],[12.804444000490264,13.401389000502036],[12.810000000399725,13.402500000474674],[12.814999999850158,13.40166699983223],[12.82583300029279,13.405556000209288],[12.829444000440333,13.408889000127317],[12.831110999972736,13.413055900009851],[12.827499999825193,13.416666999982112],[12.82694390044071,13.422778000304504],[12.83,13.426943999965658],[12.83444399989071,13.429444000140563],[12.842499999975075,13.442500000574626],[12.854722000619859,13.44416700010703],[12.86250000047471,13.450278000429421],[12.864722000420045,13.45500000054966],[12.865833000392684,13.461110999972732],[12.86361100044735,13.466111000322428],[12.850555900234667,13.47388900017728],[12.846943999865744,13.477500000324824],[12.843056000434103,13.48722199989544],[12.848889000526981,13.488611000097649],[12.866111000622254,13.477778000554338],[12.876111000422384,13.473333000617515],[12.879721899845833,13.476667000581642],[12.881389000102331,13.488889000327163],[12.883611000047665,13.493889000676916],[12.889443900315769,13.495000000649554],[12.895555899784995,13.48722199989544],[12.899722000170243,13.48444400039034],[12.906944000465273,13.484167000206924],[12.924721900295538,13.48722199989544],[12.934721999920384,13.490833000042983],[12.94416700020696,13.502500000274836],[12.950000000299838,13.503611000247531],[12.959721999870453,13.500556000559016],[12.962778000504386,13.50472200022017],[12.964443999990635,13.510278000129631],[12.96861089987317,13.512778000304536],[12.986389000252188,13.515832999992995],[13.000000000199918,13.514722000020356],[13.004444000090587,13.517222000195204],[13.00944400044034,13.526111000022695],[13.01611100032244,13.533611000547296],[13.021944000415317,13.534722000519935],[13.040278000529327,13.533056000134366],[13.04388899977755,13.536389000052338],[13.045556000209274,13.541667000631605],[13.056944000165515,13.54416699990719],[13.066388900627317,13.548611000697178],[13.072778000104677,13.549167000256887],[13.07833299996804,13.547778000054734],[13.081111000372402,13.543611000347425],[13.074444000490303,13.536110999822824],[13.072778000104677,13.53055599995946],[13.081111000372402,13.524722000719805],[13.09388900057695,13.52305600033418],[13.100278000229594,13.52361099984779],[13.109722000470015,13.528056000683932],[13.117778000554324,13.534167000107004],[13.121111000472354,13.531944000115573],[13.121667000032062,13.5258330006925],[13.119999899775621,13.520277999929817],[13.125833000592536,13.518889000626928],[13.13083300004297,13.520556000159331],[13.134444000190513,13.52388900007736],[13.135833000392722,13.529443999940668],[13.133333000217817,13.540556000658967],[13.134999999750221,13.54611100052233],[13.146388899927842,13.548611000697178],[13.152221999845437,13.546944000265455],[13.154722000020342,13.5427780006043],[13.156110900397778,13.53722200069484],[13.150833000542605,13.528332999968029],[13.152778000304522,13.52361099984779],[13.159166999957108,13.522778000104665],[13.175278000079686,13.534722000519935],[13.181666899907555,13.534999999850186],[13.186388999852511,13.533056000134366],[13.18916700025693,13.528611000197543],[13.193332999918084,13.5258330006925],[13.204721999920423,13.528332999968029],[13.214444000390358,13.546667000082039],[13.218056000584,13.55],[13.222500000474668,13.552500000174916],[13.243889000277193,13.558888999827502],[13.246943900140934,13.56305600043413],[13.244999900425114,13.56638900035216],[13.231111000072644,13.57361100064719],[13.228332899843508,13.578056000584013],[13.228332899843508,13.583333000217863],[13.23222200004534,13.587499999925114],[13.251388999902474,13.588889000127324],[13.258611000197561,13.59583300019284],[13.258889000427075,13.601110999872787],[13.251388999902474,13.614444000490266],[13.252222000544919,13.620833000142909],[13.255278000279532,13.624722000519967],[13.266110999822843,13.62777800025458],[13.267500000025052,13.633333000117887],[13.272778000604319,13.642221999945377],[13.276388999852486,13.645555999909504],[13.281389000202239,13.647500000524644],[13.286666999882186,13.656389000352135],[13.293333000617508,13.663611000647222],[13.304167000206917,13.666944000565195],[13.323611000247524,13.67944400054023],[13.321667000531704,13.684167000706566],[13.321943999815801,13.690556000359152],[13.324722000220163,13.693889000277181],[13.33194400051525,13.694444000690112],[13.345278000279563,13.708332999968036],[13.347500000224898,13.713333000317732],[13.347778000454412,13.720000000199889],[13.603332999818122,13.718056000484069],[13.625278000079675,13.716890200322553],[13.634550000482193,13.710680000281855],[13.623000000249874,13.755910000546123],[13.620820000442734,13.77132000071748],[13.563629999924615,14.014170000545164],[13.557130000549137,14.048410000321326],[13.50100000034979,14.292590000328289],[13.499290000633096,14.30476000037379],[13.493800000169927,14.321519999848192],[13.479640000085965,14.379630000524173],[13.473480000201903,14.442819999843152],[13.475089999803686,14.452010000061478],[13.47883000050416,14.46007000033029],[13.493390000148452,14.47460999995161],[13.499750000262338,14.477850000077467],[13.572070000630049,14.505680000131974],[13.600870000450186,14.502330000329323],[13.633160000233886,14.510480000251846],[13.640940000180933,14.51372000037776],[13.696020000522651,14.551120000187893],[13.69143000019443,14.582600000389732],[13.692500000074972,14.612930000619087],[13.678999999850134,14.626449999967576],[13.676860000088993,14.631730000639095],[13.67731000015641,14.636560000343763],[13.70227000006048,14.656860000288816],[13.706490000413226,14.6633000004947],[13.745570000355258,14.698340000290841],[13.768729999989546,14.691970000615072],[13.770370000075502,14.695650000347314],[13.781450000217376,14.70234999995256],[13.788530000259357,14.70398000047669],[13.788750000512152,14.706500000674566],[13.795120000187922,14.708820000642561],[13.797230000364266,14.712730000189424],[13.809960000153922,14.72173000063907],[13.811600000239878,14.727250000687036],[13.809409999971592,14.745850000477162],[13.792230000014513,14.80233000062907],[13.789680000231897,14.8632100004412],[13.796490000413257,14.87771000001652],[13.796709999766733,14.8843700004752],[13.830039999846178,14.95658999982868],[13.843880000461695,14.991780000246877],[13.847660000308792,14.995920000507681],[13.851400000109948,15.009260000548636],[13.862219999953084,15.028350000452235],[13.862210000391258,15.03133999984118],[13.869509999786715,15.042840000465674],[13.918539999921109,15.09624000067555],[13.917599999740219,15.09624000067555],[13.933150000072487,15.116260000298837],[13.94400000039974,15.125700000354755],[13.970179999907145,15.156530000259352],[14.028180000007069,15.240470000490177],[14.035730000139438,15.24852999985967],[14.03761000050116,15.253810000531132],[14.047050000557135,15.267150000572144],[14.04751999974826,15.270130000399263],[14.05106000021891,15.27221000009149],[14.09637000057512,15.33636000051365],[14.103450000617102,15.343480000601573],[14.105570000355272,15.34969000009346],[14.119740000001059,15.368540000620555],[14.123040000195886,15.375429999994537],[14.125640000485703,15.377050000057523],[14.215630000024532,15.504139999961069],[14.235720000177935,15.535390000348286],[14.241400000409726,15.541130000649048],[14.299570000255358,15.61856000014393],[14.306440000505688,15.622460000128967],[14.306200000229865,15.62453000025937],[14.308800000519682,15.626139999861152],[14.31164000018589,15.634180000106994],[14.318490000413249,15.644050000207415],[14.384760000573635,15.731550000032541],[14.392580000566625,15.737760000423748],[14.514839999866126,15.862189999968564],[14.524800000519633,15.870450000467201],[14.555380000586581,15.903730000039502],[14.594280000321817,15.942279999822176],[14.610410000421211,15.956040000345808],[14.621319999918114,15.969349999902647],[14.62227000056015,15.972560000443707],[14.634599999890156,15.984490000213384],[14.638399999760225,15.99137000002554],[14.69386000053862,16.044230000514176],[14.799110000526127,16.156479900626948],[14.810550000182388,16.166090000253348],[14.817249999787691,16.175840000215885],[14.913620000362755,16.276640000036025],[14.95664999989765,16.32533000067906],[15.219060000618583,16.598060000668568],[15.258350000352266,16.63928000037174],[15.259959999954106,16.642750000312333],[15.328830000404253,16.71103000053415],[15.330440000006035,16.714960000103986],[15.505550000232347,16.897870000300315],[15.509240000425734,16.966750000312288],[15.508180000106961,16.97362000056262],[15.510590000628099,16.986960000603574],[15.509770000585092,17.009429900069904],[15.512820000043007,17.042980000226862],[15.522222000145234,17.33277800040446],[15.545832999893094,17.7700000001999],[15.573055999834594,18.24888890070224],[15.602500000574594,18.78222200064488],[15.680556000159356,19.37333300051762],[15.753889000477045,19.932500000374773],[15.996667000581681,20.353056000534025],[15.742222000245192,20.62444400069012],[15.6738890002772,20.69888900012728],[15.656667000181983,20.703889000477034],[15.633056000434124,20.716667000681582],[15.608610999997723,20.734999999850174],[15.575833000192858,20.76638900035215],[15.568610999897771,20.779722000070308],[15.563056000034408,20.801110999872776],[15.557221999895432,20.815833000692464],[15.554167000206917,20.852499999975066],[15.558332999868071,20.884443900165934],[15.563611000447338,20.900833000342743],[15.568610999897771,20.910278000629262],[15.584443999790835,20.93],[15.603888999877483,20.946110900297867],[15.612778000604294,20.951111000472338],[15.627222000295149,20.95527800017959],[15.463056000234246,21.189167000456735],[15.284444000390351,21.445277900454812],[15.202500000474686,21.49583300059254],[15.19472200061989,21.998888900402505],[15.098611000297467,22.48861100009765],[14.998583099930158,23.00123850045651],[14.617500000025018,22.80916700045674],[14.234443999790813,22.613610999847822],[14.220278000329529,22.625278000079675]]]}},{"type":"Feature","properties":{"name":"Chad","code":"TCD"},"geometry":{"type":"Polygon","coordinates":[[[23.999444,15.799722],[23.999167,16.266111],[24,16.732778],[23.999167,17.099444],[24,17.632778],[23.999444,18.065833],[23.999167,18.5325],[24,18.999444],[23.999535,19.5008138],[23.499444,19.771944],[23.008611,20.034444],[22.529167,20.287778],[22.020278,20.555],[21.523056,20.812778],[21.0375,21.061111],[20.512222,21.328889],[20.036667,21.568333],[19.671667,21.750556],[19.460556,21.854444],[19.037222,22.062778],[18.9975,22.082778],[18.998333,22.084167],[18.5025,22.323889],[18.004444,22.562778],[17.504167,22.799167],[17.016667,23.028056],[16.498056,23.267222],[15.996389,23.4975],[15.467778,23.236389],[14.99858309999997,23.00123849999998],[15.098611,22.488611],[15.194722,21.998889],[15.2025,21.495833],[15.284444,21.445278],[15.463056,21.189167],[15.627222,20.955278],[15.612778,20.951111],[15.603889,20.946111],[15.584444,20.93],[15.568611,20.910278],[15.563611,20.900833],[15.558333,20.884444],[15.554167,20.8525],[15.557222,20.815833],[15.563056,20.801111],[15.568611,20.779722],[15.575833,20.766389],[15.608611,20.735],[15.633056,20.716667],[15.656667,20.703889],[15.673889,20.698889],[15.742222,20.624444],[15.996667,20.353056],[15.753889,19.9325],[15.680556,19.373333],[15.6025,18.782222],[15.573056,18.248889],[15.545833,17.77],[15.522222,17.332778],[15.512948800000022,17.042995],[15.50977,17.00943],[15.51059,16.98696],[15.50818,16.97362],[15.50924,16.96675],[15.50555,16.89787],[15.33044,16.71496],[15.32883,16.71103],[15.25996,16.64275],[15.25835,16.63928],[15.21906,16.59806],[14.95665,16.32533],[14.91362,16.27664],[14.81725,16.17584],[14.81055,16.16609],[14.79911,16.15648],[14.69386,16.04423],[14.6384,15.99137],[14.6346,15.98449],[14.62227,15.97256],[14.62132,15.96935],[14.61041,15.95604],[14.59428,15.94228],[14.55538,15.90373],[14.5248,15.87045],[14.51484,15.86219],[14.39258,15.73776],[14.38476,15.73155],[14.31849,15.64405],[14.31164,15.63418],[14.3088,15.62614],[14.3062,15.62453],[14.30644,15.62246],[14.29957,15.61856],[14.2414,15.54113],[14.23572,15.53539],[14.21563,15.50414],[14.12564,15.37705],[14.12304,15.37543],[14.11974,15.36854],[14.10557,15.34969],[14.10345,15.34348],[14.09637,15.33636],[14.05106,15.27221],[14.04752,15.27013],[14.04705,15.26715],[14.03761,15.25381],[14.03573,15.24853],[14.02818,15.24047],[13.97018,15.15653],[13.944,15.1257],[13.93315,15.11626],[13.9176,15.09624],[13.91854,15.09624],[13.86951,15.04284],[13.86221,15.03134],[13.86222,15.02835],[13.8514,15.00926],[13.84766,14.99592],[13.84388,14.99178],[13.83004,14.95659],[13.79671,14.88437],[13.79649,14.87771],[13.78968,14.86321],[13.79223,14.80233],[13.80941,14.74585],[13.8116,14.72725],[13.80996,14.72173],[13.79723,14.71273],[13.79512,14.70882],[13.78875,14.7065],[13.78853,14.70398],[13.78145,14.70235],[13.77037,14.69565],[13.76873,14.69197],[13.74557,14.69834],[13.70649,14.6633],[13.70227,14.65686],[13.67731,14.63656],[13.67686,14.63173],[13.679,14.62645],[13.6925,14.61293],[13.69143,14.5826],[13.69602,14.55112],[13.66589,14.52989],[13.66282,14.52942],[13.65906,14.52527],[13.64094,14.51372],[13.63316,14.51048],[13.60087,14.50233],[13.57207,14.50568],[13.49975,14.47785],[13.49339,14.47461],[13.47883,14.46007],[13.47509,14.45201],[13.47348,14.44282],[13.47964,14.37963],[13.4938,14.32152],[13.49929,14.30476],[13.501,14.29259],[13.55713,14.04841],[13.56363,14.01417],[13.62082,13.77132],[13.633381,13.70816],[13.853802,13.402577],[14.083333,13.083333],[14.466666,13.083333],[14.525312,12.970402],[14.5351333,12.9461531],[14.54343790000003,12.936733900000034],[14.550075399999969,12.9378326],[14.552057800000036,12.9357438],[14.5523118,12.926338400000018],[14.559549400000034,12.921573699999959],[14.562152400000024,12.917613300000012],[14.564628399999986,12.912043899999984],[14.5637838,12.893441899999972],[14.571976800000037,12.8875737],[14.570297299999986,12.8843147],[14.56183079999997,12.884750900000034],[14.5592322,12.8833657],[14.557921099999955,12.8812564],[14.558233699999974,12.875579200000024],[14.554378699999955,12.865905500000045],[14.554701899999962,12.81588650000001],[14.551756599999983,12.8107027],[14.547304699999959,12.79588940000003],[14.5499395,12.784621300000024],[14.55574859999997,12.775860299999978],[14.558732500000033,12.774776800000035],[14.561303799999976,12.775891299999968],[14.566414599999984,12.7833211],[14.573842699999968,12.7837236],[14.577683699999984,12.77824410000004],[14.577874100000017,12.761928799999959],[14.579207400000023,12.757904],[14.585556199999967,12.749235],[14.591111399999974,12.745519600000014],[14.595206300000036,12.745984099999989],[14.6019043,12.7499162],[14.616551800000028,12.77342559999997],[14.6188111,12.774571800000038],[14.622980700000028,12.772793100000039],[14.625426599999987,12.766015499999964],[14.621522099999957,12.752981300000025],[14.614712199999964,12.746733299999983],[14.616063799999974,12.743415],[14.626637399999982,12.7438567],[14.6367592,12.741897099999958],[14.6420287,12.738986600000016],[14.648599700000027,12.730316899999975],[14.65431360000002,12.725579500000043],[14.661075,12.7234429],[14.678819899999969,12.7222663],[14.694296700000038,12.728460699999959],[14.713008199999962,12.725115],[14.717992,12.722204300000021],[14.721452099999972,12.7192317],[14.724816900000022,12.7121716],[14.725324800000035,12.705916399999987],[14.7191573,12.697245600000032],[14.707661,12.688872800000043],[14.7041032,12.681588499999966],[14.7036504,12.671666599999968],[14.704977699999962,12.6672786],[14.707839799999984,12.6618245],[14.711764,12.658876499999975],[14.720590800000029,12.657711899999983],[14.729806300000021,12.6646992],[14.734479100000026,12.685132099999977],[14.73676560000003,12.6874564],[14.741819200000013,12.689090400000017],[14.7457124,12.688671399999988],[14.751243300000034,12.6863238],[14.761544200000039,12.6781324],[14.762702899999987,12.6755154],[14.759782400000017,12.667137799999976],[14.762718699999962,12.646680400000013],[14.766512100000035,12.639649300000015],[14.772210199999964,12.634693300000025],[14.7808604,12.632354599999966],[14.787050500000039,12.63447640000002],[14.796145099999976,12.640361699999984],[14.806176200000039,12.6356225],[14.824397199999968,12.63997450000001],[14.829063599999976,12.638178],[14.8325237,12.633500700000026],[14.837396400000031,12.618601100000019],[14.839412100000011,12.603096499999959],[14.8432055,12.59278030000002],[14.848586100000034,12.582215799999966],[14.854744500000034,12.574330800000014],[14.853125500000015,12.564137400000023],[14.853538199999967,12.554780100000022],[14.850808200000039,12.548660500000034],[14.85139549999996,12.53191220000001],[14.847237,12.519718299999964],[14.849490800000016,12.513644300000019],[14.856268199999985,12.50612920000003],[14.859172799999971,12.4926634],[14.8566967,12.487131200000027],[14.84842739999996,12.4820018],[14.84560219999997,12.478654399999959],[14.8431421,12.467728799999959],[14.847411600000022,12.457205700000044],[14.854284199999963,12.452819599999957],[14.860252,12.454168],[14.861712300000036,12.4560588],[14.862299500000038,12.46357540000003],[14.86536280000001,12.4686277],[14.870949799999984,12.46979],[14.8778223,12.463373899999967],[14.878600099999968,12.453873500000027],[14.874600299999958,12.4421254],[14.8752352,12.437274099999977],[14.8852345,12.427307700000027],[14.900028199999955,12.405003600000034],[14.908468,12.383801700000022],[14.907677500000034,12.370896700000026],[14.900376399999988,12.356044],[14.899884399999959,12.350539900000038],[14.90105889999997,12.343919299999987],[14.9083791,12.33675259999996],[14.90902690000004,12.3310961],[14.903649,12.3221606],[14.894404499999965,12.312822099999957],[14.893285700000032,12.3073953],[14.895111099999987,12.300932799999979],[14.9031815,12.28908680000003],[14.90578830000004,12.28261839999996],[14.9031815,12.267680299999965],[14.89438250000001,12.2581389],[14.892093,12.2513171],[14.89312550000001,12.246293899999964],[14.9019245,12.234207099999987],[14.903338600000033,12.228064799999986],[14.902216299999989,12.2224927],[14.8944499,12.212576799999967],[14.8921828,12.205951300000043],[14.8931704,12.200839500000042],[14.8964252,12.19715359999998],[14.907917700000013,12.192743699999967],[14.911396900000025,12.188180200000035],[14.91103769999997,12.18530589999998],[14.906660700000014,12.180237600000025],[14.8909839,12.1756031],[14.8863518,12.170403700000024],[14.885276500000018,12.16518819999997],[14.890397,12.1592813],[14.899623500000043,12.15492030000003],[14.9104885,12.14686759999997],[14.922834,12.1286],[14.937465199999984,12.117182900000016],[14.950897099999967,12.101566699999958],[14.961676500000038,12.096765800000012],[14.967997399999984,12.096600199999989],[14.9844204,12.10482240000004],[14.997739399999972,12.119665900000024],[15.0014078,12.121321300000035],[15.008575300000011,12.121376499999984],[15.026245899999964,12.114306599999972],[15.0377795,12.104072299999972],[15.0348382,12.085378299999986],[15.036907100000025,12.078066],[15.039075699999955,12.075799200000018],[15.0502177,12.072045400000023],[15.060263,12.0599795],[15.060650199999976,12.057046200000036],[15.057412699999979,12.045602299999961],[15.056905600000032,12.036523099999966],[15.038333099999974,12.035170699999979],[15.038650899999979,12.0314494],[15.0517569,12.01817320000003],[15.05437029999996,12.011000699999967],[15.05873890000002,12.006536900000023],[15.069270500000016,12.003828],[15.082142300000019,12.0043832],[15.085319800000025,12.000354299999975],[15.085848,11.995739499999972],[15.085809200000018,11.989502500000041],[15.083312600000038,11.985323200000012],[15.0753944,11.9781117],[15.055900299999987,11.978880600000034],[15.050063799999975,11.9736749],[15.0474888,11.963095400000027],[15.058552400000043,11.948871100000028],[15.06311,11.9375683],[15.06122180000002,11.92799509999998],[15.054947500000022,11.918639799999967],[15.04714550000001,11.917077799999957],[15.040794100000028,11.913046700000022],[15.0391547,11.9073862],[15.041824,11.893394200000044],[15.0453345,11.885381600000015],[15.050407099999958,11.8797877],[15.050235399999963,11.875420100000026],[15.047909399999977,11.870430800000035],[15.05075040000003,11.8571089],[15.055290900000013,11.849767199999976],[15.063411,11.843411399999985],[15.074096399999988,11.850220800000026],[15.0769723,11.858584100000028],[15.089623100000011,11.8544713],[15.0940863,11.84993520000002],[15.098472299999983,11.828715599999965],[15.096446,11.818592],[15.09722980000003,11.815775900000029],[15.102935499999965,11.811409399999965],[15.105167099999957,11.805360399999957],[15.117775600000023,11.8005379],[15.122848199999979,11.79090940000003],[15.1204449,11.785700100000044],[15.1143424,11.780205100000044],[15.106712,11.777970100000038],[15.0938374,11.776793699999958],[15.080104499999987,11.76587039999997],[15.0840527,11.754442399999968],[15.091339700000024,11.7528122],[15.099845600000013,11.745535],[15.105510400000028,11.731080899999972],[15.103871,11.729114399999977],[15.081040100000038,11.7353332],[15.077357900000017,11.73461049999998],[15.066329799999973,11.720541400000032],[15.064311699999973,11.715953600000043],[15.06448329999996,11.710911],[15.0715214,11.7031789],[15.072551399999963,11.695950800000036],[15.081134500000033,11.6898992],[15.081649500000012,11.6865372],[15.076156299999983,11.6783],[15.07554690000001,11.669608699999982],[15.084616,11.660830899999967],[15.080962800000037,11.652074],[15.0777131,11.648452899999965],[15.0778729,11.64484450000001],[15.084473299999974,11.640355500000025],[15.08765760000001,11.63509289999998],[15.0861353,11.625075299999969],[15.099502200000021,11.615925],[15.101218900000042,11.609703499999972],[15.0999228,11.587893700000022],[15.1019055,11.58498450000001],[15.128513,11.574558100000013],[15.144898099999988,11.56233180000004],[15.140778199999989,11.5549319],[15.141216,11.546976800000012],[15.13786,11.54366349999996],[15.13829770000001,11.5326805],[15.132976199999977,11.5289802],[15.1302296,11.52225220000003],[15.13331949999996,11.514010200000028],[15.131259599999964,11.51165529999996],[15.125594800000037,11.512159899999967],[15.1100508,11.503799799999962],[15.10747590000003,11.500267299999981],[15.109192500000042,11.494043299999971],[15.106960899999962,11.490174200000029],[15.09864389999997,11.49079670000002],[15.096832899999963,11.48664160000004],[15.100875499999962,11.481880800000036],[15.100532199999979,11.477002199999967],[15.091262500000031,11.470609500000032],[15.081477800000016,11.449747800000013],[15.075203600000027,11.4499665],[15.0735814,11.4473924],[15.077931,11.443845399999967],[15.0780446,11.439989400000043],[15.072036399999984,11.4383069],[15.0686467,11.424541499999966],[15.0655133,11.4199669],[15.0598485,11.416938100000044],[15.058380799999966,11.412108899999977],[15.0616423,11.407565600000028],[15.061985699999987,11.404705],[15.056930200000025,11.4007842],[15.056664100000035,11.398310599999965],[15.062329,11.391242899999957],[15.069289800000014,11.3718396],[15.06907,11.36596],[15.066028299999985,11.364771300000024],[15.0516087,11.351643900000012],[15.0492827,11.3454671],[15.0617367,11.3373378],[15.0739247,11.326734],[15.073315300000019,11.3205566],[15.06414,11.311248299999969],[15.060191799999973,11.303673500000015],[15.054775900000035,11.285711899999965],[15.0493771,11.283641299999973],[15.0485076,11.280580899999974],[15.053153700000017,11.275055699999962],[15.060097399999979,11.271065799999972],[15.062251699999969,11.265123],[15.062423399999965,11.258052],[15.06644879999996,11.24951609999996],[15.067058200000023,11.24121570000001],[15.058990200000029,11.2346493],[15.05820909999997,11.231163900000011],[15.06095570000003,11.22914339999999],[15.0614707,11.222913500000024],[15.06808819999998,11.201983300000022],[15.071349800000018,11.197941800000025],[15.075813,11.186154100000016],[15.0840527,11.1736922],[15.091262500000031,11.171502900000045],[15.095210700000035,11.1679663],[15.096069,11.158198300000025],[15.098815599999966,11.1538194],[15.099064500000043,11.1441015],[15.097099,11.133945299999985],[15.098300599999988,11.13023979999999],[15.09727060000003,11.12586060000003],[15.098472299999983,11.115754299999962],[15.09641229999998,11.1130592],[15.096584,11.110027200000031],[15.09864389999997,11.105816100000036],[15.098129,11.1022787],[15.10911529999996,11.094024599999978],[15.110660199999977,11.088128600000017],[15.1080853,11.0864441],[15.107055299999956,11.082232599999967],[15.101639400000018,11.077397699999961],[15.103278800000037,11.072630200000026],[15.101218900000042,11.06841849999998],[15.09458409999997,11.064063599999988],[15.09675569999997,11.057467900000043],[15.095288,11.052685300000013],[15.097614,11.045506],[15.092464099999976,11.033038100000029],[15.0837094,11.034386],[15.071697800000035,11.026402399999972],[15.061412199999964,11.027531],[15.054527,11.026298399999982],[15.0527799,11.030212],[15.049773,11.03096669999997],[15.045537,11.0286055],[15.045214899999966,11.025199800000033],[15.045974400000013,11.022349199999985],[15.053374099999957,11.018073399999965],[15.053497,11.013661200000028],[15.046175899999987,11.007321],[15.0456362,11.00356],[15.059367100000038,10.98677289999999],[15.058771799999988,10.976405199999965],[15.061512900000036,10.9716632],[15.0779502,10.958944300000043],[15.081134500000033,10.954511900000034],[15.0796668,10.941922200000013],[15.087473300000038,10.9230132],[15.0945114,10.8815467],[15.0945114,10.870757700000015],[15.093138099999965,10.867048900000013],[15.085585,10.85845109999997],[15.077516900000028,10.852381899999978],[15.073225400000041,10.84631249999997],[15.072539699999972,10.831060799999962],[15.0696579,10.827389400000035],[15.0675647,10.820319500000023],[15.073397100000037,10.808713500000037],[15.0780319,10.7878044],[15.091249799999957,10.7680743],[15.0946831,10.754414299999974],[15.1351952,10.6915027],[15.137770099999965,10.671091500000033],[15.14257660000002,10.6606324],[15.1490997,10.651522600000044],[15.160086099999965,10.621998],[15.159742699999974,10.613730600000041],[15.152704600000018,10.605294300000038],[15.142748300000015,10.587071],[15.142748300000015,10.57779020000003],[15.1451515,10.5658091],[15.1449799,10.5416768],[15.1500144,10.532917700000025],[15.156996200000012,10.526825199999971],[15.172445700000043,10.51923039999996],[15.1813721,10.5121417],[15.189268500000015,10.509441200000017],[15.204718,10.4999892],[15.217077600000035,10.494588],[15.238535299999985,10.474839],[15.241625200000026,10.4663988],[15.243170199999962,10.455595099999963],[15.2481483,10.445466299999987],[15.264799499999988,10.423012899999987],[15.2744125,10.41271409999998],[15.28110729999998,10.389245299999986],[15.2828239,10.366619],[15.291750299999958,10.33993809999996],[15.302565,10.334196299999968],[15.305654899999972,10.329974399999967],[15.30308,10.3188281],[15.30457130000002,10.3103574],[15.327970899999972,10.30362810000001],[15.35045849999996,10.2916365],[15.365049700000029,10.270861200000029],[15.37363280000001,10.262753400000028],[15.38461909999997,10.248902],[15.391485600000028,10.2480574],[15.397837100000018,10.24417219999996],[15.401613600000026,10.231840399999962],[15.412771599999981,10.214777899999964],[15.41689149999998,10.21038539999997],[15.439550799999964,10.1982213],[15.448477200000017,10.186732500000021],[15.4567169,10.163753699999981],[15.46838990000003,10.1453357],[15.476114699999961,10.136548800000037],[15.48023450000004,10.122692],[15.483667799999985,10.117960299999988],[15.4955124,10.11001749999996],[15.50443879999996,10.098187600000012],[15.50909889999998,10.096383400000034],[15.516798400000038,10.099370600000016],[15.528299699999977,10.097849600000023],[15.536539499999975,10.0943005],[15.5492281,10.082991800000011],[15.562975299999966,10.067258699999963],[15.568640099999982,10.066075600000039],[15.57743379999998,10.069794499999988],[15.580847800000015,10.068571599999968],[15.584239199999956,10.0646013],[15.586149600000017,10.059145799999984],[15.5857221,10.056060599999975],[15.591986100000028,10.0500184],[15.613272099999982,10.046299799999984],[15.643484499999989,10.02635369999996],[15.674383499999962,10.010801699999975],[15.688997799999989,9.998714],[15.688473200000015,9.9929085],[15.523331599999963,9.951795],[15.41385840000002,9.93348160000003],[15.364606899999984,9.9589016],[15.248099499999963,9.989541],[15.215309400000017,9.985359],[15.20966940000001,9.9908648],[15.199191700000032,9.990823799999985],[15.179290299999977,9.98663550000001],[15.148312100000023,9.994282199999963],[15.110210100000039,9.983988500000022],[15.106018300000041,9.965152500000011],[15.0599645,9.945692100000029],[15.0331979,9.965449900000015],[15.020938300000015,9.966926399999968],[15.000696799999975,9.9664479],[14.996851799999984,9.96899760000001],[14.9578534,9.982890400000025],[14.8024208,9.9352191],[14.730032700000013,9.94781230000004],[14.463357699999975,10.002224300000021],[14.2924965,10.000774],[14.2405813,10.0015563],[14.230410099999986,9.999840200000024],[14.204232300000026,10.0033094],[14.171797299999973,9.908186199999983],[14.155656,9.871487],[14.129471600000016,9.82450770000001],[14.020937599999979,9.732403899999968],[13.97509689999998,9.642373100000027],[13.9847109,9.634365100000023],[13.98751830000002,9.629197600000031],[13.994777,9.624442100000023],[14.002077700000033,9.622548400000012],[14.0028782,9.6197948],[14.006343600000033,9.618551499999976],[14.014330599999987,9.622489600000032],[14.020372600000037,9.61679859999998],[14.0236001,9.615678],[14.022601900000016,9.613189499999967],[14.024411099999963,9.6136397],[14.027138,9.611215200000037],[14.0300257,9.6115313],[14.030292699999976,9.613315099999967],[14.033614600000028,9.610524800000023],[14.0380497,9.610979800000012],[14.039852400000026,9.601850300000029],[14.063687400000031,9.573010199999969],[14.066843400000035,9.567122499999984],[14.071837100000035,9.563711899999964],[14.076279900000017,9.555540300000013],[14.081190299999964,9.554633699999963],[14.08277980000003,9.556517400000034],[14.086342899999966,9.553843],[14.088039099999978,9.554891499999977],[14.0924179,9.5505358],[14.100032,9.537668099999989],[14.10430179999997,9.517937300000016],[14.117383700000037,9.50940150000004],[14.129193099999977,9.5042215],[14.135776100000026,9.50281240000002],[14.141201799999976,9.50428220000004],[14.146928100000018,9.501814499999965],[14.14981810000004,9.5023677],[14.1556442,9.490600099999961],[14.167185699999969,9.483636],[14.174170599999965,9.477096199999972],[14.176985,9.472644300000036],[14.177161,9.468350799999973],[14.179057700000026,9.4667731],[14.178128,9.460826899999967],[14.186343599999969,9.4562951],[14.186829,9.44866020000004],[14.189298500000032,9.44292949999999],[14.195498900000043,9.442453200000015],[14.204080399999981,9.44637849999999],[14.208873199999967,9.4378448],[14.211841299999968,9.435655399999957],[14.212473400000043,9.429806299999969],[14.228646900000026,9.41979280000003],[14.229912700000042,9.4161985],[14.229007899999964,9.41192139999996],[14.234833699999978,9.40027410000002],[14.253759100000014,9.3740118],[14.268519799999986,9.358179700000017],[14.273795200000023,9.3578629],[14.283637800000033,9.361318700000036],[14.304327,9.371684],[14.308593,9.367033],[14.320393,9.34295],[14.328909,9.336099],[14.333346,9.319575],[14.339203,9.309876],[14.358332,9.302011],[14.373162,9.294147],[14.3749,9.286878],[14.375282,9.274291],[14.376985,9.271177],[14.374079,9.268618],[14.371772,9.259231],[14.367702,9.258486],[14.368215,9.247151],[14.366677,9.2396],[14.361447,9.237337],[14.361697,9.234786],[14.364231,9.23194],[14.356475,9.229465],[14.356324,9.218725],[14.34916,9.216284],[14.347621,9.208615],[14.348681,9.204332],[14.350938,9.200102],[14.35828,9.198282],[14.36281,9.1864],[14.374278,9.1819],[14.380263,9.177949],[14.390037,9.16548],[14.396898,9.161768],[14.407164,9.148104],[14.418303,9.141889],[14.432402,9.129672],[14.464023,9.114894],[14.472212,9.096309],[14.479085,9.085657],[14.481943,9.083825],[14.483170299999966,9.077907199999972],[14.4868066,9.072680399999959],[14.48623839999998,9.0680446],[14.4891337,9.064959299999979],[14.48944410000001,9.059153700000037],[14.56652,9.013966],[14.8380197,8.810639],[14.843792100000037,8.81184759999996],[14.852853299999964,8.81077],[14.853004400000032,8.816702700000038],[14.854394899999974,8.817865300000042],[14.8620424,8.813690400000022],[14.866053300000033,8.815751500000028],[14.871639,8.821863800000033],[14.877092,8.818872],[14.880865,8.821418],[14.887079,8.817517],[14.890831,8.817937],[14.899255,8.814041],[14.900923,8.804631],[14.906572,8.799924],[14.904209,8.793403],[14.909759,8.79365],[14.908419,8.789671],[14.922836,8.779671],[14.908864,8.767593],[14.908265,8.763601],[14.913534,8.761829],[14.923007,8.754498],[14.935776,8.755062],[14.941916,8.757813],[14.948368,8.75785],[14.955053,8.749789],[14.962766,8.745861],[14.973262,8.744174],[14.978121,8.740757],[14.989221,8.728469],[14.988412,8.716991],[14.986018,8.71443],[14.984414,8.705587],[14.983152,8.705484],[14.981975,8.702635],[14.982399,8.688869],[14.98577,8.687576],[15.009452,8.687599],[15.011644,8.686109],[15.015425,8.687218],[15.022762,8.684982],[15.02726,8.680346],[15.034589,8.676795],[15.053147,8.681099],[15.060044,8.680883],[15.066885,8.6765],[15.077929,8.673428],[15.085472,8.668179],[15.109015,8.659348],[15.109322,8.64324],[15.117583,8.63152],[15.136936,8.614483],[15.150939,8.605862],[15.1540815,8.57223289999998],[15.16661,8.555777],[15.170503,8.542295],[15.177777,8.526987],[15.200064,8.512252],[15.222648600000017,8.4604621],[15.393138,8.098412],[15.394854,8.093707],[15.393964,8.046506],[15.411671,7.999983],[15.451778,7.885289799999965],[15.506378,7.792022099999988],[15.587413,7.773895200000029],[15.591449,7.766291],[15.586719600000016,7.756417],[15.583336499999962,7.743743199999956],[15.58779249999997,7.7388381],[15.584618499999987,7.725578],[15.588306499999955,7.720322],[15.5863425,7.7113899],[15.587692499999957,7.694165700000037],[15.590292499999965,7.6900227],[15.5892335,7.67992459999998],[15.58491349999997,7.6673075],[15.5738305,7.657026400000037],[15.574815499999968,7.654217399999967],[15.578810500000024,7.651947299999987],[15.580197500000033,7.642266300000026],[15.576590500000016,7.6361442],[15.5755395,7.626168099999967],[15.567308500000028,7.616127],[15.5612905,7.612042],[15.560651499999985,7.604507899999961],[15.562587799999967,7.600497400000043],[15.566808100000014,7.596672600000035],[15.5664257,7.593532600000023],[15.56113879999998,7.5845884],[15.556202799999959,7.583139899999972],[15.552359700000036,7.578806399999975],[15.55063150000004,7.572601899999979],[15.5444618,7.57193719999996],[15.539398099999975,7.567639399999985],[15.536957099999977,7.564617399999966],[15.535756400000018,7.559837599999989],[15.5263077,7.553737700000033],[15.521484199999964,7.5472976],[15.515056299999959,7.547242],[15.510248599999983,7.5397524],[15.510157,7.53389680000001],[15.504891400000016,7.53271659999997],[15.4977485,7.528358900000013],[15.493938100000033,7.529520899999968],[15.4933205,7.525484699999966],[15.54655,7.5112],[15.56036,7.51051],[15.62205,7.51415],[15.62205,7.51323],[15.63955,7.51667],[15.64807,7.51551],[15.66004,7.51757],[15.72795,7.51913],[15.72986,7.51618],[15.72764,7.50499],[15.73154,7.50061],[15.74297,7.47853],[15.74618,7.47622],[15.75539,7.47458],[15.75814,7.47089],[15.75903,7.46377],[15.76638,7.45777],[15.76914,7.45799],[15.77353,7.46279],[15.78529,7.46189],[15.79997,7.45488],[15.80959,7.44107],[15.81305,7.44174],[15.81674,7.4454],[15.83401,7.44556],[15.84024,7.45059],[15.84577,7.45218],[15.86396,7.45302],[15.88356,7.46029],[15.90937,7.46707],[15.918590699999964,7.4707091],[15.9310507,7.478699100000034],[15.9511007,7.483669100000027],[15.97481069999997,7.4833391],[15.981050699999972,7.489279100000038],[15.99003070000002,7.490389100000042],[15.997890700000035,7.498629099999969],[16.010350699999982,7.505689099999961],[16.017540699999984,7.519899100000019],[16.023080699999976,7.522859099999971],[16.027010699999984,7.5299291],[16.035770700000036,7.530839099999968],[16.039010699999974,7.533809100000036],[16.0390507,7.5434591],[16.043250699999962,7.559969100000034],[16.0492807,7.57072910000001],[16.056680699999966,7.577589099999974],[16.087810699999956,7.58916910000003],[16.104620700000023,7.591619099999972],[16.13133,7.59081],[16.13963,7.59491],[16.14931,7.59579],[16.16358,7.59458],[16.17282,7.60234],[16.18069,7.61195],[16.18553,7.61445],[16.19636,7.61578],[16.2041907,7.61505909999998],[16.218114600000018,7.6063805],[16.22979070000003,7.605840800000022],[16.234317600000043,7.610202599999964],[16.24239359999999,7.612748600000034],[16.247276200000034,7.612083399999973],[16.24984480000002,7.6137348],[16.248224900000015,7.616739500000017],[16.24984480000002,7.622060700000025],[16.256509199999964,7.62756530000002],[16.2577356,7.6277487],[16.2582679,7.624652399999968],[16.263196799999964,7.6264185],[16.2696529,7.626602],[16.2727306,7.63139550000003],[16.27948759999997,7.6335055],[16.2826578,7.637358700000044],[16.286499100000036,7.638574199999985],[16.28712390000004,7.6399732],[16.285133799999958,7.644032699999984],[16.295847800000036,7.654743100000031],[16.306913,7.650801],[16.317543100000016,7.658469599999988],[16.325760600000034,7.661641299999959],[16.337261899999973,7.663342600000037],[16.34241180000002,7.660280199999962],[16.34327009999998,7.66538410000002],[16.3487633,7.6691269],[16.355286399999986,7.663852899999982],[16.364556100000023,7.66861650000004],[16.371765899999975,7.6677659],[16.377259,7.673209899999959],[16.384468800000036,7.673209899999959],[16.38652880000004,7.674400699999987],[16.389103700000014,7.6783136],[16.390477,7.684097700000029],[16.393738499999984,7.682396499999959],[16.39803009999998,7.6829068],[16.4014633,7.689541499999967],[16.4038666,7.689541499999967],[16.40523980000001,7.69158290000003],[16.40523980000001,7.69566569999998],[16.40935970000001,7.69974840000001],[16.412792900000035,7.7062127],[16.423436,7.715738800000031],[16.424692,7.721974300000015],[16.415446699999965,7.723890700000039],[16.409084499999977,7.7358722],[16.410275400000014,7.7421871],[16.417839200000035,7.7460462],[16.41933049999997,7.7502028],[16.41641230000001,7.7584736],[16.406016,7.772697100000018],[16.4085802,7.776364499999969],[16.41936269999997,7.783072100000025],[16.422441900000013,7.792075599999974],[16.4288148,7.7985704],[16.432012,7.810241499999963],[16.4371082,7.808051899999983],[16.440219600000034,7.804916199999971],[16.4471075,7.804352799999984],[16.449736,7.802205699999968],[16.452268,7.793957100000041],[16.447300599999988,7.7890886],[16.450047199999958,7.7873666],[16.458619500000022,7.786420499999961],[16.4650246,7.787536700000034],[16.47430509999996,7.792139400000012],[16.477802699999984,7.789577599999967],[16.480002099999975,7.790056],[16.48395029999998,7.795158200000033],[16.48819889999997,7.796093599999979],[16.486675400000035,7.807849899999967],[16.488563700000043,7.8119209],[16.5018245,7.819106199999974],[16.5036699,7.821752900000027],[16.503380200000013,7.827269300000021],[16.508937700000033,7.8332214],[16.508691,7.838440099999969],[16.5058478,7.84569940000002],[16.5076503,7.848101399999988],[16.5125066,7.850155699999965],[16.5163365,7.848458699999975],[16.5258657,7.848078],[16.528679500000028,7.850091199999957],[16.52965,7.853369],[16.5336558,7.853530300000026],[16.5350822,7.858363100000036],[16.53715350000004,7.859427700000014],[16.5518153,7.858163],[16.55541720000004,7.862899],[16.550226,7.867828500000011],[16.552629400000036,7.872783700000022],[16.5620088,7.870673799999976],[16.57088660000003,7.876725899999974],[16.57797330000001,7.874261199999969],[16.580448399999987,7.875758100000011],[16.584037300000016,7.882371299999983],[16.5901795,7.8849134],[16.5911434,7.886645300000032],[16.59206130000001,7.881653700000028],[16.588343,7.877867099999984],[16.588754300000037,7.874734],[16.5870889,7.873899200000038],[16.59028390000003,7.871525600000021],[16.59077909999997,7.869080699999968],[16.58687340000002,7.868378200000018],[16.5863203,7.864876900000043],[16.583543600000024,7.863923600000037],[16.5846693,7.86085819999998],[16.583406799999985,7.859271100000024],[16.58106710000002,7.859406699999964],[16.5784894,7.856363499999967],[16.5807868,7.852955900000017],[16.5786848,7.849950799999975],[16.5800631,7.848447500000026],[16.5791626,7.846348399999984],[16.580946,7.8447653],[16.578749,7.842616700000042],[16.580887199999967,7.8417231],[16.581744,7.8385532],[16.5864845,7.834319199999976],[16.5866478,7.832338100000017],[16.5814167,7.824269399999965],[16.583398800000033,7.820657],[16.58211739999997,7.8181672],[16.583082499999975,7.8168362],[16.585714699999983,7.817292600000018],[16.586941200000034,7.8096042],[16.5915245,7.809181600000018],[16.591796,7.803641899999961],[16.58862410000001,7.804556300000035],[16.586239,7.801531200000026],[16.5868806,7.800232699999968],[16.5888547,7.800738],[16.589172800000025,7.798972200000035],[16.587450900000018,7.798005100000042],[16.588427,7.79625569999998],[16.586809299999956,7.79419110000004],[16.589436,7.790485699999964],[16.59002830000002,7.782602100000039],[16.592205300000025,7.780934099999962],[16.5922382,7.776625399999974],[16.589579899999958,7.774002799999961],[16.6067083,7.761405500000022],[16.613617799999965,7.7635028],[16.6146488,7.76500250000001],[16.616113,7.764453699999988],[16.61742910000001,7.766893299999959],[16.62266609999998,7.76475250000002],[16.623757899999987,7.762544],[16.626053400000025,7.7629628],[16.631001299999966,7.760146500000035],[16.635421799999968,7.759478],[16.637538699999972,7.760686400000031],[16.641466399999967,7.756606300000039],[16.64363049999997,7.757259299999978],[16.6430877,7.7559338],[16.647345300000023,7.751346200000024],[16.65778780000002,7.74541],[16.6599088,7.745498399999965],[16.659342699999975,7.74315069999996],[16.662611499999986,7.740042299999986],[16.663557700000027,7.737441099999968],[16.66244479999996,7.7368263],[16.6642765,7.7343284],[16.6615832,7.733274199999988],[16.6610122,7.73002430000003],[16.655733599999962,7.722284600000021],[16.657064,7.720073200000014],[16.656150399999987,7.713480799999987],[16.65853219999997,7.710099900000026],[16.657084900000036,7.6913249],[16.659462699999956,7.686178499999977],[16.6596,7.672195799999985],[16.672100799999985,7.6681834],[16.674626200000038,7.663748599999968],[16.674965100000012,7.6591943],[16.682351800000035,7.653002199999962],[16.6845187,7.645806700000039],[16.684412800000032,7.6395458],[16.70150310000002,7.639590100000019],[16.707915800000013,7.64128889999998],[16.71208410000002,7.6399773],[16.714316800000013,7.636498899999959],[16.7171805,7.6350117],[16.726543,7.6367451],[16.73003650000002,7.639238300000043],[16.743443900000017,7.632474300000029],[16.745488900000023,7.626226900000036],[16.7481025,7.623325300000031],[16.759416100000042,7.619514400000019],[16.7650309,7.61329280000003],[16.7759542,7.607618],[16.7807965,7.597441],[16.78876649999996,7.590707200000017],[16.7913261,7.5858207],[16.7914548,7.575835900000042],[16.788714700000025,7.569519500000025],[16.790636200000026,7.563549900000014],[16.7944692,7.5597895],[16.801026,7.5571778],[16.803759599999974,7.552523799999959],[16.804017199999972,7.548861499999985],[16.805552399999986,7.548233100000038],[16.80720639999997,7.53925870000001],[16.80930619999998,7.535694399999974],[16.8114276,7.537063800000036],[16.813357499999988,7.535636599999988],[16.81879229999998,7.538453099999968],[16.81878,7.537407499999963],[16.82289550000002,7.5363699],[16.82729570000003,7.538206],[16.832484099999974,7.536764499999963],[16.837546,7.5328308],[16.83799790000002,7.5378009],[16.84262330000001,7.542561],[16.85203269999997,7.540205],[16.85984160000002,7.54522960000004],[16.860011400000037,7.557226],[16.864085599999985,7.561649399999974],[16.87604139999996,7.565063099999984],[16.884505,7.563789],[16.886663399999975,7.56035120000003],[16.882273899999962,7.5597743],[16.881691900000035,7.5571058],[16.892653399999986,7.552129400000011],[16.898303899999974,7.5553508],[16.9064281,7.564846800000028],[16.9037605,7.572203],[16.90092309999997,7.575448300000035],[16.893769,7.576530100000015],[16.889015800000013,7.5755445],[16.886372399999967,7.57891],[16.89299290000001,7.58686689999997],[16.895241499999987,7.5939843],[16.900301300000038,7.596076600000016],[16.901558399999956,7.603661099999973],[16.8920568,7.610475299999967],[16.891935600000014,7.620522899999974],[16.9021065,7.618849900000017],[16.915877199999958,7.610184299999959],[16.922152200000014,7.609883799999965],[16.923849799999964,7.6116566],[16.9236376,7.615532599999989],[16.921182199999958,7.621872399999988],[16.92345570000004,7.626529500000027],[16.936702900000018,7.630765899999984],[16.94073470000001,7.639178599999989],[16.948495,7.6416723],[16.951193,7.645337799999966],[16.957805499999985,7.640697100000041],[16.963232899999987,7.6317557],[16.972511,7.632482700000013],[16.975151299999975,7.642296300000021],[16.976911599999962,7.642696099999972],[16.986739700000015,7.6379347],[16.9966045,7.641242300000032],[17.003315499999978,7.636444499999987],[17.017287499999973,7.639752100000011],[17.025098700000036,7.638080099999959],[17.030746200000042,7.639570299999979],[17.035256800000038,7.638879700000038],[17.04024419999996,7.6423326],[17.034853399999967,7.651600900000014],[17.03925410000002,7.658034],[17.0491189,7.657772300000024],[17.056291299999966,7.652617700000034],[17.058281599999976,7.652859599999976],[17.0637716,7.656069199999974],[17.06940989999996,7.662793],[17.073489700000017,7.66433760000003],[17.080136500000016,7.663247299999968],[17.08838769999998,7.6654279],[17.0865083,7.672151599999969],[17.082199299999985,7.676512800000038],[17.081970100000028,7.6836906],[17.077615300000044,7.686325399999964],[17.0770652,7.6889602],[17.07853209999996,7.69086819999996],[17.083391200000015,7.692549],[17.082611900000018,7.699363100000015],[17.091504899999972,7.701543600000042],[17.093842699999957,7.699454],[17.09627219999998,7.6927762],[17.1013605,7.6926399],[17.106219500000037,7.695047499999989],[17.109107399999974,7.694048099999987],[17.11130779999996,7.685553100000012],[17.118733899999956,7.675649700000035],[17.119375600000026,7.668562600000021],[17.121942699999977,7.6661094],[17.139774500000033,7.668926099999988],[17.144175099999988,7.672242400000021],[17.15481,7.670879499999964],[17.155039199999962,7.6747411],[17.15247220000002,7.682509399999974],[17.15641439999997,7.688188],[17.164161399999962,7.690686500000025],[17.162832,7.696364900000011],[17.158293800000042,7.702452099999983],[17.164023900000043,7.717760599999982],[17.1675077,7.718623599999978],[17.173191900000013,7.7169429],[17.174383700000035,7.7129001],[17.176859100000037,7.713990300000043],[17.180526299999972,7.721712500000026],[17.1824974,7.722575600000029],[17.194828400000013,7.72302980000004],[17.20106259999998,7.721757899999963],[17.206701,7.733250199999956],[17.212889400000027,7.7334773],[17.213026900000035,7.738837200000019],[17.2070677,7.748103300000023],[17.21994869999996,7.758050499999984],[17.221599,7.770223],[17.2232951,7.7711768],[17.2263663,7.771676400000031],[17.232508900000028,7.76876960000004],[17.237276300000044,7.758459299999968],[17.2371846,7.753372099999959],[17.249790600000043,7.749556800000027],[17.2577668,7.752917900000037],[17.259554600000033,7.757005799999964],[17.25996709999997,7.763864299999982],[17.261663199999973,7.766135200000027],[17.260792200000026,7.777535400000039],[17.2552914,7.7873002],[17.25840859999998,7.790343199999986],[17.264184400000033,7.7888899],[17.2679433,7.797791500000043],[17.271243799999976,7.797927800000041],[17.27431509999999,7.7957932],[17.274177499999972,7.8031506],[17.276563599999957,7.810542900000032],[17.2908175,7.80941790000003],[17.293659599999973,7.810644099999967],[17.295676499999963,7.8132327],[17.296776699999956,7.818864100000015],[17.2959057,7.830489900000041],[17.304615299999977,7.832261],[17.314333399999988,7.8274472],[17.32194289999997,7.825494499999989],[17.32583930000004,7.826175700000041],[17.33312790000003,7.83062610000003],[17.335282400000036,7.844385899999965],[17.34032479999998,7.846202399999983],[17.34811760000003,7.843023599999958],[17.35994429999998,7.856192699999957],[17.36581179999998,7.855239],[17.3755299,7.8478826],[17.383231100000014,7.851878699999974],[17.382726800000032,7.8592805],[17.384422900000036,7.859961699999966],[17.39079470000002,7.854013],[17.394515599999956,7.848090399999966],[17.399209700000036,7.847383600000017],[17.4011287,7.849845499999967],[17.39930979999997,7.87239029999998],[17.404988399999972,7.873269199999958],[17.415147699999984,7.863996600000037],[17.417942600000043,7.864787600000026],[17.420427,7.86812749999997],[17.413328800000034,7.870588500000023],[17.413639299999968,7.876653],[17.42322189999996,7.88346440000001],[17.429388500000016,7.884738800000028],[17.432139,7.881926400000031],[17.428501199999964,7.8751149],[17.429211,7.871994700000021],[17.44096739999998,7.871643199999982],[17.444161600000037,7.874236],[17.446912099999974,7.8806959],[17.44633540000004,7.883025],[17.440435,7.887507300000033],[17.442120800000023,7.891638],[17.445359400000022,7.891989499999989],[17.451969600000012,7.888561899999983],[17.456805199999987,7.889396899999971],[17.45866849999997,7.898361299999971],[17.461241599999973,7.902096400000017],[17.47259869999997,7.900075100000018],[17.47610349999997,7.897965800000021],[17.482048199999962,7.890715199999979],[17.488126,7.888605899999982],[17.48834790000002,7.885837399999977],[17.495313,7.88337650000002],[17.4989952,7.878894199999968],[17.500814100000035,7.873488900000018],[17.503884,7.872091400000029],[17.5105918,7.872443],[17.51460230000001,7.876345300000013],[17.5173351,7.882181199999975],[17.519855,7.8956105],[17.52482370000001,7.8957511],[17.532028399999984,7.890091200000041],[17.534867699999985,7.890688800000015],[17.53195739999997,7.904082600000043],[17.53635830000004,7.9143474],[17.536393799999956,7.919093],[17.53277370000001,7.923311300000039],[17.53348350000003,7.924119799999966],[17.5406527,7.925772],[17.548422,7.931475099999966],[17.5526132,7.930552600000022],[17.562189700000026,7.922868700000011],[17.5619651,7.915669499999959],[17.563047500000035,7.9149099],[17.57093720000002,7.916934299999982],[17.580611100000016,7.9328217],[17.588791399999977,7.937490400000028],[17.5987007,7.936752199999967],[17.60591040000003,7.92961140000004],[17.61964339999997,7.9374322],[17.627539799999976,7.94525289999997],[17.6371528,7.948653200000026],[17.644019299999965,7.94525289999997],[17.655005600000013,7.9588538],[17.65569219999998,7.962594],[17.652602300000027,7.974154200000031],[17.6553489,7.979934199999986],[17.662215399999965,7.984014199999971],[17.67251509999996,7.985034199999989],[17.684874700000037,7.982654199999976],[17.69043630000004,7.978806600000036],[17.69620429999998,7.971094199999976],[17.7016975,7.9721142],[17.707534,7.97959420000001],[17.713370500000032,7.982994200000041],[17.7175018,7.982949900000017],[17.72511639999996,7.978666099999957],[17.77243,7.97347],[17.79753,7.97224],[17.84749,7.9652],[17.92164,7.95861],[17.94491,7.9628],[17.99565,7.99278],[18,7.98591],[18.03198,8.0093],[18.04675,8.01118],[18.16407,8.01472],[18.25356,8.02225],[18.27037,8.02111],[18.27432,8.02404],[18.40164,8.03354],[18.41315,8.03269],[18.42123,8.03372],[18.42425,8.03552],[18.45398,8.03624],[18.45677,8.03781],[18.48189,8.03837],[18.50198,8.04107],[18.6016,8.04674],[18.60463,8.04876],[18.61341,8.05024],[18.61805,8.05247],[18.6246,8.05972],[18.62329,8.0641],[18.62435,8.0735],[18.62787,8.07827],[18.63509,8.08322],[18.63705,8.091],[18.62864,8.13108],[18.6281,8.14119],[18.63002,8.14645],[18.64134,8.16373],[18.65283,8.17688],[18.65779,8.18554],[18.6577,8.19495],[18.66662,8.20584],[18.67363,8.21217],[18.68104,8.2139],[18.68969,8.22227],[18.7111291,8.230454800000023],[18.749212400000044,8.2417419],[18.751598600000037,8.243541599999963],[18.761823200000034,8.2446347],[18.764929700000028,8.248119],[18.765597,8.247359899999966],[18.7708205,8.250039499999987],[18.775814,8.249652400000022],[18.77671989999998,8.251194499999984],[18.783868700000035,8.252788599999986],[18.7920146,8.259514200000021],[18.801196100000013,8.2610855],[18.802408,8.262410300000015],[18.801579600000036,8.2643798],[18.802845200000036,8.26595869999998],[18.8046094,8.264562],[18.804259,8.266495299999969],[18.8084062,8.27015640000002],[18.8091426,8.2732381],[18.812594300000036,8.2750371],[18.815033399999965,8.273815],[18.81570080000003,8.2763199],[18.81962029999997,8.27660829999997],[18.818592500000015,8.280039199999981],[18.8241765,8.284365700000022],[18.824445,8.286111499999963],[18.827683,8.28699729999998],[18.827973400000015,8.288684599999966],[18.82985259999998,8.287394299999965],[18.833526799999962,8.289883899999987],[18.8339256,8.296715099999966],[18.837103200000023,8.300799200000023],[18.839788,8.30179210000002],[18.840737099999956,8.305345],[18.84459429999998,8.306335599999985],[18.84274249999997,8.308208300000034],[18.844545,8.3114947],[18.84286570000004,8.313064600000034],[18.8495044,8.320588799999976],[18.848647499999966,8.32204849999996],[18.851902299999974,8.324264199999968],[18.85008120000002,8.325846300000043],[18.85337179999997,8.331227200000017],[18.851316099999966,8.333101799999957],[18.85177630000003,8.334429899999977],[18.849958399999984,8.334179500000042],[18.85133139999999,8.336259],[18.850096500000042,8.33946170000002],[18.848639099999982,8.338771],[18.85048,8.340721499999985],[18.84877720000004,8.346026299999968],[18.85333639999997,8.3486179],[18.85560830000001,8.3466268],[18.858603,8.3468521],[18.8595165,8.345054899999974],[18.85839390000001,8.343132],[18.861137,8.342372199999962],[18.8633983,8.344462800000011],[18.865739,8.3420893],[18.868942900000025,8.3416544],[18.871845,8.3446934],[18.8676931,8.346679199999988],[18.868593399999973,8.349943499999982],[18.873280199999982,8.351675799999962],[18.870389,8.35557970000003],[18.87292560000004,8.358403800000017],[18.875404,8.3559412],[18.878359,8.359533],[18.879429600000037,8.356952500000018],[18.8769592,8.355516899999985],[18.88018879999997,8.355251799999989],[18.880597600000044,8.358095299999983],[18.882320100000012,8.3589585],[18.8826871,8.363989699999989],[18.8812904,8.366909],[18.88520729999998,8.365219699999974],[18.887528899999957,8.365853199999988],[18.891535700000013,8.362285400000017],[18.893082199999984,8.362696700000031],[18.896759500000044,8.369961800000029],[18.896471099999985,8.372429099999982],[18.899556700000026,8.3731293],[18.901687400000018,8.3715845],[18.900051,8.376737699999962],[18.905903900000016,8.378134399999974],[18.906888699999964,8.381661200000016],[18.904817900000044,8.386895799999964],[18.909334,8.3895594],[18.9117605,8.384469300000012],[18.913498,8.385528800000012],[18.913514900000035,8.388200900000035],[18.9192414,8.387346899999985],[18.922109800000015,8.3918813],[18.91936119999997,8.39751219999996],[18.92451379999997,8.39878649999997],[18.924970700000028,8.400416500000011],[18.923809799999987,8.402550199999984],[18.920706399999982,8.4014897],[18.91563309999997,8.405057699999977],[18.9154145,8.408419100000012],[18.918331599999956,8.409474799999964],[18.921076200000027,8.4084844],[18.92069429999996,8.411796200000014],[18.922747099999988,8.413642800000035],[18.9228663,8.415882399999978],[18.91783430000002,8.419895799999958],[18.920508,8.423290700000011],[18.92033570000004,8.425128],[18.9258741,8.427661499999987],[18.9268114,8.4240312],[18.92894560000002,8.42453410000004],[18.928415400000027,8.429722399999976],[18.930205399999984,8.43446770000003],[18.928647599999966,8.437001299999961],[18.9321302,8.43776440000004],[18.933658,8.4354752],[18.934695300000044,8.437560699999972],[18.93754119999997,8.4374644],[18.933527,8.44102770000004],[18.93850729999997,8.443813200000031],[18.935227,8.445954099999978],[18.935406800000028,8.447317199999963],[18.937563699999966,8.448584],[18.9409638,8.446657900000035],[18.9400426,8.450665599999988],[18.941196,8.452125],[18.945090400000026,8.4490803],[18.94536,8.45443620000004],[18.947973800000035,8.456177100000021],[18.9483932,8.458547599999958],[18.953463400000032,8.45712529999996],[18.956623899999965,8.460844],[18.955582899999985,8.466333100000027],[18.9587808,8.465859099999976],[18.9621482,8.462447200000026],[18.96543010000002,8.4648996],[18.965017100000043,8.466801],[18.9626764,8.4679848],[18.965864399999983,8.4698129],[18.966367500000043,8.466533900000032],[18.96929260000004,8.465797699999959],[18.970691499999965,8.4751952],[18.9694939,8.476500299999982],[18.9733304,8.479356699999977],[18.971380400000033,8.482679500000016],[18.969043500000033,8.480960399999974],[18.968365200000044,8.481877600000013],[18.97167709999998,8.4852791],[18.975377,8.485551200000033],[18.97545530000004,8.484010700000026],[18.97744249999997,8.483995],[18.977273,8.49139170000002],[18.98139839999999,8.489375700000016],[18.98303590000003,8.486414699999981],[18.9841487,8.48979819999998],[18.985996,8.490383700000018],[18.98365039999998,8.492247799999978],[18.9845834,8.493752400000036],[18.986048399999973,8.494015500000044],[18.987329899999956,8.4908321],[18.989638,8.4928148],[18.992302100000042,8.491714099999962],[18.990484799999958,8.49662439999999],[18.9916801,8.4984699],[18.989323299999956,8.4997707],[18.98875,8.5020423],[18.9928867,8.50409910000001],[18.994396699999978,8.5025982],[18.99520980000002,8.5042621],[18.990451699999973,8.50789339999998],[18.984712899999963,8.508003500000031],[18.9867981,8.5110667],[18.99040669999998,8.5115907],[18.989609199999986,8.513139299999976],[18.987661799999973,8.5130817],[18.988724200000036,8.51608980000003],[18.99233329999996,8.5147733],[18.993639500000032,8.51708180000004],[18.99520289999998,8.514591699999977],[18.9935125,8.51406239999997],[18.994302099999967,8.512752300000018],[18.99741790000002,8.514460699999974],[18.99920339999996,8.51367560000003],[19.000756500000033,8.519741],[19.0033689,8.518074899999965],[19.0041707,8.515421599999987],[19.00748,8.5162236],[19.008725199999983,8.514588499999979],[19.010654099999975,8.5169782],[19.01072689999996,8.522326700000042],[19.0152208,8.522462800000023],[19.014715,8.518590399999985],[19.0174428,8.520965699999964],[19.017888700000025,8.518268],[19.020043200000032,8.5183125],[19.021126100000014,8.519579799999958],[19.0193987,8.5233373],[19.02307829999998,8.523101700000039],[19.023883800000014,8.520790600000042],[19.0264008,8.522404700000012],[19.0273917,8.5252503],[19.0286423,8.5249411],[19.027513599999963,8.52830020000002],[19.031609799999956,8.527681800000012],[19.0320761,8.530003299999981],[19.0348263,8.5280487],[19.034344099999974,8.535228],[19.037075899999962,8.5339],[19.039444,8.536115900000011],[19.03544969999997,8.53903580000002],[19.03794429999996,8.543437399999968],[19.0347437,8.5464767],[19.038204,8.546660099999984],[19.037977200000018,8.550405299999978],[19.03985480000003,8.550016],[19.04164589999999,8.55221160000004],[19.04115309999998,8.553532099999964],[19.0433152,8.55375630000004],[19.04030150000004,8.5570094],[19.043062100000014,8.559269200000012],[19.0438401,8.561896300000042],[19.041191,8.561051200000017],[19.040964700000025,8.562633],[19.0447032,8.567382899999968],[19.04313119999996,8.568459699999979],[19.044018900000044,8.571722799999963],[19.046422599999975,8.571575500000032],[19.048487,8.5739184],[19.04647,8.57569],[19.04659749999997,8.593531199999974],[19.04855249999999,8.597713499999985],[19.0569578,8.60359689999997],[19.0672092,8.616597599999979],[19.06584,8.63738],[19.07031,8.6401],[19.079420399999965,8.6387121],[19.08525420000002,8.64708889999997],[19.090250499999968,8.6494766],[19.093424400000032,8.648112],[19.098921500000028,8.657943599999966],[19.10645730000004,8.664186899999974],[19.110497099999986,8.664581899999972],[19.115774700000028,8.667939599999967],[19.122672099999978,8.6697476],[19.124030700000034,8.671658900000038],[19.123560400000024,8.673931699999974],[19.11347550000004,8.6796138],[19.10584650000004,8.685967299999978],[19.1007236,8.7003496],[19.088380300000036,8.707326200000013],[19.085294100000034,8.711087099999974],[19.07900729999998,8.713104700000022],[19.06896489999996,8.71237829999996],[19.06226989999997,8.713508200000012],[19.048553399999975,8.723676699999986],[19.040878700000015,8.72625909999996],[19.033710200000016,8.7314401],[19.026982499999985,8.740607500000012],[19.022410399999963,8.744029],[19.017381,8.75242129999996],[19.017576899999984,8.756165599999969],[19.0128088,8.7624274],[19.002815300000027,8.7657842],[18.997132799999967,8.769592900000015],[18.9751864,8.7765],[18.961665799999956,8.78792550000003],[18.957338600000035,8.794311899999977],[18.954889199999965,8.803590699999967],[18.94886780000002,8.810549600000032],[18.935906499999984,8.813776899999985],[18.924374,8.8069189],[18.918556700000018,8.806011200000045],[18.912943600000016,8.807423099999982],[18.909473599999966,8.810247],[18.905326,8.819181300000038],[18.9071446,8.850283799999973],[18.9028079,8.8542924],[18.896233,8.856780399999979],[18.887629,8.85500780000004],[18.8797502,8.85062],[18.876527099999958,8.845028900000033],[18.86344389999996,8.8531986],[18.8606684,8.8581526],[18.8639811,8.8639911],[18.861653300000043,8.8778794],[18.863264799999975,8.8807101],[18.8748144,8.88292150000001],[18.878127,8.8885828],[18.8814397,8.8896443],[18.881081600000034,8.899905],[18.890034699999987,8.9044161],[18.8997936,8.899020499999958],[18.902390099999984,8.8999935],[18.903285399999987,8.902735500000029],[18.90230050000003,8.906715900000032],[18.906956200000042,8.908131099999975],[18.90874679999996,8.910519300000045],[18.909910699999983,8.915914699999975],[18.908925800000027,8.920248700000014],[18.9117013,8.9233444],[18.916536,8.92246],[18.9181476,8.918391299999987],[18.921281200000024,8.916268500000028],[18.923454199999963,8.917485600000012],[18.92382430000003,8.9292751],[18.93094760000002,8.929092299999967],[18.939366099999972,8.934210100000021],[18.94593430000004,8.931285599999987],[18.9528727,8.932473699999969],[18.95823829999996,8.936769],[18.952780099999984,8.956325400000024],[18.95611050000003,8.96080319999997],[18.960828599999964,8.960711799999958],[18.961171299999986,8.958624299999988],[18.9674802,8.952203400000029],[18.9673847,8.948332],[18.970825899999983,8.946726700000033],[18.9733112,8.942949599999976],[18.97818629999996,8.94058889999996],[18.982487799999976,8.942949599999976],[18.982165400000035,8.949244199999965],[18.984632100000027,8.954426799999963],[18.983379200000012,8.97020640000004],[18.985415099999976,8.972526900000014],[18.98784260000001,8.97477],[18.989252200000024,8.9736098],[18.993989699999965,8.975466100000022],[18.996064899999983,8.970245100000044],[18.998218299999987,8.96862080000003],[19.001507199999974,8.968891499999957],[19.003509099999967,8.972964299999967],[19.008139099999983,8.9719942],[19.010103399999974,8.96714360000002],[19.014452800000043,8.96908379999997],[19.01950369999998,8.9747659],[19.0241338,8.976844699999956],[19.025677099999978,8.9803093],[19.024975600000023,8.982526599999966],[19.016978300000016,8.9843282],[19.0165574,8.9901486],[19.02062620000004,8.993335900000025],[19.027473,8.9944723],[19.0322994,8.991368100000011],[19.034656499999976,8.984938],[19.038248299999978,8.983164100000044],[19.041615599999968,8.98593570000004],[19.047003199999963,8.996356899999961],[19.0522787,9.0021217],[19.050595,9.01154470000001],[19.052166400000043,9.0130967],[19.0610336,9.009992700000028],[19.06698249999998,9.003230299999968],[19.0702375,9.00300860000001],[19.073043600000013,9.006667],[19.07158439999998,9.011323],[19.072370099999976,9.015203],[19.080900599999957,9.019969799999975],[19.08505360000003,9.0188612],[19.08684950000003,9.016200699999958],[19.085278100000043,9.0130967],[19.085951499999982,9.011323],[19.111093899999982,9.00663150000001],[19.115763199999964,9.007695700000044],[19.115547699999986,9.0111013],[19.11921129999998,9.0148616],[19.117559099999966,9.02004069999998],[19.119642300000024,9.022949599999967],[19.123737,9.024510399999967],[19.1261075,9.023517100000026],[19.12847810000004,9.012094600000035],[19.1316389,9.013229699999984],[19.1342968,9.016280499999988],[19.143779100000042,9.013868299999976],[19.14715529999997,9.009327599999976],[19.154267,9.018408899999967],[19.1585772,9.020963],[19.1638211,9.016706200000039],[19.167772099999976,9.019721500000037],[19.16732310000004,9.0239783],[19.1712741,9.026461400000011],[19.1777393,9.02708220000004],[19.184833,9.024776400000038],[19.18959209999997,9.02681609999996],[19.20324080000004,9.023002800000016],[19.20395919999997,9.025840599999983],[19.198840899999965,9.0306294],[19.207640800000032,9.032137],[19.213028400000027,9.029742599999983],[19.21671,9.0370144],[19.219673200000038,9.039142699999973],[19.223534400000037,9.03710309999997],[19.219673200000038,9.0315162],[19.22263639999999,9.027614300000012],[19.22820370000002,9.0294766],[19.2310771,9.03346719999996],[19.23870960000002,9.030363400000011],[19.2536154,9.028501100000023],[19.2600806,9.0290332],[19.260888799999982,9.019278100000031],[19.2636724,9.015996700000043],[19.273100800000016,9.015908],[19.281900599999986,9.012271899999961],[19.287557699999986,9.0133362],[19.287737300000014,9.016528800000016],[19.291418799999978,9.017770399999984],[19.297165700000036,9.016528800000016],[19.306683900000028,9.011651100000021],[19.31539390000003,9.016883599999973],[19.332005899999967,9.016024400000026],[19.334587499999962,9.02101290000004],[19.33896490000004,9.020569500000034],[19.3434546,9.01646790000004],[19.35119939999998,9.01646790000004],[19.3578217,9.022564900000022],[19.358382899999977,9.027996700000033],[19.3621992,9.0295486],[19.36870929999996,9.024892799999988],[19.375556099999987,9.024449399999982],[19.377464200000034,9.021678100000011],[19.390372200000012,9.01469420000001],[19.3927293,9.016357],[19.393627200000036,9.023119199999966],[19.3991271,9.027553300000028],[19.4045148,9.026333900000031],[19.40765759999998,9.024006],[19.417983900000042,9.024782],[19.4232593,9.019017499999963],[19.433136700000038,9.020680399999973],[19.436616199999985,9.0187958],[19.438185200000042,9.021399499999964],[19.438185200000042,9.0263249],[19.443288200000026,9.026554],[19.448507300000024,9.023346799999969],[19.4503629,9.020025],[19.444564,9.009945],[19.449899,9.0075395],[19.460453,9.0102887],[19.463236499999965,9.013610499999961],[19.463584399999974,9.0162451],[19.459409200000017,9.0169323],[19.457785499999964,9.019566800000026],[19.460453,9.02449219999997],[19.477733699999984,9.032395600000024],[19.48248879999996,9.03159380000003],[19.479125500000034,9.02174319999998],[19.4809811,9.0162451],[19.4781977,9.013610499999961],[19.47958939999996,9.011777800000024],[19.48232110000003,9.011793],[19.487404099999956,9.0158748],[19.4895418,9.020941900000027],[19.495052300000033,9.0177985],[19.497902599999968,9.017610800000012],[19.5003729,9.019299799999962],[19.49824770000001,9.026628299999965],[19.502753599999973,9.029752800000027],[19.50572560000003,9.029847499999958],[19.507451199999988,9.027196399999985],[19.507451199999988,9.0217048],[19.510231399999984,9.018674900000038],[19.51607949999998,9.019148300000039],[19.52394090000002,9.025965500000014],[19.5223111,9.034202799999983],[19.526625199999987,9.040073],[19.531227,9.037043199999987],[19.536212199999987,9.036380500000044],[19.54071810000004,9.027953800000036],[19.543210700000042,9.027669799999986],[19.543786,9.022367500000032],[19.546662099999974,9.0319305],[19.554331699999956,9.033445400000021],[19.556153200000033,9.037422],[19.560755,9.038652800000028],[19.5665072,9.035055],[19.571300700000034,9.029279400000027],[19.610833,9.026667],[19.623333,9.024444],[19.628056,9.022222],[19.635278,9.015556],[19.640833,9.013889],[19.653056,9.022222],[19.658611,9.023333],[19.666944,9.021389],[19.678333,9.013889],[19.683889,9.013611],[19.705833,9.018611],[19.713056,9.025],[19.721944,9.03],[19.738889,9.033333],[19.748056,9.0375],[19.765278,9.034444],[19.769722,9.036944],[19.772778,9.041111],[19.786389,9.047778],[19.798611,9.045833],[19.810556,9.045833],[19.821111,9.048611],[19.830556,9.053056],[19.836944,9.053333],[19.848056,9.043611],[19.855,9.043333],[19.865,9.046944],[19.873056,9.052778],[19.878611,9.0525],[19.883611,9.043889],[19.888333,9.041389],[19.894722,9.041944],[19.899722,9.043611],[19.902778,9.0475],[19.905556,9.059167],[19.909167,9.0625],[19.914722,9.063333],[19.930556,9.057778],[19.9375,9.057222],[19.9425,9.059167],[19.945556,9.063056],[19.948889,9.073889],[19.953333,9.076389],[19.963333,9.08],[19.983333,9.078056],[19.988333,9.08],[19.992113799999984,9.083041599999978],[19.996667,9.0925],[19.997778,9.098611],[20.003889,9.106667],[20.01,9.106944],[20.013333,9.103333],[20.016389,9.092778],[20.019444,9.089167],[20.024167,9.086944],[20.029167,9.088611],[20.029722,9.095556],[20.027778,9.100556],[20.0275,9.106667],[20.03,9.111389],[20.033611,9.114444],[20.038611,9.116389],[20.051111,9.116944],[20.056667,9.125556],[20.058333,9.131111],[20.061944,9.134444],[20.073889,9.134444],[20.086667,9.126111],[20.093611,9.125556],[20.098611,9.1275],[20.101389,9.131389],[20.101111,9.148056],[20.104722,9.151111],[20.110278,9.149444],[20.113611,9.145833],[20.118333,9.130556],[20.127222,9.118889],[20.131389,9.115833],[20.141667,9.111944],[20.147222,9.111667],[20.152222,9.113333],[20.16,9.119167],[20.169444,9.123333],[20.181944,9.123889],[20.186944,9.125833],[20.1975,9.136389],[20.207222,9.139722],[20.218333,9.136389],[20.231389,9.135],[20.248611,9.1175],[20.253333,9.115],[20.263889,9.118056],[20.270278,9.118333],[20.280556,9.114167],[20.291111,9.116944],[20.298056,9.116667],[20.303611,9.115],[20.316389,9.106667],[20.328889,9.104444],[20.346111,9.114722],[20.351667,9.115556],[20.358056,9.114722],[20.365278,9.108056],[20.371667,9.108333],[20.410833,9.137778],[20.422222,9.139722],[20.433889,9.136944],[20.438889,9.138889],[20.443333,9.141389],[20.455556,9.157778],[20.459167,9.175556],[20.461667,9.180278],[20.473889,9.188333],[20.480833,9.195556],[20.482778,9.207778],[20.487778,9.209722],[20.515,9.208889],[20.516667,9.214167],[20.513889,9.224722],[20.500833,9.239167],[20.498889,9.244167],[20.5,9.261944],[20.496389,9.271944],[20.498056,9.277222],[20.501944,9.280556],[20.5075,9.281667],[20.518611,9.278056],[20.524722,9.278611],[20.528611,9.281667],[20.529444,9.287778],[20.536389,9.295],[20.535,9.306944],[20.535833,9.313056],[20.537778,9.318333],[20.541389,9.321667],[20.5475,9.320556],[20.562222,9.307222],[20.568333,9.306111],[20.583333,9.311667],[20.588889,9.311111],[20.594722,9.303333],[20.603333,9.298056],[20.623056,9.296944],[20.645556,9.301111],[20.651667,9.3],[20.655833,9.296944],[20.662778,9.296389],[20.667778,9.298333],[20.6675,9.304444],[20.661667,9.3125],[20.660556,9.318056],[20.662222,9.323333],[20.656944,9.338333],[20.662222,9.346944],[20.677778,9.359722],[20.688333,9.3625],[20.701667,9.3625],[20.706667,9.364167],[20.709722,9.368333],[20.717778,9.373889],[20.723333,9.375],[20.732778,9.370278],[20.737778,9.370556],[20.744444,9.377778],[20.749444,9.379444],[20.753611,9.376667],[20.759722,9.376944],[20.768611,9.381944],[20.770998500000033,9.386582200000019],[20.768889,9.397778],[20.771111,9.4025],[20.774722,9.405556],[20.789722,9.411111],[20.800833,9.420556],[20.807222,9.419444],[20.811111,9.416667],[20.822222,9.415833],[20.830833,9.428611],[20.827094399999986,9.445138499999976],[20.8302547,9.445336],[20.83065880000003,9.446718100000021],[20.827222,9.451389],[20.826076100000023,9.457976500000024],[20.835708400000037,9.476477700000045],[20.837778,9.476389],[20.846667,9.481389],[20.852222,9.482222],[20.860278,9.488056],[20.869167,9.5075],[20.882222,9.515],[20.892222,9.518611],[20.895833,9.521667],[20.910278,9.542222],[20.917778,9.548611],[20.923889,9.556667],[20.934444,9.581389],[20.953333,9.59],[20.956389,9.605556],[20.9625,9.606111],[20.974444,9.603333],[20.980556,9.603611],[20.985,9.606111],[20.986111,9.612222],[20.976944,9.623889],[20.975833,9.628056],[20.992778,9.631111],[20.997222,9.633611],[20.996944,9.639722],[20.991111,9.647778],[20.990833,9.653889],[20.999167,9.666667],[20.993333,9.674444],[20.993889,9.681389],[21.000556,9.688611],[21.002222,9.693889],[21.001944,9.698889],[21.014444,9.706944],[21.0175,9.710833],[21.018333,9.717222],[21.013889,9.7325],[21.015,9.738611],[21.0425,9.766667],[21.048056,9.766389],[21.061944,9.7525],[21.068333,9.752778],[21.076389,9.758333],[21.083056,9.765556],[21.103056,9.7725],[21.107778,9.781944],[21.109444,9.795],[21.114722,9.803611],[21.115833,9.809722],[21.115278,9.822222],[21.125,9.833333],[21.13,9.842778],[21.149722,9.857222],[21.155,9.866111],[21.161944,9.873056],[21.166111,9.875556],[21.188333,9.880556],[21.191944,9.883611],[21.195,9.887778],[21.201944,9.909444],[21.211667,9.920556],[21.218333,9.935278],[21.225,9.9425],[21.238889,9.949167],[21.2425,9.9525],[21.256389,9.973611],[21.260278,9.976944],[21.269444,9.981111],[21.276389,9.980556],[21.294722,9.970556],[21.313056,9.970833],[21.321667,9.965556],[21.325,9.961667],[21.336111,9.958333],[21.342222,9.958611],[21.350278,9.961667],[21.361944,9.970556],[21.366389,9.973056],[21.371944,9.973889],[21.3825,9.984444],[21.394167,9.993333],[21.400278,10.001111],[21.408333,10.006944],[21.410833,10.011667],[21.410556,10.017778],[21.412222,10.023333],[21.422778,10.033611],[21.432222,10.037778],[21.438333,10.045833],[21.44,10.051111],[21.440278,10.064167],[21.453333,10.086389],[21.455,10.099167],[21.453611,10.111111],[21.455278,10.116389],[21.465278,10.1275],[21.468611,10.138333],[21.473611,10.147778],[21.489167,10.16],[21.5,10.177778],[21.508056,10.183611],[21.526944,10.206389],[21.535278,10.212222],[21.540278,10.213889],[21.546389,10.214167],[21.551944,10.2125],[21.563333,10.214722],[21.574444,10.211111],[21.591389,10.214167],[21.603056,10.211389],[21.614444,10.213333],[21.626944,10.221667],[21.638889,10.223056],[21.65,10.2325],[21.666944,10.235833],[21.670833,10.238889],[21.673889,10.242778],[21.675278,10.255833],[21.683889,10.268333],[21.684722,10.280833],[21.687778,10.284722],[21.715556,10.290556],[21.722222,10.305278],[21.713611,10.323889],[21.718889,10.3325],[21.718056,10.338056],[21.718889,10.342778],[21.723889,10.352222],[21.724722,10.365833],[21.731111,10.380556],[21.740556,10.3925],[21.747778,10.406667],[21.746667,10.412222],[21.739722,10.425556],[21.738889,10.431389],[21.740278,10.444167],[21.738611,10.449167],[21.731944,10.456667],[21.723889,10.4625],[21.715,10.474167],[21.706389,10.492778],[21.701389,10.514444],[21.702778,10.566667],[21.705556,10.578333],[21.715833,10.596389],[21.716389,10.635556],[21.719444,10.639444],[21.729444,10.643056],[21.748611,10.643889],[21.765,10.647778],[21.773056,10.653333],[21.781389,10.666111],[21.785833,10.668333],[21.797222,10.670556],[21.811111,10.677222],[21.816667,10.678333],[21.8225,10.679167],[21.828611,10.678056],[21.845556,10.666667],[21.851667,10.665556],[21.8575,10.666667],[21.873056,10.678889],[21.884444,10.680833],[21.888056,10.684167],[21.895833,10.705],[21.9075,10.713889],[21.932778,10.7225],[21.950833,10.731667],[21.964167,10.731667],[21.99,10.727778],[21.995833,10.728889],[22.003889,10.734722],[22.006389,10.739444],[22.008889,10.758333],[22.006111,10.768889],[22.007778,10.781944],[22.006667,10.7875],[22.009444,10.799167],[22.015,10.807778],[22.026111,10.8175],[22.0475,10.830556],[22.063889,10.834167],[22.083333,10.831667],[22.100556,10.834722],[22.113056,10.8325],[22.131944,10.823056],[22.149722,10.823889],[22.169444,10.815],[22.175833,10.813889],[22.180833,10.815833],[22.184444,10.818889],[22.188056,10.829722],[22.197222,10.841667],[22.198889,10.866389],[22.213333,10.88],[22.228889,10.884444],[22.2375,10.904444],[22.244722,10.910833],[22.250556,10.911944],[22.271111,10.903611],[22.276667,10.904722],[22.284167,10.911111],[22.289167,10.920556],[22.312222,10.931389],[22.322778,10.941667],[22.333056,10.945278],[22.350833,10.9475],[22.358889,10.953333],[22.369444,10.956111],[22.387222,10.958333],[22.406389,10.957778],[22.415,10.962778],[22.435833,10.990833],[22.460556,11.000278],[22.466111,11.001389],[22.4725,11.000278],[22.485278,10.991944],[22.495556,10.987778],[22.501111,10.988611],[22.509444,10.994444],[22.513611,10.995556],[22.518333,10.993056],[22.525278,10.979444],[22.529167,10.976389],[22.547222,10.9725],[22.563611,10.976389],[22.581944,10.976389],[22.600278,10.985556],[22.606389,10.984444],[22.613889,10.977778],[22.653056,10.966111],[22.666389,10.966111],[22.676389,10.969444],[22.682778,10.969722],[22.688333,10.968056],[22.701944,10.96],[22.715278,10.96],[22.720278,10.961667],[22.733611,10.96],[22.756111,10.953056],[22.7675,10.955],[22.776944,10.937222],[22.780278,10.933333],[22.785556,10.931111],[22.799722,10.93],[22.825,10.931111],[22.855556,10.925],[22.871944,10.919722],[22.877778,10.920556],[22.880833,10.924722],[22.885556,10.941667],[22.888056,10.946111],[22.900556,11.006111],[22.917778,11.060833],[22.924444,11.075556],[22.936389,11.084444],[22.9425,11.0925],[22.943889,11.098611],[22.943611,11.117778],[22.945833,11.136389],[22.958333,11.174167],[22.971111,11.198333],[22.974722,11.209167],[22.970833,11.283056],[22.9675,11.293056],[22.953611,11.307222],[22.948611,11.315833],[22.941667,11.348611],[22.936667,11.396111],[22.930833,11.415833],[22.791111,11.401667],[22.790278,11.429444],[22.787222,11.446111],[22.784444,11.449167],[22.782222,11.455],[22.775556,11.462222],[22.755,11.470556],[22.721111,11.480278],[22.688889,11.491389],[22.654722,11.5075],[22.641944,11.516111],[22.625556,11.534444],[22.561667,11.621667],[22.556389,11.636389],[22.553333,11.653333],[22.552778,11.665556],[22.565833,11.740278],[22.572778,11.799167],[22.611389,11.992778],[22.618056,12.015278],[22.640833,12.071111],[22.634359300000035,12.0740847],[22.629552799999985,12.0719024],[22.626634500000016,12.0643484],[22.621313,12.058472900000043],[22.61461820000001,12.055954799999972],[22.599340399999974,12.063844799999982],[22.595563799999958,12.067705799999965],[22.59127229999997,12.065019900000044],[22.58921239999998,12.061830300000013],[22.57393450000002,12.05796930000003],[22.56500809999997,12.053604500000018],[22.557111699999965,12.05796930000003],[22.537370600000024,12.0578014],[22.5279292,12.051086300000028],[22.513166400000024,12.03732],[22.493082,12.031108100000013],[22.47780409999997,12.030100699999972],[22.477778,12.040278],[22.484167,12.062778],[22.490278,12.078333],[22.498889,12.120556],[22.502778,12.145833],[22.503333,12.165833],[22.501389,12.176944],[22.495278,12.191111],[22.468333,12.271667],[22.436389,12.354722],[22.437222,12.387778],[22.432778,12.403333],[22.421944,12.42],[22.386667,12.454722],[22.383889,12.465278],[22.39,12.473056],[22.406389,12.483056],[22.408889,12.487222],[22.466944,12.621667],[22.335,12.670278],[22.223333,12.747222],[22.216111,12.735278],[22.165833,12.672222],[22.15,12.659444],[22.140556,12.655278],[22.114444,12.647222],[22.074444,12.64],[22.05,12.6375],[22.004722,12.636389],[21.977222,12.638611],[21.952778,12.643889],[21.931944,12.651944],[21.928056,12.655],[21.9223079,12.665308699999981],[21.913896500000014,12.67284539999998],[21.9063434,12.677367300000023],[21.901536900000025,12.67770230000003],[21.893889,12.684722],[21.885556,12.696944],[21.884542399999972,12.702989899999965],[21.8799075,12.71119529999996],[21.876667,12.715556],[21.867032900000027,12.721577300000012],[21.85810649999997,12.733130900000015],[21.85638989999996,12.740833],[21.856904900000025,12.747530300000024],[21.8613681,12.761426599999973],[21.861024800000024,12.765612099999982],[21.857763199999987,12.771973900000026],[21.850038499999975,12.775991800000023],[21.841944,12.777222],[21.83458890000003,12.788882199999966],[21.830278,12.793333],[21.82119929999999,12.798926100000022],[21.814504600000028,12.806458899999965],[21.815706199999973,12.812150100000034],[21.81845280000003,12.820686699999987],[21.840253799999964,12.830729400000033],[21.847222,12.837778],[21.861667,12.881111],[21.895278,12.961944],[21.91,12.99],[21.9225,13.005833],[21.936667,13.019444],[21.939167,13.024167],[21.941389,13.036389],[21.940833,13.048889],[21.943333,13.053611],[21.960833,13.071111],[21.9725,13.0875],[21.993333,13.101389],[22.003333,13.1125],[22.010556,13.126667],[22.016944,13.134444],[22.029444,13.142778],[22.059444,13.146389],[22.075556,13.150833],[22.103889,13.171111],[22.136944,13.178611],[22.159722,13.190278],[22.169167,13.202222],[22.178056,13.221667],[22.186111,13.235],[22.195556,13.246667],[22.2225,13.268611],[22.234444,13.285],[22.269444,13.320833],[22.285,13.340556],[22.294167,13.358611],[22.295556,13.371667],[22.293611,13.382778],[22.288611,13.391389],[22.265278,13.417222],[22.247222,13.441111],[22.239444,13.454167],[22.230556,13.478889],[22.2275,13.495556],[22.229444,13.536389],[22.228611,13.555],[22.224722,13.571944],[22.217222,13.584722],[22.209722,13.591389],[22.163611,13.623611],[22.153611,13.634444],[22.148333,13.649444],[22.143056,13.658056],[22.138333,13.660278],[22.133889,13.669722],[22.1325,13.687778],[22.14,13.716111],[22.140556,13.723056],[22.138611,13.728056],[22.133611,13.736667],[22.126944,13.743889],[22.112222,13.7575],[22.086944,13.775],[22.084444,13.779167],[22.228611,13.960833],[22.233889,13.965833],[22.275833,13.986111],[22.291944,13.990556],[22.305278,13.998056],[22.314444,14.009722],[22.325556,14.0125],[22.350556,14.014444],[22.370833,14.028889],[22.396667,14.052222],[22.4075,14.055],[22.434444,14.051667],[22.444444,14.062778],[22.4625,14.087222],[22.476944,14.100833],[22.485278,14.106389],[22.499722,14.1125],[22.5525,14.120833],[22.555,14.125556],[22.566944,14.164167],[22.559167,14.215833],[22.555278,14.231944],[22.550278,14.234167],[22.484722,14.243333],[22.466389,14.247222],[22.456667,14.252222],[22.448333,14.263056],[22.443889,14.272222],[22.433889,14.302778],[22.436111,14.315],[22.441667,14.323611],[22.449444,14.33],[22.463333,14.336667],[22.467222,14.34],[22.469722,14.344722],[22.469444,14.350833],[22.464167,14.359444],[22.454167,14.370556],[22.4475,14.384167],[22.445556,14.421389],[22.446944,14.448333],[22.445556,14.479722],[22.441944,14.489444],[22.434444,14.496111],[22.4,14.513056],[22.389444,14.516944],[22.381389,14.523056],[22.380833,14.535556],[22.384167,14.554167],[22.388889,14.571111],[22.393889,14.580278],[22.403333,14.592222],[22.416111,14.600278],[22.444167,14.613611],[22.466389,14.626111],[22.47,14.629444],[22.7025,14.691389],[22.7,14.706944],[22.682222,14.750278],[22.6775,14.765833],[22.670278,14.805],[22.667778,14.848056],[22.66524260000004,14.854373700000028],[22.667248500000014,14.8634901],[22.676944,14.867222],[22.67964390000003,14.871406399999959],[22.679857300000016,14.87495370000001],[22.6846586,14.878851600000026],[22.6892038,14.879099099999987],[22.692554,14.884110600000039],[22.7094972,14.895556],[22.7267605,14.900319700000036],[22.731049599999963,14.898298699999973],[22.744045099999987,14.89838119999996],[22.760227299999976,14.90779549999997],[22.7538481,14.9129902],[22.754994900000035,14.924539299999978],[22.749027899999973,14.934010199999964],[22.749171200000013,14.94157619999999],[22.7465496,14.950043499999982],[22.74850880000001,14.956011899999982],[22.750158900000024,14.9570501],[22.75052989999999,14.9679994],[22.751440600000024,14.970019800000017],[22.761357599999975,14.977449300000028],[22.76619,14.9780683],[22.76979040000004,14.986735900000042],[22.7730564,14.989344400000043],[22.781225199999987,14.992079600000046],[22.793999099999972,15.0044335],[22.799608600000028,15.0175253],[22.80969419999998,15.024464599999959],[22.810706199999963,15.031045199999987],[22.81273,15.0344332],[22.835541200000016,15.042731899999989],[22.852879,15.05383879999998],[22.8583721,15.06179560000001],[22.860947,15.07024940000004],[22.865238600000048,15.075553599999974],[22.882233,15.088647699999985],[22.897682600000046,15.0932885],[22.9067806,15.09179680000004],[22.921200199999987,15.0924598],[22.93159480000002,15.097228500000043],[22.937319099999982,15.102478899999966],[22.94059790000002,15.11599359999996],[22.934361499999966,15.136833400000032],[22.93044989999997,15.1406093],[22.928160199999965,15.1498186],[22.934361499999966,15.158566899999975],[22.933598299999964,15.1665783],[22.9351048,15.1691836],[22.9434251,15.1720111],[22.952785900000023,15.1774675],[22.960502800000015,15.1791012],[22.9673771,15.1824376],[22.9698525,15.188400800000018],[22.979565,15.196353399999968],[22.98349559999997,15.217309900000014],[22.98728980000002,15.222525900000022],[23.00170940000001,15.225341800000042],[23.005142600000035,15.231304600000023],[23.0037693,15.2407454],[22.985058200000026,15.25946],[22.99089470000004,15.28297520000002],[22.9915813,15.291585799999968],[23.001022700000036,15.301023799999985],[23.004799299999966,15.31162050000004],[23.003244600000023,15.3221409],[22.99140970000002,15.3366197],[22.992096299999986,15.358305399999988],[22.988170499999967,15.373570799999975],[22.988148099999982,15.379657900000026],[22.991986699999977,15.389392900000015],[22.993298,15.402001099999968],[22.988170499999967,15.414963199999981],[22.97987020000003,15.4206655],[22.9723331,15.428115],[22.967372,15.435932099999988],[22.95306109999997,15.44917460000002],[22.930640700000033,15.462140399999985],[22.92443930000003,15.470599900000042],[22.919382799999987,15.482552899999963],[22.91845360000002,15.494327500000043],[22.9230885,15.4986284],[22.928581600000015,15.5121924],[22.9251484,15.528897900000032],[22.92617840000004,15.53170959999997],[22.925092299999967,15.546830399999983],[22.92967179999998,15.554275400000034],[22.93338809999998,15.556682399999971],[22.936993,15.564289400000014],[22.946606100000032,15.566439199999987],[22.95450250000004,15.571730800000033],[22.9733852,15.576691499999967],[22.98728980000002,15.583305700000022],[22.99758950000001,15.591077099999989],[23.003597600000013,15.5970294],[23.014412299999982,15.612405499999987],[23.01944879999997,15.615663299999976],[23.026508899999975,15.616582199999979],[23.03363840000003,15.62298619999996],[23.039865699999957,15.631375],[23.045826300000023,15.6499314],[23.06436580000002,15.663154799999962],[23.07564289999997,15.66747960000004],[23.09474980000001,15.696044200000042],[23.11071430000002,15.714883],[23.126850500000025,15.7178574],[23.15740620000002,15.717526900000017],[23.178863899999968,15.715544],[23.206830799999985,15.7184316],[23.2365421,15.705629100000046],[23.25576819999997,15.7039766],[23.279972499999978,15.709429900000021],[23.28666730000004,15.707777399999983],[23.30520670000002,15.6975316],[23.3240894,15.695052699999984],[23.33765070000002,15.6938958],[23.3968739,15.6976968],[23.438244200000042,15.715874499999988],[23.468628299999956,15.734381],[23.512916899999965,15.7556944],[23.551884100000038,15.768415300000044],[23.5893063,15.769406499999988],[23.6217503,15.7738669],[23.66363560000002,15.774692899999959],[23.69230310000001,15.77023250000003],[23.72423210000003,15.7627984],[23.776760500000037,15.757842199999988],[23.811436100000023,15.75139890000004],[23.8929752,15.730085],[23.920784400000024,15.719014099999967],[23.9537434,15.717692200000016],[23.977261,15.709595100000012],[23.987907799999974,15.7032971],[23.992882199999976,15.698357899999987],[23.99964130000003,15.697254199999971],[23.999444,15.799722]]]}},{"type":"Feature","properties":{"name":"Cameroon","code":"CMR"},"geometry":{"type":"Polygon","coordinates":[[[14.652975126001309,12.728379298665743],[14.639718332135374,12.749538258184145],[14.624051212193763,12.765406318147086],[14.571626618473715,12.7765721342966],[14.566203384578557,12.805953500853434],[14.56861371065429,12.867055766310614],[14.568011129809861,12.902300308812244],[14.561985314170954,12.926968534470348],[14.549933683792517,12.95222157396654],[14.459546453705912,13.073165665463137],[14.08534332213668,13.079035233789057],[14.12210079591506,12.884091247912806],[14.149216964491359,12.720738129760946],[14.176935714811464,12.575512348416169],[14.198026068648176,12.507280739814348],[14.182961530450314,12.46903962298029],[14.18958992693365,12.453741595598217],[14.187782182601723,12.437265787286321],[14.182961530450314,12.414904090651305],[14.186577019114168,12.399014348033802],[14.232975797195309,12.367820557073117],[14.392057321788002,12.365466158036838],[14.451712893735134,12.357814212555922],[14.475816155391328,12.350162043143825],[14.500521997891951,12.334268361495731],[14.514381373501635,12.314841441379485],[14.514983954346064,12.306010547648725],[14.52763816646825,12.29070296227195],[14.543907868153667,12.278338491927911],[14.551138846380695,12.260673956138191],[14.55415175420012,12.241830481091881],[14.569216292398039,12.231819336892954],[14.588498901902824,12.225930251479951],[14.595729880129909,12.217096378295253],[14.602358276613245,12.19766081839208],[14.611999581815326,12.19059298887538],[14.628871864345115,12.19059298887538],[14.643936402542977,12.1941269270161],[14.659603522484645,12.19177097305203],[14.671655152863082,12.177045788632313],[14.674668060682507,12.152894717217464],[14.658398358997147,12.133454458356596],[14.658398358997147,12.121671792719098],[14.645527217806887,12.107060564093786],[14.63858547863697,12.092354262739093],[14.647069826711174,12.076138685851731],[14.648998087391874,12.065579177337213],[14.627787217206333,12.048607667210149],[14.623159391392846,12.032389443618001],[14.625473304749278,12.021828213801086],[14.632415043919195,12.010512150615284],[14.6361028425722,11.989670489901243],[14.651167380770062,11.969039432423926],[14.65176996251381,11.956660042327144],[14.639718332135374,11.94192193375028],[14.634897679984022,11.928951734934685],[14.640923494723552,11.914212119993408],[14.604768602688921,11.871167868902091],[14.604166021844492,11.858194294930797],[14.607178928764597,11.8428610932649],[14.608384092252095,11.809832815731909],[14.612602162659755,11.781519693579071],[14.607781510508346,11.77031161019272],[14.572831781961213,11.742584387359614],[14.554754335943926,11.726064716413589],[14.556562080275853,11.716034432842832],[14.563793058502881,11.703643580886592],[14.626461538269439,11.66056630219316],[14.643333820799228,11.641090816887754],[14.645744146874904,11.616892102088912],[14.645744146874904,11.593871861597165],[14.639718332135374,11.573211056345201],[14.624653793937512,11.533656117236092],[14.607781510508346,11.51830493722315],[14.572229200217464,11.498229052828549],[14.51799686216549,11.47460853375685],[14.458943871962163,11.466340884524243],[14.448097404171904,11.455710694692868],[14.43363544771779,11.419092538489906],[14.42339156167128,11.409641923735819],[14.37699278359014,11.389558323158155],[14.31974753771874,11.36829178853526],[14.278169412688271,11.348796070282447],[14.199231231236354,11.278482288326984],[14.120895632427562,11.246569510074892],[14.093779463851206,11.253661543945157],[14.054009082253401,11.284982605163123],[14.017251608475021,11.299755504912696],[13.996763836382002,11.312164153552885],[13.988327695566738,11.308027996994497],[13.991340603386163,11.287937245907244],[13.990738021642414,11.276118500368568],[13.967839923473718,11.239477300836825],[13.949762477456431,11.223519193556001],[13.934697939258513,11.21524427150598],[13.922646307980756,11.201058140720647],[13.914812748009979,11.178595344099904],[13.905171443707218,11.165589771350938],[13.891312068996854,11.153174817563809],[13.878055275130919,11.11474421986992],[13.867811389084409,11.102918400264002],[13.827438425742798,11.065663942237165],[13.79610418675884,11.014209522751344],[13.776218995510305,11.003562656791246],[13.718371168794476,10.985817024636049],[13.70210146710906,10.975760693101563],[13.69185758106255,10.946181263454605],[13.68583176632302,10.898256322371424],[13.679805950684113,10.87044448232706],[13.67136980896953,10.852099083306086],[13.629189102195369,10.795280389478421],[13.608701330102349,10.759763245377542],[13.603880677950997,10.733122640997124],[13.596649698824592,10.707663868992427],[13.586405812778082,10.68753216277912],[13.565315459840633,10.668583454462919],[13.544827687747613,10.64726474747016],[13.532776056469856,10.630090259457972],[13.529160567806002,10.61054570082348],[13.536391546033087,10.577968662623732],[13.539404453852512,10.547757772203454],[13.552661247718447,10.521691090871172],[13.555071573794123,10.492067187950397],[13.538801872108763,10.471921312918312],[13.523134752167152,10.442885250054303],[13.522532170423403,10.412068502559407],[13.519519262603922,10.386583121413992],[13.511685702633145,10.361688417686366],[13.513493447864391,10.323749829191286],[13.505659887893557,10.292328470182781],[13.497826327922724,10.273355568304908],[13.481556626237364,10.254974483285821],[13.468299832371429,10.230069376200788],[13.46709466978325,10.205755363819037],[13.455645620249243,10.180253305645579],[13.438170755975648,10.170763646824867],[13.429132033416636,10.15534235026928],[13.408644261323673,10.129243079304729],[13.353809341527949,10.117379070887466],[13.333924151178678,10.116785859180084],[13.31705186774957,10.109667230558273],[13.30198732955165,10.091276711650949],[13.291140861761392,10.074665016677216],[13.281499557458687,10.054492522611895],[13.264627274928841,10.040845709861685],[13.254383388882331,10.035505495981909],[13.251973062806655,10.018297540599065],[13.25558855147051,10.004055783147919],[13.2754737427191,9.992187175597735],[13.286922791353788,9.977944274208937],[13.286922791353788,9.958952770753797],[13.271858253155926,9.934618290701621],[13.24956273673098,9.920372877506338],[13.239921431528899,9.907314037013236],[13.238113687196972,9.89366105761178],[13.243536921092073,9.865759726929923],[13.257396296701756,9.85566717430072],[13.290538280916962,9.840824623857372],[13.297769259144047,9.824793919703666],[13.292948606992695,9.808168665651465],[13.25920404103374,9.758287905062843],[13.24956273673098,9.697114400709097],[13.241729176760145,9.6691965638704],[13.244139502835822,9.597312335395998],[13.232087871558065,9.574139782125314],[13.213407844696349,9.543240587483183],[13.179060696993645,9.523035751998407],[13.135674826731929,9.517092925797954],[13.101930260772974,9.515310057613135],[13.04167210798147,9.508178492243644],[13.015761101993292,9.495103570073752],[12.991657840337098,9.477867683546833],[12.971170068244078,9.45825337978971],[12.956105530046216,9.438637957275944],[12.935015176209447,9.416049118871797],[12.907296425889399,9.40415966323792],[12.885603491208201,9.399998256414449],[12.874154441674193,9.391080789446903],[12.86632088170336,9.379190475859843],[12.857282159144404,9.376217833386363],[12.856679577400598,9.363732459085782],[12.88078283815753,9.353624921952644],[12.905488681557472,9.351246636023461],[12.91693773019216,9.339949552130179],[12.91633514934773,9.266212239103595],[12.912117078040751,9.235880294539982],[12.901873191994241,9.213278324235318],[12.895244795510962,9.184726400602926],[12.891026724203982,9.155577271374],[12.901270610250492,9.121071131627446],[12.903680937225545,9.088941726479561],[12.897655121586638,9.07585114171684],[12.878975093825545,9.069900718043755],[12.87656476774987,9.05145377746993],[12.877769931237367,9.032410782431725],[12.871744115598517,9.014557060759785],[12.857884739988833,8.988965187293616],[12.82896082708055,8.951466852013652],[12.810883381063206,8.933609142747798],[12.797626587197271,8.918131752778208],[12.796421423709774,8.904439669055535],[12.801242075861182,8.886579659323843],[12.795216261121595,8.872886394791351],[12.793408515890349,8.853834046803854],[12.810883381063206,8.803816944496418],[12.804254983680607,8.775828231187973],[12.789793027226494,8.759153100735034],[12.7723181629529,8.7537930783879],[12.74098392306962,8.7537930783879],[12.726521966615508,8.74664626231521],[12.718085824900925,8.731161023062839],[12.7150729170815,8.703166843674921],[12.70904710144265,8.684105779458207],[12.68855932934963,8.656108084620485],[12.670481883332286,8.642406325991203],[12.645173459087914,8.640023359990096],[12.619865034843542,8.619171770760659],[12.586120468884587,8.598914839348424],[12.56442753420339,8.600702259002105],[12.498746146617407,8.621554867163411],[12.481271282343869,8.620363321210334],[12.473437722373035,8.610830812392123],[12.46620674414595,8.58461517634936],[12.455360276355691,8.572698379526628],[12.442706064233505,8.551843085090354],[12.4330647599308,8.518472241400843],[12.411974406094032,8.48629045703899],[12.384858237517676,8.478542586271374],[12.353523997634454,8.46721849573703],[12.326407829058098,8.46721849573703],[12.307727801297062,8.465430451054544],[12.267354838854772,8.449933714869076],[12.236020598971493,8.4356284823686],[12.23119994682014,8.397478608950678],[12.234815435483995,8.347401211596662],[12.243854158942327,8.319975151032452],[12.255303207577015,8.254383318835153],[12.259521278883938,8.19474492393914],[12.253495463245088,8.169694128481297],[12.234212853740246,8.144045255983826],[12.21553282687853,8.114218920167104],[12.210109592983372,8.09274258720069],[12.216737989466708,8.050383133874561],[12.219750897286133,8.010406064688198],[12.213122500802797,7.97758613309361],[12.199263125193113,7.954312220832378],[12.187211494814676,7.941182764672874],[12.156479836675146,7.894629495654726],[12.099837172547552,7.837922919407276],[12.076939074378856,7.79732820123553],[12.058259046617763,7.751952973051289],[12.048015160571254,7.732846148630927],[12.038373856268493,7.70776712884998],[12.036566111936565,7.684478136756638],[12.03355320411714,7.670743004286294],[12.026924806734485,7.662382271624608],[12.020898991994954,7.651632516927179],[12.021501572839384,7.634312898121777],[12.03415578496157,7.540535920896104],[12.03415578496157,7.526198790341937],[12.026924806734485,7.516640439504727],[12.005834453797036,7.507679294264051],[11.984141518216518,7.501705095214049],[11.96184600179157,7.497523107405527],[11.949191789669385,7.483782006134732],[11.939550484467361,7.46824806589558],[11.922678201937515,7.449128612295681],[11.881702657751475,7.410887204980554],[11.827470319699557,7.347542578926948],[11.809392873682214,7.283591202771845],[11.803969639787113,7.251313206239502],[11.813008363245444,7.200500566348126],[11.818431597140545,7.156856928804245],[11.849163255280075,7.091084667423502],[11.843137439641168,7.072547148032527],[11.826867737955808,7.061783085121306],[11.800354151123202,7.059391036866884],[11.770827655571907,7.064773127677768],[11.749737301735138,7.063577112993414],[11.726839203566442,7.056998976921307],[11.712377247112329,7.030685498237176],[11.695504963683163,7.02470495357079],[11.675017191590143,7.003772444242941],[11.643682952606241,6.987025759231472],[11.631028740484055,6.976857837119553],[11.626810669177075,6.959512047143335],[11.622592598769472,6.929604009717309],[11.61355387531114,6.91165827570893],[11.58764287022234,6.906274423126149],[11.576193820688331,6.894908309071241],[11.565949934641822,6.873970018901275],[11.56112928249047,6.860210067840399],[11.585835124991092,6.837475365695639],[11.59366868496187,6.824312675089914],[11.600297082344525,6.805764633630986],[11.58704028847859,6.792601072481546],[11.579809310251505,6.781830618088577],[11.584629962402914,6.765674484589852],[11.585232543247344,6.735754293725734],[11.562334445078648,6.711816812196162],[11.55028281470021,6.665733849037963],[11.521358900892608,6.611865157251259],[11.502076292287086,6.59929494900274],[11.478575612374641,6.601090712566361],[11.450856862054593,6.60049212561114],[11.433984578625427,6.589717433612748],[11.4321768342935,6.576548047554411],[11.43277941603725,6.550806877635353],[11.4267536003984,6.52865643534625],[11.386380637956108,6.526261734091804],[11.366495447606894,6.522070979691989],[11.355648979816635,6.509498505151953],[11.339379278131219,6.507702412436458],[11.314673435630596,6.518478876099323],[11.292377919205649,6.532248465194584],[11.27490305403279,6.532248465194584],[11.25079979327586,6.52865643534625],[11.229106857695399,6.535241804665588],[11.19837519955587,6.538833786849807],[11.179092590950347,6.552602815667456],[11.162220307521238,6.559786506642013],[11.122449926822696,6.540031109148401],[11.097141502578324,6.55020822952622],[11.092923431271402,6.574153576526385],[11.095333757347078,6.671120393291574],[11.08991052435124,6.690272071399022],[11.082679545224892,6.702241489353298],[11.069422752258276,6.713013713612042],[11.048332398421508,6.714809061688868],[11.030857534147913,6.710021453327442],[11.000728456852869,6.69326445309207],[10.977830358684173,6.689673593261773],[10.948303864032141,6.69386292763204],[10.9290212545273,6.707029174157128],[10.913956716329437,6.733959023889895],[10.907930901589907,6.755501827547334],[10.890456036416992,6.777043671628178],[10.876596661706628,6.798584554333786],[10.839839187928249,6.809354632810084],[10.823569486242832,6.821919419945345],[10.816338508015804,6.854825631597691],[10.826582394062257,6.887131338040888],[10.83863402534007,6.912854679799693],[10.842249514003925,6.934987597000031],[10.80850494804497,6.95831576266238],[10.784401687288096,6.96489529178433],[10.756080355224242,6.968484087670561],[10.74101581702638,6.976857837119553],[10.716309973626437,6.998987737993787],[10.691604131125814,7.016332062974357],[10.681962826823053,7.028891342661382],[10.666295706881442,7.045038489234912],[10.630743396590503,7.047430612133098],[10.607845298421807,7.067165148053164],[10.601216901039209,7.08450692345582],[10.604229808858634,7.106631689201151],[10.60061431929546,7.135930415256496],[10.593985922812124,7.146692742476148],[10.578318802870513,7.161639997388022],[10.570485242899679,7.157454815187634],[10.564459427260829,7.104837828602967],[10.56325426467265,7.071351153133264],[10.558433612521242,7.018126266214267],[10.552407796882392,6.982240882111057],[10.541561329092133,6.943361943598859],[10.520470976154684,6.924818547138273],[10.498175458830417,6.91165827570893],[10.48250833888875,6.90926545943347],[10.452379262493025,6.912854679799693],[10.21676988342341,6.893711860913697],[10.204718253044973,6.903283367033794],[10.188448551359613,6.927211285172746],[10.18061499138878,6.951137988327559],[10.181820154876277,6.970278475271471],[10.175794339237427,6.995399176830574],[10.18001240964503,7.017528199067158],[10.170973687086018,7.030685498237176],[10.152896241068731,7.039656169996306],[10.146267843686076,7.033077693980431],[10.134818795051387,7.016332062974357],[10.116138767290352,6.995997271856652],[10.067932244877227,6.957717619072923],[10.032379934586345,6.931996722570716],[9.980557922610103,6.876363013242496],[9.959467568773334,6.847646287945906],[9.918492024587295,6.816534552027974],[9.893786182086671,6.783625710757974],[9.8739009917374,6.776445300510261],[9.829912539731993,6.785420796232813],[9.808822185895224,6.7920027202494],[9.79074473987788,6.790806013087092],[9.783513761650852,6.780035519123942],[9.76423115214601,6.713612163870323],[9.760013081738407,6.684885737586796],[9.751576940023824,6.645982680156635],[9.729281423598877,6.584928605770585],[9.725665934035703,6.559786506642013],[9.714819467144764,6.526261734091804],[9.699152347203096,6.51488674732559],[9.671433596883048,6.513689364772404],[9.652150987378207,6.525064379417643],[9.624432237058159,6.523268341560765],[9.606957372784564,6.531051124909538],[9.594303160662378,6.526860410079905],[9.585264437204046,6.502912798586806],[9.580443785052694,6.475371633793941],[9.570802480749933,6.461600487972191],[9.551519871245091,6.447230196716248],[9.51536497921046,6.445433881868212],[9.467761038541141,6.450224040706985],[9.44787584819187,6.389744968555476],[9.443055196040518,6.358604435446409],[9.431003564762761,6.332852184980425],[9.412926118745418,6.3160825861425],[9.391835765807969,6.320275036663645],[9.373758319790682,6.332852184980425],[9.350860221621986,6.338242296844555],[9.342424079907403,6.329258744995116],[9.347244732058812,6.292125075811668],[9.310487258280375,6.22264206238134],[9.282165926216578,6.163334632387432],[9.195394185693146,6.115404590349613],[9.141764429384978,6.093235491624682],[9.111032771245448,6.072263878874935],[9.055595270605295,6.027321962938288],[9.000157769065822,5.961400426688385],[8.926040240664634,5.909856250365692],[8.913386028542448,5.902663657002222],[8.910373120722966,5.884681764851621],[8.90133439816401,5.864901012771554],[8.888077604298076,5.857707837546741],[8.864576924385574,5.848116793655151],[8.856743364414797,5.839724495688984],[8.848307222700214,5.834928840193868],[8.842883989704433,5.821740575567162],[8.848307222700214,5.806154046572033],[8.856743364414797,5.771382543869379],[8.85071754877589,5.74260451538612],[8.832640103657923,5.725217084101189],[8.816972983716255,5.715623791904534],[8.816370401972506,5.702432753768619],[8.826011706275267,5.682645627293937],[8.843486570548862,5.663457460993072],[8.872410484356408,5.641870012291292],[8.893500838193177,5.610686724512789],[8.895308582525104,5.586698444777426],[8.888077604298076,5.551313940785803],[8.862166598309898,5.499132918549378],[8.837460755809275,5.384558593804115],[8.81396007589683,5.310763665710624],[8.806729097669745,5.282563263683699],[8.81396007589683,5.22675869305931],[8.809742004589907,5.173949788452035],[8.798895537698968,5.144542917121953],[8.78744648816496,5.12533769517853],[8.778407765605948,5.113334138959374],[8.755509667437252,5.104931514977466],[8.741650291827568,5.094127979922405],[8.73020124229356,5.077322120419581],[8.712726378019966,5.036506069199788],[8.691636025082516,4.9932862803376],[8.67295599732148,4.964471503756954],[8.651865643484712,4.938056853141291],[8.650057899152785,4.92665020124582],[8.644634665257627,4.912241518831081],[8.621133985345182,4.905637434619962],[8.608479773222996,4.888226355661857],[8.60606944714732,4.87801965118598],[8.608479773222996,4.866011564182372],[8.61631333319383,4.855804521561481],[8.624146893164664,4.849800307638134],[8.630172707904194,4.83899258623893],[8.628364963572267,4.82758424901391],[8.622941729677109,4.820979334728577],[8.597030723688988,4.802965605678196],[8.570517136856438,4.801764673500941],[8.566901647293264,4.795159508304721],[8.560875831654357,4.778346072912996],[8.563286158629353,4.761532224732434],[8.563286158629353,4.747120028666416],[8.551234527351596,4.722498495808964],[8.556464934908888,4.705058715887048],[8.557260342990503,4.686465411549534],[8.535567407409985,4.673853392020476],[8.519297706623888,4.668448171545947],[8.504835749270455,4.635415365027143],[8.50242542319478,4.616796192590243],[8.505438331014204,4.602981652681194],[8.516887380548212,4.592170085780879],[8.531951918746074,4.588566193874783],[8.52893901092665,4.573549781996917],[8.501220260606601,4.553126956244057],[8.505438331014204,4.515283131111687],[8.515079635316965,4.502067361619481],[8.556657761246754,4.494858658700196],[8.57533778900779,4.48584767932698],[8.665122437350647,4.482843994954465],[8.69404635115825,4.490052816584239],[8.721765101478297,4.503268804611707],[8.73020124229356,4.512880281999458],[8.71995735624705,4.523092336542163],[8.692238605926946,4.540512567900748],[8.666930181682574,4.563338441515896],[8.660904366043724,4.587364892076153],[8.661506947787473,4.619799318483786],[8.657288877379813,4.648628673974144],[8.63198045313544,4.684063139802106],[8.63198045313544,4.702079976909431],[8.639814013106275,4.717093652150368],[8.651263061740963,4.687666544275658],[8.665122437350647,4.673853392020476],[8.692238605926946,4.632412305683431],[8.70429023720476,4.595773959700523],[8.708508307612362,4.577754408439262],[8.715136704095642,4.569945795661965],[8.737432221419908,4.562737769932198],[8.753701922206005,4.551925595090211],[8.766356134328191,4.536908416989888],[8.77720260211845,4.53150215599976],[8.790459395984385,4.541713947940366],[8.799498118543397,4.569945795661965],[8.812754912409332,4.565140453569143],[8.828422032350943,4.553126956244057],[8.847704641855785,4.530300758872954],[8.867589832205056,4.529099360846885],[8.905552468571614,4.50507096685169],[8.906757632059112,4.493056471279147],[8.893500838193177,4.470829134257201],[8.893500838193177,4.453407236454836],[8.88747502255427,4.443194207946362],[8.884462114734845,4.432380258742],[8.882051788659169,4.412554274360332],[8.883859533890416,4.393328572155951],[8.894103419936926,4.370497406929815],[8.918809262437549,4.340455341740665],[8.920617006769476,4.325433860384408],[8.913988610286196,4.303201520433845],[8.912783446798699,4.292986444169117],[8.915796354618124,4.282771231207391],[8.926040240664634,4.273757695061647],[8.931463474559735,4.261739480792471],[8.940502197118747,4.254528463018175],[8.962195132699264,4.243110878963932],[8.977862252640875,4.229289367510376],[8.994734535170721,4.195635962229915],[8.997747442990146,4.174000863848846],[8.986298394355458,4.144552133574166],[8.982682904792284,4.110895099529273],[8.986298394355458,4.095268135216315],[8.997747442990146,4.081444028319311],[9.018837796826915,4.065816490238888],[9.044146221071287,4.058002607434446],[9.086326928744825,4.038768112558387],[9.098378559123262,4.021937555873535],[9.120674075548209,4.007511087566684],[9.144777337204403,4.011718833757243],[9.199009675256377,4.008713302177227],[9.209856142147316,3.99969664358531],[9.217689702118093,3.973848339229505],[9.225523262088927,3.961825595974517],[9.237574893366684,3.952207275645321],[9.253242013308295,3.953409571194811],[9.279755600140902,3.972646073357623],[9.286383997523501,3.982264155366522],[9.292409812263088,3.997292184686614],[9.308679513948448,4.011718833757243],[9.330975030373395,4.014724353646045],[9.330975030373395,4.007511087566684],[9.319525981738707,3.99188212585949],[9.306269187872772,3.982264155366522],[9.296025301826262,3.969039263151501],[9.29723046441444,3.958819882731461],[9.300243372233865,3.949201527328682],[9.328564704297719,3.921548135238311],[9.350257639878237,3.90531636965477],[9.379784134530212,3.892691446652975],[9.40147707011073,3.887280707039054],[9.416541608308648,3.889084290207848],[9.463542968133538,3.902310453164944],[9.469568782873068,3.914334056171811],[9.457517152494631,3.922149305945766],[9.447273266448121,3.931767974312606],[9.450286174267603,3.94679692094121],[9.455709408162704,3.957617594376529],[9.460530060314056,3.987073155002122],[9.476799761100153,3.981663028725848],[9.487646228890412,3.971443804787782],[9.49909527842442,3.963629019064001],[9.521993376593116,3.960623312116184],[9.530429518307699,3.96964039878543],[9.527416610488217,3.997893300535452],[9.521993376593116,4.006909978912461],[9.50933916447093,4.015926558364015],[9.498492696680671,4.026145227420329],[9.491864300197335,4.040571365676044],[9.482222994995254,4.05379510046356],[9.46836362028489,4.061609023737503],[9.470773946360566,4.079640866033174],[9.49487720711744,4.098273343939695],[9.491864300197335,4.081444028319311],[9.49547978886119,4.068821809578878],[9.504518512319521,4.056199392987651],[9.529224354820144,4.027948508416955],[9.541275985198581,4.0207353592495],[9.562968920779099,4.011718833757243],[9.585867018947795,4.008112195321587],[9.605752209297066,4.011117727800922],[9.62322707357066,4.018330962404036],[9.65636905778581,4.054396174044257],[9.675049085546902,4.062210091922225],[9.68649813508091,4.071226057136869],[9.690716205488513,4.088656635195605],[9.703972999354505,4.088656635195605],[9.708793651505857,4.073630296600982],[9.694934275896173,4.062811159207683],[9.688305879412837,4.046582181522524],[9.675049085546902,4.030953968950541],[9.643714845663624,4.00210109618871],[9.626842563133835,3.963629019064001],[9.628047725722013,3.952808423869726],[9.634676123104668,3.944392307359124],[9.658779383861543,3.940184217627575],[9.703370417610756,3.939583060409973],[9.725665934035703,3.945594615499147],[9.750371777435646,3.943791152839481],[9.761820826070334,3.938380744176072],[9.747358869616164,3.929964481975333],[9.702165255022578,3.918542276305061],[9.678664575110076,3.919143448811155],[9.678664575110076,3.90952463565344],[9.687703297669088,3.895096208623158],[9.71301172191346,3.865036191167349],[9.737114983569711,3.860827703935456],[9.742538217464812,3.856017978546902],[9.742538217464812,3.846398445032264],[9.744948543540488,3.83557634077556],[9.757602755662674,3.819944171186592],[9.74374338005299,3.82355161991137],[9.730486587086375,3.842791092534924],[9.705780743686432,3.85241066651912],[9.694331695051744,3.848803338303469],[9.675049085546902,3.834373876153506],[9.665407781244141,3.83557634077556],[9.641907101331697,3.85241066651912],[9.625034818801907,3.866839822899578],[9.615996095343576,3.863833768813436],[9.607559953628993,3.850607004209905],[9.604547046708888,3.837380034561022],[9.603944464965139,3.821146655593736],[9.595508323250556,3.809121732382096],[9.584059274615868,3.803710462168169],[9.563571502522848,3.804912969058307],[9.547301800837488,3.819944171186592],[9.54609663734999,3.812127978923115],[9.577430877233269,3.773647231434609],[9.628650307465762,3.688262010783205],[9.64974066130253,3.64135676690131],[9.64974066130253,3.62151150375297],[9.642509683075446,3.603469977557438],[9.64009935699977,3.584826690699288],[9.644317427407373,3.554154652215459],[9.6762542490344,3.52167726429434],[9.734704657493978,3.475364956927251],[9.800423705989317,3.407283250921353],[9.871980262878878,3.33021090730756],[9.889869401651595,3.303892133415275],[9.904933940748833,3.257832602092947],[9.92282307952155,3.213651070140827],[9.95954289149131,3.129982951152328],[9.969899762064415,3.088616458183026],[9.967075160590241,3.061351296225382],[9.961425958541213,3.037846288775256],[9.950127555342476,3.019041914452828],[9.913407743372716,2.969208753181476],[9.903992406324562,2.93535852947258],[9.897401670750526,2.898686296135679],[9.888927868126643,2.873297129858713],[9.887986334601692,2.843205535407208],[9.890810936075866,2.813113156746851],[9.878570998452858,2.744462022504365],[9.870097195828976,2.720009976779068],[9.853149589681891,2.685211980048905],[9.842792720008049,2.656056138280178],[9.83620198443407,2.601504656015095],[9.825845113860964,2.562940974846185],[9.821137446236207,2.512148014819104],[9.828669715335138,2.384216341211243],[9.827728181810187,2.343764850867217],[9.833377382959895,2.327772077419468],[9.835260450909118,2.307075278601246],[9.834318917384167,2.289200527182629],[9.851266522631988,2.247805514013294],[9.865389527304899,2.236515760494001],[9.892694003125769,2.219580967887396],[9.907758541323687,2.203586817577616],[9.925647680096404,2.201705141778916],[9.956718290916456,2.193237570557471],[9.984022766737326,2.181006549712549],[10.03015791485592,2.166893710076693],[10.055579323626944,2.165011988412573],[10.091357602071753,2.165011988412573],[10.11018827526874,2.162189400520447],[10.158206490437237,2.167834570009461],[10.172329495110148,2.165011988412573],[10.200575504456026,2.174420574250178],[10.414303641599815,2.173479718814008],[10.873772060232454,2.173479718814008],[11.161881355740036,2.175361429686291],[11.189185831560906,2.187592496396633],[11.207074970333679,2.180065697873715],[11.355837286161886,2.171598004344446],[11.353954219111984,2.226166743700333],[11.364311089685089,2.244042273032505],[11.369018757309846,2.260035982674481],[11.368077223784894,2.281674249367143],[11.390674031081744,2.299549094315296],[11.459405987396451,2.29766754262306],[11.562033155106064,2.306134507701415],[11.610051370274562,2.304252964103057],[11.671251057490338,2.312719889611287],[11.705146268885244,2.307075278601246],[11.757872152577818,2.276029515150071],[11.784235094873793,2.272266347014352],[11.870856189961273,2.277911095620595],[11.942412746850835,2.285437393221173],[12.095882731203119,2.285437393221173],[12.191919162439433,2.2807334622795],[12.220165171785311,2.269443964167635],[12.241820446456472,2.258154378821587],[12.273832589902156,2.262858383507648],[12.28983866162497,2.275088724465093],[12.31996773892007,2.276029515150071],[12.46308085269925,2.252509552873619],[12.489443794095848,2.258154378821587],[12.522397471965803,2.257213575546132],[12.561941885409738,2.263799182286505],[12.592070961805518,2.260976783251976],[12.616550836152214,2.251568746000885],[12.637264576399104,2.24686470534192],[12.667393653694205,2.245923894871908],[12.722944137961633,2.230870850909071],[12.744599412632851,2.229930030546541],[12.762488551405568,2.229930030546541],[12.796383762800474,2.251568746000885],[12.816155969522413,2.255331968095902],[12.845343512393242,2.243101460763853],[12.865115719115181,2.237456577259309],[12.893361728461059,2.239338207192532],[12.913133934283678,2.248746323583987],[12.934789208055577,2.253450358847033],[12.970567486500329,2.245923894871908],[13.029942952005683,2.242925058744504],[13.066721610214188,2.245865094498583],[13.093202244088332,2.259095180298402],[13.129980902296836,2.282615036454843],[13.17264414571082,2.281145056799005],[13.193240193480221,2.276735108838238],[13.222663120406708,2.264975180760018],[13.249143754280908,2.264975180760018],[13.26679750989723,2.256155171523972],[13.282980119437013,2.239985017594506],[13.299162728976796,2.203234003646401],[13.299162728976796,2.171598004344446],[13.355654747668495,2.169716288975621],[13.667302383997878,2.173479718814008],[14.24917017616275,2.171598004344446],[14.261410113785757,2.178183992397408],[14.287773055182413,2.187592496396633],[14.312252930428428,2.187592496396633],[14.395107891416103,2.181006549712549],[14.423353900761981,2.168775429942173],[14.4431261065846,2.165952849244661],[14.480787452978632,2.175361429686291],[14.512799596424259,2.188533343738868],[14.544811740769262,2.199823463282257],[14.571174682165918,2.207350162879777],[14.60036222593601,2.198882624033899],[14.633315902906645,2.161248536990456],[14.647438907579556,2.141490267961558],[14.6662695807766,2.133022359494362],[14.70958012832034,2.117027295473349],[14.74347533971519,2.096327554972731],[14.778312084635047,2.069041115954803],[14.805616560455974,2.061513740067085],[14.831037968327621,2.074686625387471],[14.847985574474706,2.077509372459645],[14.856459377098645,2.091623030478502],[14.877173117345535,2.093504842074822],[14.891296122018446,2.073745708797446],[14.908243727266267,2.060572815383182],[14.899769924642385,2.037049522017867],[14.899769924642385,2.022935380163688],[14.92424979898908,2.00505729226029],[14.945905072760922,2.004116334301443],[14.96661881300787,2.015407788438722],[14.998630957352873,2.018230639832211],[15.031584634323451,1.999411539111293],[15.071129047767386,1.99000190826149],[15.11067346121132,1.986238040453259],[15.14645173965613,2.020112537763453],[15.169990080477874,2.022935380163688],[15.196353022773849,2.037049522017867],[15.228365166219476,2.034226703899321],[15.249078906466423,2.018230639832211],[15.26131884408943,2.00505729226029],[15.287681786385406,1.986238040453259],[15.299921723109094,1.968359553250821],[15.31122012720715,1.945775926417923],[15.321576996880935,1.929779007994853],[15.343232270652834,1.91848697469419],[15.37524441499778,1.93072000732252],[15.400665823768804,1.947657907086807],[15.431736433689537,1.96459563597989],[15.474105447708268,1.971182484683993],[15.496702255005118,1.973064436574532],[15.571083413368854,1.950480873593506],[15.610627825913468,1.942011958784917],[15.646406104358277,1.936365992496633],[15.7047811909992,1.9231919974128],[15.754682474116919,1.908135878667906],[15.79234381961163,1.874259130354631],[15.839420502154496,1.83944067854452],[15.894970986421924,1.79238764007755],[15.922275462242851,1.784859041111929],[15.9561706736377,1.772625001242886],[15.992890485607461,1.772625001242886],[16.024902629952464,1.766037407900114],[16.02772723052732,1.749097775142275],[16.01548729290431,1.720864716033873],[16.023961096427513,1.671926425164429],[16.033376432576347,1.660632799164375],[16.052207105773334,1.655927102853582],[16.06444704249708,1.661573936987622],[16.084219249219018,1.685102240476056],[16.104932989465965,1.695454603647079],[16.118114460613924,1.695454603647079],[16.138828200860814,1.688866742306345],[16.14353586938489,1.703924678581075],[16.137886667335863,1.734981298648052],[16.13600359938664,1.790505493034118],[16.119997527663827,1.836617531274101],[16.10869912446509,1.883669404219688],[16.09834225389193,1.899666753417989],[16.07951158069494,1.919427980317096],[16.070096244546107,1.958949745234577],[16.053148639298342,1.987179008304622],[16.061622441922225,2.017289689967242],[16.07762851364504,2.041754208390046],[16.083277715694067,2.109500148912787],[16.087043850693192,2.187592496396633],[16.105874522990916,2.200764303429935],[16.12847133028771,2.194178414302428],[16.146360469959745,2.186651649054397],[16.18684641692863,2.209231831483862],[16.187787950453583,2.230870850909071],[16.17178187873077,2.249687131356097],[16.152951205533782,2.325890562599454],[16.14259433496062,2.355994494850108],[16.10210838889111,2.41525970257328],[16.074803913070184,2.470759696203061],[16.07951158069494,2.496157227973754],[16.073862379545233,2.524376131753115],[16.074803913070184,2.553535022223571],[16.084219249219018,2.58551497983251],[16.07506754213341,2.630548914400947],[16.06904172739388,2.652820738186563],[16.07567012387716,2.677499857332577],[16.079285613440334,2.705188032501724],[16.063015911754974,2.717226173049482],[16.05819525960362,2.733477472807181],[16.0594004221918,2.753941758205599],[16.04975911788904,2.785841266061652],[16.050964281376537,2.802091627826428],[16.074464960389662,2.815934349790439],[16.088324335999346,2.833387982869169],[16.088324335999346,2.859267022455185],[16.06964430823831,2.910421540521725],[16.040117813586278,2.960370182837721],[16.004565503295396,2.994670961495729],[15.962384795621858,2.998883263651749],[15.949128001755923,3.013325319907608],[15.901524061086604,3.075905337861116],[15.878625962917909,3.096965099459794],[15.85090721259786,3.102982097246013],[15.82077813530276,3.102380398636512],[15.801495526697238,3.099371901991731],[15.695441176669021,3.216095205329509],[15.564680984140182,3.377319753204119],[15.409817530854411,3.539720397578321],[15.256159239257556,3.703896543790506],[15.142873911901575,3.87525671732368],[15.095872552076685,3.976853997613944],[15.086231247773924,3.989477643578425],[15.059115078298248,3.996691068837777],[15.06815380175658,4.011117727800922],[15.120578394577308,4.025544133155279],[15.159746194431364,4.042374615196366],[15.180233966524384,4.053194025983544],[15.177823640448707,4.06641755482633],[15.162759102250845,4.080241920728099],[15.138655840594595,4.094667092212603],[15.102500948559964,4.13373395665684],[15.096475133820434,4.187222383606183],[15.089244155593349,4.292986444169117],[15.063333149605228,4.329039042817612],[15.038024724461536,4.357879886247815],[15.016934371524087,4.391526137421351],[15.01090855588518,4.41555824561658],[14.991023365535966,4.425170871438638],[14.954868473501278,4.435984925863693],[14.900033553705612,4.468426138555515],[14.810248905362755,4.528498660484843],[14.74637526300802,4.592770733082887],[14.722272002251145,4.630610464501387],[14.717451349200473,4.662442322655124],[14.712630697049065,4.803566070417844],[14.708412626641461,4.846197753023944],[14.701181648414376,4.898432905454285],[14.68913001713662,4.927250556268177],[14.689732598880369,4.957267613109877],[14.67828355024568,5.000489777081611],[14.673462898094328,5.034105044812009],[14.674065478938758,5.062916749308556],[14.679488712833859,5.078522553473135],[14.690335180624118,5.102530745097852],[14.677680968501932,5.169748890598896],[14.66201384856032,5.194953860432349],[14.639718332135374,5.214156970767647],[14.615012488735431,5.221958067011258],[14.591511809722306,5.225558539694873],[14.564998221990379,5.236959901778107],[14.540292379489756,5.255561676829984],[14.52763816646825,5.27596298450419],[14.545715612485594,5.307163685855471],[14.556562080275853,5.334163019907464],[14.572229200217464,5.39055778951041],[14.601755695768816,5.424152186674121],[14.598140206205585,5.432550494809561],[14.611999581815326,5.474540273714695],[14.624653793937512,5.50573077225738],[14.606576347920168,5.558510961511729],[14.596332461873658,5.580701221284357],[14.591511809722306,5.604090046218687],[14.613204744403504,5.670653097662353],[14.622243467861779,5.704231548946893],[14.624051212193763,5.734810215319214],[14.62164088611803,5.798960117715296],[14.614409907891002,5.84032394959064],[14.618627978298605,5.877488845933556],[14.61561507047918,5.908657490950475],[14.59512729838616,5.922443063696505],[14.567408548066112,5.913452511524213],[14.537279471670331,5.9002661048969],[14.50715039437523,5.903862429007916],[14.487867785769765,5.917048750199683],[14.477623899723255,5.942221761724966],[14.466777431932996,5.975783985642465],[14.440866425944876,5.993762903735046],[14.422788979927532,6.027321962938288],[14.422788979927532,6.047096865827768],[14.429417377310187,6.086644501542537],[14.459546453705912,6.09683054319504],[14.485457459694032,6.115404590349613],[14.525227840392574,6.16093823321296],[14.55415175420012,6.181906361989036],[14.579460178444549,6.19388777689943],[14.690937762367867,6.231028432915878],[14.746977844751768,6.261577647390538],[14.800005019316245,6.332852184980425],[14.807838579287079,6.352016772855848],[14.810851487106504,6.400523942226187],[14.820492791409265,6.42567399675761],[14.892199993734778,6.572956336066113],[14.9687278482117,6.743533721703955],[14.991023365535966,6.752509828965458],[15.054294426146896,6.764477712676353],[15.065743475680904,6.778240412964749],[15.071769290420491,6.802174607472182],[15.10912934594262,6.879354238407416],[15.127809372804336,6.929005830155006],[15.136848096262668,6.95831576266238],[15.142271330157826,6.997791554236869],[15.152515216204336,7.033077693980431],[15.165169428326521,7.05879302277981],[15.184452036931987,7.070753154334682],[15.196503668209743,7.089888721087675],[15.215786276815265,7.133538752811262],[15.207952716844432,7.145496940931139],[15.204337228180577,7.159846352627142],[15.210363042920164,7.17957605738917],[15.221209510710423,7.204087528516652],[15.222414674197921,7.218435092105892],[15.214581114227087,7.226206498131432],[15.218196602890941,7.239955583583367],[15.231453396756876,7.25609527837446],[15.253146332337394,7.278809423815915],[15.330879349402494,7.343956763393976],[15.370649731000356,7.373837675468394],[15.415843345593998,7.416265104051377],[15.465857613238313,7.48736668312597],[15.483935059255657,7.510666363661812],[15.512858972163883,7.542328028715588],[15.543590630303413,7.568014093575584],[15.558655169400595,7.588920226687151],[15.574924870186635,7.626548703759738],[15.589386827540125,7.686866810754736],[15.596015224023404,7.754341264837535],[15.593604897947728,7.769267783181704],[15.575527451930384,7.776432323992594],[15.54539837553466,7.781208616184756],[15.513461553907632,7.793149109244041],[15.465255031494564,7.864187982189662],[15.429100139459933,7.96505419099816],[15.407407203879416,8.008019249588756],[15.397163317832906,8.039046752305808],[15.397765899576655,8.071861721441337],[15.39475299175723,8.095725480146825],[15.289301224372082,8.302683821301343],[15.27001861486724,8.383767581908444],[15.228440488937451,8.525027459149953],[15.213978532483338,8.584019344916896],[15.198913994285476,8.607256059419683],[15.177823640448707,8.626916780784882],[15.142271330157826,8.647172211228622],[15.097077714664863,8.668617950158307],[15.063935730449657,8.671000735395694],[15.020549860187941,8.667426552593383],[14.995844017687318,8.675766258206295],[14.985600131640808,8.689466801851495],[14.98439496815331,8.70912322805458],[14.96812526736727,8.734734596124781],[14.922329071029878,8.751410821951936],[14.91750841797915,8.762726405799015],[14.918713581466648,8.779996897339004],[14.89702064588613,8.805007906789513],[14.878943199868843,8.805007906789513],[14.856647683443896,8.793693611670903],[14.82953151486754,8.791907112023637],[14.806030834955095,8.80143500911845],[14.786145644605881,8.803816944496418],[14.761439801205938,8.813940000330774],[14.736733958705258,8.835971574728433],[14.66201384856032,8.9080115666805],[14.610191836584022,8.964561948675055],[14.552946591611942,9.00860562355075],[14.530651074287675,9.02169865536871],[14.51197104742596,9.027054758470399],[14.492085856177368,9.046098036795001],[14.486662622282267,9.066330416715402],[14.487265204026016,9.081801466464526],[14.477623899723255,9.099056850293437],[14.437853518125394,9.134160060738282],[14.380005691409565,9.195433641649288],[14.380005691409565,9.215657547258047],[14.386031507048472,9.23112210570065],[14.389646995712326,9.248964983347378],[14.382416017485241,9.282863958405017],[14.3360172394041,9.332219757735686],[14.3034778369327,9.361948797698915],[14.281182320507753,9.36729975487981],[14.258284221439737,9.378001421928104],[14.223937074636353,9.426154834877764],[14.199231231236354,9.449931822495671],[14.188384764345471,9.467169111065687],[14.154037616642768,9.483216844781623],[14.116074980276153,9.526007126427771],[14.062445223967984,9.591370806017949],[14.025085168445798,9.641870479139357],[14.019059353706268,9.657315930585753],[14.022072261525693,9.684640760762534],[14.02870065800903,9.71255731247004],[14.043162614463142,9.742847106708666],[14.065458131787409,9.757694041346952],[14.09136913777553,9.791542577927657],[14.124511121990736,9.827168888033782],[14.164884084433027,9.882975721352523],[14.181756366962816,9.909688410891476],[14.193807998240572,9.979724671056772],[14.22152674856062,9.9957478029188],[14.305285581264627,10.003462363697167],[14.359517919316545,9.9957478029188],[14.380608273153314,10.002275519399745],[14.419173491263678,10.002868942447776],[14.483649715362105,10.007022867811145],[14.525227840392574,10.002275519399745],[14.598742787949334,9.982098517932286],[14.673462898094328,9.95539174053647],[14.739144284780991,9.949456603539488],[14.786145644605881,9.93521183605742],[14.835557329607127,9.92274715605646],[14.859058009519572,9.928682777788026],[14.879545781612592,9.948863084263962],[14.910277439752065,9.96785517587574],[14.934983283152064,9.980318134574304],[14.977766571669974,9.994560931641729],[15.008498229809504,9.99337405586806],[15.0585124965545,9.967261689875158],[15.08803899210585,9.967261689875158],[15.123591302396733,9.991593733663933],[15.144079074489753,9.988626508706488],[15.175413314373031,9.970229109086176],[15.213978532483338,9.970229109086176],[15.232658560244431,9.985065803144323],[15.256159239257556,9.986252709494977],[15.293519294779685,9.977944274208937],[15.34353356152468,9.96132676871548],[15.430305302947431,9.93521183605742],[15.456216308036232,9.934618290701621],[15.522500277365964,9.94708251924294],[15.587579082308878,9.954204721770566],[15.62855462649486,9.968448660976946],[15.6695301706809,9.97913120663992],[15.683992128034333,9.99040684709837],[15.672543078500325,10.00464920259867],[15.63940109428512,10.02719832064605],[15.552026772017939,10.078224737481719],[15.508038320012531,10.099582237630216],[15.486345385331333,10.122124726774757],[15.452600819372378,10.178474015863173],[15.421869161232848,10.212871852054377],[15.356790355390615,10.28106344712046],[15.33750774678515,10.295292882960212],[15.315212229460883,10.3083359691297],[15.292916713035936,10.340941319786111],[15.287493479140778,10.37117234782562],[15.27604443050609,10.406734524578667],[15.260377310564479,10.428662514163761],[15.238081793240212,10.477254172142352],[15.206144972512504,10.50332460544621],[15.188670108238966,10.511026813136993],[15.165169428326521,10.51695145684431],[15.151912634460587,10.53235499988341],[15.147091982309178,10.566121608225671],[15.15613070486819,10.62357554537516],[15.152515216204336,10.654371148909433],[15.130219699779389,10.699374504729633],[15.09888545989611,10.7455552161004],[15.07839768780309,10.782849865728792],[15.072974453907989,10.818364283085259],[15.080205432135017,10.840262744330232],[15.092859644257203,10.858608870003422],[15.095269970332936,10.873995075012772],[15.093462226000952,10.899439747446422],[15.08261575821075,10.953872199942111],[15.062730567861479,10.968661899926815],[15.049473773995544,11.011843586312523],[15.034409235797625,11.09877925076188],[15.038024724461536,11.222928135724942],[15.042242795768459,11.271981824002012],[15.052486681814969,11.310982400317585],[15.056102170478823,11.347023666608948],[15.063935730449657,11.365928741618177],[15.062730567861479,11.4084605742961],[15.073577035651738,11.43385849367462],[15.092859644257203,11.471655829253166],[15.133835188443243,11.515943143061634],[15.140463585825898,11.533656117236092],[15.142271330157826,11.553729470039059],[15.138053258850846,11.571440058312078],[15.121180976321057,11.581475561547961],[15.106719019866944,11.593871861597165],[15.095872552076685,11.611579907486771],[15.082013176466944,11.64404173533785],[15.077192524315592,11.671778841720197],[15.072974453907989,11.708363971220365],[15.077192524315592,11.7207546118359],[15.089846736437778,11.727244725863443],[15.095872552076685,11.74081447031159],[15.101898367715535,11.773261149982147],[15.11455257983772,11.781519693579071],[15.116962905913454,11.792727321009124],[15.087436410362102,11.853476478456741],[15.071166709576062,11.864091450859803],[15.059115078298248,11.877654425211631],[15.051281518327471,11.896523526439637],[15.05188410007122,11.914212119993408],[15.055499589634394,11.933668242895124],[15.062730567861479,11.955481023030814],[15.072974453907989,11.969039432423926],[15.085628666030175,11.979060428695902],[15.086231247773924,12.007352997742714],[15.057307333966321,12.034463922372197],[15.055499589634394,12.066875568053092],[15.040435051436532,12.086320674259753],[15.030793746234451,12.105764368530856],[15.01512662629284,12.11990434790738],[14.996446599431067,12.118136891404447],[14.97475366385055,12.110477777427548],[14.95426589175753,12.110477777427548],[14.93799619007217,12.116369423210358],[14.91750841797915,12.139345596022508],[14.906059369344462,12.174100652822915],[14.906059369344462,12.39724876212074],[14.889187085915353,12.427262107460365],[14.875327711204932,12.474334884247583],[14.857852846931394,12.509633854618755],[14.854839939111969,12.566690313906918],[14.840377982657799,12.61961797219169],[14.825916025304366,12.636670111036835],[14.809043742774577,12.639610019986492],[14.781927573298901,12.640785974393225],[14.767465616844788,12.650193411796579],[14.754811404722602,12.68605608621948],[14.731310724810157,12.708982034593248],[14.712630697049065,12.721913709150385],[14.701181648414376,12.724264851741566],[14.67286031635058,12.723089283143963],[14.652975126001309,12.728379298665743]]]}}]}