{"type":"FeatureCollection","features":[{"type":"Feature","properties":{"CNTRY_NAME":"Nigeria","CNTRY_CODE":"NGA","ADM1_NAME":"Abia","ADM1_CODE":"NGA001","HRparent":"NG001","Shape_Leng":4.54471155071,"Shape_Area":0.39642743837,"id":"NG-AB","name":"Abia","regionId":"NG-SE","regionName":"South East","regionColor":"#ecfdf5"},"geometry":{"type":"Polygon","coordinates":[[[7.404417992000049,6.012404442000047],[7.520060062000084,6.020018578000077],[7.553372383000067,5.98147153900004],[7.539571762000037,5.907232285000077],[7.544806480000091,5.846794128000056],[7.780373096000062,5.806818962000079],[7.803929806000042,5.744953156000065],[7.893288612000049,5.682270527000071],[7.917696953000075,5.64962005600006],[7.907911777000038,5.542678833000082],[7.986339092000037,5.367177010000091],[7.977263927000081,5.3544921880000516],[7.880370140000082,5.366795540000055],[7.88398408900008,5.384547234000081],[7.8635611530000915,5.420166016000053],[7.821098804000087,5.423285007000061],[7.788778782000065,5.444377899000074],[7.7571592330000385,5.510495186000071],[7.694026947000054,5.516333103000079],[7.700563908000049,5.435585022000055],[7.656886101000055,5.445621014000039],[7.6364459990000455,5.425255775000039],[7.624279976000082,5.38013982800004],[7.671203136000088,5.389753819000077],[7.666472912000074,5.346429825000087],[7.648910999000066,5.324934006000092],[7.568091869000057,5.321971893000068],[7.556207180000058,5.306293011000093],[7.537847996000039,5.307299137000086],[7.55307102200004,5.275679111000045],[7.528978825000081,5.161210060000087],[7.546906948000071,5.08805704100007],[7.524289131000046,5.056130886000062],[7.531323910000083,5.040605068000048],[7.512274742000045,5.036597252000092],[7.508607864000055,5.01848983800005],[7.4602751730000705,4.977698803000067],[7.491506100000038,4.950826168000049],[7.477023125000073,4.907999992000043],[7.498723984000037,4.8591179850000685],[7.491614819000063,4.824431896000078],[7.416359901000078,4.866746902000045],[7.373507023000059,4.862891197000067],[7.319794178000052,4.879632950000087],[7.240856171000075,4.856948853000063],[7.205420017000051,4.858627796000064],[7.140429020000056,4.900634766000053],[7.168517113000064,4.94475221600004],[7.217877865000048,4.961559772000044],[7.241197109000041,4.9940090180000425],[7.255775928000048,5.0773429870000655],[7.291069031000063,5.160048008000047],[7.286756992000051,5.19178295100005],[7.26391744600005,5.21561050400004],[7.292263508000076,5.327637196000069],[7.328675747000091,5.418660641000088],[7.406669140000076,5.533220768000092],[7.429063797000083,5.603961945000037],[7.416314125000042,5.661454678000041],[7.382155418000082,5.703596115000039],[7.399729252000043,5.710363388000076],[7.386432648000039,5.86085653300006],[7.395909786000061,5.907576561000042],[7.279959679000058,5.920430660000079],[7.254512310000052,5.965291023000077],[7.272595882000076,5.997651577000056],[7.3182816510000634,5.99860334400006],[7.339062691000038,6.04214954400004],[7.384793282000089,6.0373167990000525],[7.404417992000049,6.012404442000047]]]}},{"type":"Feature","properties":{"CNTRY_NAME":"Nigeria","CNTRY_CODE":"NGA","ADM1_NAME":"Adamawa","ADM1_CODE":"NGA002","HRparent":"NG002","Shape_Leng":12.3253586615,"Shape_Area":3.12914600591,"id":"NG-AD","name":"Adamawa","regionId":"NG-NE","regionName":"North East","regionColor":"#f3e8ff"},"geometry":{"type":"Polygon","coordinates":[[[13.669883728000059,10.944691658000067],[13.71302936300009,10.94394624000006],[13.73175817200007,10.91240524300008],[13.71784765800004,10.862267474000078],[13.683212544000071,10.84515729900005],[13.673798720000036,10.81476910400005],[13.640690341000038,10.790311025000051],[13.657614571000067,10.780070988000091],[13.632705574000056,10.745224312000062],[13.627674992000038,10.71121153100006],[13.580088205000038,10.687723455000082],[13.589565138000069,10.663081803000068],[13.57819924800009,10.65406039000004],[13.57991336200007,10.619586423000044],[13.564770578000036,10.617782330000068],[13.567203385000084,10.559231082000053],[13.595852144000048,10.528103654000063],[13.576767983000082,10.509881206000045],[13.539994045000071,10.514891539000075],[13.540190524000081,10.48516783100007],[13.520720016000041,10.454767913000069],[13.541961296000068,10.361782907000077],[13.522333421000042,10.273024502000055],[13.50009523400007,10.251541388000078],[13.498739115000092,10.205018374000076],[13.468369763000055,10.191638518000047],[13.463136317000078,10.168069696000089],[13.423386877000041,10.15621038800009],[13.437859250000088,10.144048569000063],[13.430927884000084,10.118512982000084],[13.400792662000072,10.134589634000065],[13.400314476000062,10.11470002200008],[13.311257605000037,10.106673555000043],[13.28194443700005,10.03388889100006],[13.250044504000073,10.035562387000084],[13.247573926000086,10.003300680000052],[13.288146864000055,9.97877825800009],[13.281751415000087,9.938527415000067],[13.236135669000078,9.909992969000086],[13.243112685000085,9.863624783000091],[13.301992453000082,9.826012064000054],[13.259244424000087,9.77233301700005],[13.251557124000044,9.70330769900005],[13.230420713000058,9.678325554000082],[13.225477651000062,9.578588711000066],[13.207811847000073,9.555792967000059],[13.094641379000052,9.525323594000042],[13.081201386000089,9.510386692000054],[13.034414306000087,9.506588498000042],[12.924875468000039,9.408046999000078],[12.878039348000073,9.393701063000037],[12.871388297000067,9.368919706000042],[12.851052294000056,9.373733919000074],[12.87428605100007,9.346753806000038],[12.909332930000062,9.353596000000039],[12.924514825000074,9.339526616000057],[12.913799944000061,9.319182855000065],[12.918316960000084,9.279023523000092],[12.887930526000048,9.178517593000038],[12.899619814000062,9.11834060600006],[12.891247212000053,9.089305693000085],[12.865277778000063,9.017500002000077],[12.822777777000056,8.971666673000072],[12.815214385000047,8.92289960800008],[12.803314640000053,8.913080879000063],[12.817417161000037,8.903675988000089],[12.80131530500006,8.855413415000044],[12.816253418000088,8.836661354000057],[12.811770133000039,8.799930127000039],[12.78672546000007,8.780058084000075],[12.784442843000079,8.745930347000069],[12.75112710600007,8.764951748000044],[12.716469397000083,8.758115295000039],[12.700905254000077,8.670181329000059],[12.67405083300008,8.64735083000005],[12.654472145000057,8.652746539000077],[12.608208925000042,8.633874388000038],[12.60134940200004,8.608126905000063],[12.613269570000057,8.60704781700008],[12.599049599000068,8.591319172000055],[12.503765945000055,8.64198735900004],[12.431740653000077,8.620085305000089],[12.458744421000063,8.551464767000084],[12.419722205000085,8.544282192000082],[12.394134136000048,8.496226783000054],[12.408859395000093,8.47532585600004],[12.366461234000042,8.420612748000053],[12.311524268000085,8.426201259000038],[12.292427640000085,8.445310817000063],[12.259681483000065,8.442364245000078],[12.24166666900004,8.366666670000086],[12.234418619000053,8.16298289000008],[12.190931375000048,8.09636553200005],[12.209533010000087,7.9742941050000695],[12.06884993500006,7.791952927000068],[12.058600982000087,7.749316054000076],[12.014051119000044,7.677620399000091],[12.000475032000054,7.678600019000044],[12.009837665000077,7.545289368000056],[12.024259397000037,7.530005172000074],[11.914197950000073,7.466606875000082],[11.931211924000081,7.437422156000082],[11.92774744400009,7.395003995000081],[11.888101474000052,7.3325987180000425],[11.77193546300009,7.487935543000049],[11.762919426000053,7.540587902000084],[11.77159881600005,7.665281773000061],[11.747658730000069,7.7442841530000806],[11.687712669000064,7.795908451000059],[11.636000633000037,7.876118183000074],[11.578268051000066,7.9059987070000375],[11.544662476000042,7.896922112000084],[11.51419353500006,7.815756321000038],[11.48981380500004,7.799793720000082],[11.411566734000075,7.898370743000044],[11.341521263000061,8.018668175000073],[11.362566948000051,8.064387321000083],[11.52298641200008,8.215049744000055],[11.651279449000072,8.426426888000037],[11.736002922000068,8.476575851000064],[11.785982132000072,8.52222824100005],[11.796403885000075,8.546234131000062],[11.779387474000089,8.597758293000084],[11.784165382000083,8.629783630000077],[11.861358643000074,8.803520203000062],[11.903332710000086,8.869786263000037],[11.89326572400006,8.945323944000052],[11.856493950000072,9.002615929000058],[11.791758537000078,9.019927025000072],[11.70675659200009,9.074490547000039],[11.694935799000064,9.106829643000083],[11.700067520000061,9.210051537000083],[11.64774704000007,9.30539989500005],[11.59625625600006,9.379207611000083],[11.549238205000051,9.38547039000008],[11.525925636000068,9.407815933000052],[11.429598808000037,9.549625397000057],[11.468048096000075,9.598470688000077],[11.59888744400007,9.609613419000084],[11.654569626000068,9.636945724000043],[11.853193283000053,9.789809227000092],[11.83617210400007,9.863074303000076],[11.853808403000073,9.92253112800006],[11.855346680000082,10.004907608000053],[11.843390465000084,10.04458999600007],[11.995476723000081,10.022892952000063],[12.092793465000057,10.043265343000087],[12.145337105000067,10.142687798000054],[12.194185257000072,10.19406318700004],[12.249873161000039,10.222539902000051],[12.295408249000047,10.308249474000093],[12.329026222000039,10.31961345700006],[12.443597794000084,10.31706237800006],[12.507370949000062,10.342087746000061],[12.55496215800008,10.371727943000053],[12.564443588000074,10.419760704000055],[12.581878662000065,10.435740471000088],[12.628249168000082,10.45165157300005],[12.652495384000076,10.43900966600006],[12.702697754000042,10.532716751000066],[12.744581223000068,10.579531670000051],[12.918111801000066,10.561971664000055],[13.002415657000086,10.52173328400005],[13.051918983000064,10.464411736000045],[13.155920982000055,10.428705215000093],[13.211980820000065,10.435908318000088],[13.242266655000037,10.579537392000077],[13.319385529000044,10.73725509600007],[13.335881233000066,10.800146103000088],[13.34341812100007,10.928276062000066],[13.42316818200004,10.904066086000057],[13.475245476000055,10.902802467000072],[13.58541488600008,10.949460983000051],[13.669883728000059,10.944691658000067]]]}},{"type":"Feature","properties":{"CNTRY_NAME":"Nigeria","CNTRY_CODE":"NGA","ADM1_NAME":"Akwa lbom","ADM1_CODE":"NGA003","HRparent":"NG003","Shape_Leng":3.99999778367,"Shape_Area":0.549834380088,"id":"NG-AK","name":"Akwa Ibom","regionId":"NG-SS","regionName":"South South","regionColor":"#ecfeff"},"geometry":{"type":"MultiPolygon","coordinates":[[[[8.332864761000053,4.589964866000059],[8.32002830500005,4.588057995000042],[8.31027793900006,4.609402180000075],[8.332365036000056,4.639882088000093],[8.341629982000086,4.623597145000076],[8.332864761000053,4.589964866000059]]],[[[7.71062612500009,5.519352913000091],[7.758902073000058,5.508200169000077],[7.761395931000038,5.48801994300004],[7.809011936000047,5.427803993000055],[7.86648511900006,5.414418221000062],[7.88398408900008,5.384547234000081],[7.87611198400009,5.368900776000089],[7.9033169750000525,5.3431491850000725],[7.89939022100009,5.334459782000067],[7.851705074000051,5.343885899000043],[7.846664906000058,5.331726074000073],[7.922725201000048,5.294249058000048],[7.937767029000042,5.25431108500004],[7.973348141000088,5.211946011000066],[7.992694855000082,5.206701756000086],[8.026467323000077,5.247876167000072],[8.06162738800009,5.206239223000068],[8.064866066000093,5.145171165000079],[8.09928607900008,5.107050419000075],[8.10002613100005,5.033398628000043],[8.128153801000053,4.968999863000079],[8.149250031000065,4.939391613000055],[8.207357407000075,4.908302307000042],[8.230303764000041,4.860188484000048],[8.266617775000043,4.831622124000091],[8.25016117000007,4.819804192000049],[8.317993164000086,4.751837730000091],[8.309906006000062,4.718474865000076],[8.324888229000067,4.707245827000065],[8.316867829000046,4.663266182000086],[8.32658004800004,4.649054051000064],[8.27190113100005,4.5376558300000625],[8.124584198000093,4.546533107000073],[7.929965973000037,4.538766861000056],[7.937013149000052,4.5346808430000465],[7.666102887000079,4.498136997000074],[7.6146183020000535,4.478272915000048],[7.546547890000056,4.520805836000079],[7.523955822000062,4.55061960200004],[7.545081139000047,4.5795769690000725],[7.5196962360000725,4.63103437400008],[7.517953396000053,4.676873684000043],[7.5454874040000846,4.732310772000062],[7.526484013000072,4.748737335000044],[7.5214633940000795,4.788544178000052],[7.488712311000086,4.8218045230000826],[7.498798847000046,4.851615906000063],[7.47809505500004,4.915512085000046],[7.491418839000062,4.959482193000042],[7.4602751730000705,4.977698803000067],[7.504658222000046,5.012110233000044],[7.515445709000062,5.038217545000066],[7.533027172000061,5.04234981500008],[7.525102139000069,5.050471306000077],[7.544672012000092,5.082266808000043],[7.527884007000068,5.156005859000061],[7.553099155000041,5.272792816000049],[7.535016060000089,5.303812981000078],[7.572082996000063,5.324313164000046],[7.625466824000057,5.318396091000068],[7.658548832000065,5.335977077000052],[7.676970005000044,5.38633823400005],[7.659700871000041,5.393124104000037],[7.623682976000055,5.382443905000059],[7.638136864000046,5.428154945000074],[7.660308838000049,5.44738102000008],[7.69773101800007,5.432099819000086],[7.70471477500007,5.479482174000054],[7.690116882000041,5.505912781000063],[7.71062612500009,5.519352913000091]]]]}},{"type":"Feature","properties":{"CNTRY_NAME":"Nigeria","CNTRY_CODE":"NGA","ADM1_NAME":"Anambra","ADM1_CODE":"NGA004","HRparent":"NG004","Shape_Leng":3.47234249013,"Shape_Area":0.388929639921,"id":"NG-AN","name":"Anambra","regionId":"NG-SE","regionName":"South East","regionColor":"#ecfdf5"},"geometry":{"type":"Polygon","coordinates":[[[6.932539463000069,6.710898399000087],[6.931667805000075,6.698696613000038],[6.990934849000041,6.71307754500009],[7.129078865000054,6.659475803000078],[7.109468460000073,6.5932364460000485],[7.05543136600005,6.545300007000037],[7.049659252000083,6.4743566510000505],[7.036256313000081,6.4738307000000646],[7.02971983000009,6.4472479820000785],[7.088768959000049,6.430252075000055],[7.127989769000067,6.386673450000046],[7.16219902000006,6.30474567400006],[7.142588615000079,6.289057255000046],[7.150997639000082,6.232611656000074],[7.199536800000089,6.234766960000059],[7.224745274000043,6.178836346000082],[7.229471684000089,6.127632141000049],[7.268748760000051,6.060705185000074],[7.339062691000038,6.04214954400004],[7.322564602000057,6.003838539000071],[7.264029980000089,5.991465092000055],[7.260983944000088,5.938930988000038],[7.209517479000056,5.927230358000088],[7.188812733000077,5.89953136400004],[7.0627813340000785,5.931398392000062],[6.999913692000064,5.902267933000076],[6.949820518000081,5.840328217000092],[6.891510963000087,5.808869839000067],[6.876645565000047,5.744104385000071],[6.817807674000051,5.784406662000038],[6.788632393000057,5.789773941000078],[6.720666409000046,5.765557766000086],[6.668275833000052,5.721829414000069],[6.633620262000079,5.730035782000073],[6.6548681260000535,5.771530151000093],[6.660915852000073,5.856529236000085],[6.713212967000061,5.956697941000073],[6.726493835000042,6.028930187000071],[6.709276199000044,6.078023911000059],[6.755330086000072,6.120709896000051],[6.769402027000069,6.167984009000065],[6.731006145000038,6.239092827000093],[6.664700985000081,6.532356262000064],[6.808122635000075,6.580162525000048],[6.80027818700006,6.6934671400000525],[6.912057400000037,6.800670624000077],[6.931231976000049,6.78803300900006],[6.932539463000069,6.710898399000087]]]}},{"type":"Feature","properties":{"CNTRY_NAME":"Nigeria","CNTRY_CODE":"NGA","ADM1_NAME":"Bauchi","ADM1_CODE":"NGA005","HRparent":"NG005","Shape_Leng":13.8631922824,"Shape_Area":3.98372447144,"id":"NG-BA","name":"Bauchi","regionId":"NG-NE","regionName":"North East","regionColor":"#f3e8ff"},"geometry":{"type":"Polygon","coordinates":[[[10.726515770000049,12.430885315000069],[10.734119415000066,12.26143455500005],[10.785360336000053,12.075289726000051],[10.781640053000046,11.97867012000006],[10.812789917000089,11.916910172000087],[10.807009697000069,11.85649967200004],[10.830269814000076,11.824959755000066],[10.856300354000041,11.816109657000084],[10.925109863000046,11.647549629000082],[10.930074692000062,11.446376801000042],[10.906799316000047,11.407917023000039],[10.85037040700007,11.357580185000074],[10.973469734000048,11.293649673000061],[11.022173882000061,11.292346001000055],[11.000440598000068,11.23616981500004],[10.904365540000072,11.146373749000077],[10.863735199000075,11.080067635000091],[10.840165138000089,11.072301865000043],[10.793634415000042,11.114366531000087],[10.769010544000082,11.118135452000047],[10.720526695000046,11.08649158500009],[10.670490265000069,11.019152641000062],[10.618556023000053,10.994465828000045],[10.602950096000086,10.962405205000039],[10.645520210000086,10.87891674000008],[10.642976761000057,10.860515594000049],[10.61776447300008,10.858255386000053],[10.599773407000043,10.884104729000057],[10.579859734000081,10.888965607000046],[10.550655365000068,10.792561531000047],[10.473125458000084,10.679488182000057],[10.525551796000059,10.639653206000048],[10.558775902000093,10.560891151000078],[10.588965416000065,10.528250694000064],[10.616939545000037,10.508310318000042],[10.765764236000052,10.477622986000085],[10.805457115000081,10.455230713000049],[10.833250046000046,10.418011665000051],[10.826063156000089,10.293679237000049],[10.857159615000057,10.235681534000037],[10.819883347000086,10.181147575000068],[10.815175056000044,10.128833771000075],[10.796998024000061,10.110430717000042],[10.70067215000006,10.112256050000042],[10.684513092000088,10.080558777000078],[10.824990273000083,9.969960213000093],[10.928464890000043,9.909826279000072],[10.950119972000039,9.80540084800009],[10.951502800000071,9.683623314000045],[10.973056793000069,9.591659546000074],[10.888006210000071,9.61551475500005],[10.809247017000075,9.615433693000057],[10.770366669000055,9.605032921000088],[10.684326172000056,9.542339325000057],[10.589106560000062,9.564007759000049],[10.516326904000039,9.510560989000055],[10.488900185000091,9.552595139000061],[10.382749557000068,9.598074913000062],[10.281479836000074,9.663076401000069],[10.166460037000093,9.650247574000048],[10.130390167000087,9.72200489000005],[10.057781219000049,9.75983238200007],[9.96574783300008,9.773833275000072],[9.962291718000074,9.726954460000059],[9.99165630300007,9.645744324000077],[9.962291718000074,9.61270999900006],[9.853553772000055,9.606744766000077],[9.816847801000051,9.593439102000048],[9.777699471000062,9.551204681000058],[9.669681549000074,9.518152237000038],[9.55082225800004,9.50515174900005],[9.516530037000052,9.538378716000068],[9.462371826000037,9.501225471000055],[9.404241562000038,9.508296013000063],[9.394767761000082,9.54648590100004],[9.335479736000082,9.578601837000065],[9.32014846800007,9.618462563000037],[9.287670135000042,9.633451462000039],[9.294490814000085,9.673307419000082],[9.279338837000068,9.709314346000042],[9.261855125000068,9.71239852900004],[9.235825539000075,9.691938400000083],[9.152183533000084,9.744761467000046],[9.253554344000065,9.808555603000059],[9.286881447000042,9.879532814000072],[9.27965068800006,9.95257091500008],[9.247065544000066,10.03221035000007],[9.202039719000084,10.04757976500008],[8.99186420400008,10.009289742000078],[8.95654010800007,10.023170471000071],[8.97816658000005,10.180500031000065],[8.930326462000039,10.215049744000055],[8.93579006200008,10.263560295000048],[8.95386028300004,10.289460182000084],[8.94631004300004,10.32773017900007],[8.92977047000005,10.352089882000087],[8.870192528000075,10.357634544000064],[8.828425407000054,10.37938022600008],[8.796814919000042,10.416778564000083],[8.73371601100007,10.436231613000075],[8.731879234000075,10.459511757000087],[8.759457588000089,10.48653984100008],[8.77940368700007,10.562673569000083],[8.822385788000076,10.613080025000045],[8.854420662000052,10.696880341000053],[8.821589470000049,10.769240379000053],[8.790464401000065,10.79269981400006],[8.769371033000084,10.82929992700008],[8.766619682000055,10.874670029000072],[8.789707184000065,10.947680473000048],[8.778155327000093,11.01140976000005],[8.792744637000055,11.06083011600009],[8.82749080700006,11.100429535000046],[8.874505043000056,11.089139938000073],[8.896217346000071,11.10151004800008],[8.947367668000084,11.171939850000058],[8.982683182000073,11.195240021000075],[9.032995224000047,11.256320000000073],[9.142354012000055,11.328650475000074],[9.224947929000052,11.365813255000091],[9.298985481000045,11.370635033000042],[9.433490753000058,11.310939789000088],[9.469809532000056,11.309080124000047],[9.52335262300005,11.339659691000065],[9.555012703000045,11.335439682000072],[9.572756767000044,11.318380356000091],[9.585731506000059,11.258386612000038],[9.677638054000056,11.255169868000053],[9.82253933000004,11.283399582000072],[9.865719795000075,11.18605995200005],[9.892939568000088,11.158749580000062],[9.854800224000087,11.111080170000037],[9.854406357000073,11.03738975500005],[9.86885643000005,10.999569893000057],[9.958250046000046,10.961500168000043],[10.076219559000037,10.989410400000054],[10.134039879000056,10.94750022900007],[10.19141006500007,10.94820022600004],[10.192379951000078,10.96778011300006],[10.158220291000077,10.986949921000075],[10.142729759000076,11.012089729000081],[10.159870148000039,11.052599907000058],[10.201354027000093,11.101158142000088],[10.262459755000066,11.095290184000078],[10.29489994000005,11.127920151000069],[10.33347034500008,11.135290146000045],[10.365509987000053,11.205920219000063],[10.175620079000055,11.224349976000042],[10.067254066000089,11.260951042000045],[9.993842125000072,11.250929832000054],[9.948586464000073,11.322919846000048],[9.879059792000078,11.364689827000063],[9.88395595600008,11.455710411000041],[9.864882469000065,11.487719536000043],[9.851895332000083,11.497920036000039],[9.808962822000069,11.460559845000091],[9.786523819000081,11.47871017500006],[9.777830124000047,11.525810242000091],[9.816054344000065,11.565420151000069],[9.82820606200005,11.63465023000009],[9.81190586100007,11.736929893000081],[9.783647537000093,11.751560211000083],[9.66093158700005,11.729350090000082],[9.630284309000047,11.748550415000068],[9.632322311000053,11.777359962000048],[9.663655281000047,11.804220200000088],[9.683844566000062,11.888520241000037],[9.715578079000068,11.877389908000055],[9.80779266400009,11.904990196000085],[9.864749908000078,11.94482040400004],[10.058589935000043,11.995530128000041],[10.097060204000059,12.012109756000086],[10.102729797000052,12.029450417000078],[10.172739983000042,12.053330421000055],[10.164730072000054,12.146490097000083],[10.194250107000073,12.234359741000048],[10.242500305000078,12.322449684000048],[10.250969887000053,12.407750130000068],[10.287989616000061,12.45079994200006],[10.371110916000077,12.472255707000045],[10.421270370000059,12.47084045400004],[10.439290047000043,12.427300453000043],[10.451029778000077,12.423990250000088],[10.493000031000065,12.441769600000043],[10.526539803000048,12.481320381000046],[10.61046981800007,12.521450043000073],[10.724386215000038,12.451649666000037],[10.726515770000049,12.430885315000069]]]}},{"type":"Feature","properties":{"CNTRY_NAME":"Nigeria","CNTRY_CODE":"NGA","ADM1_NAME":"Bayelsa","ADM1_CODE":"NGA006","HRparent":"NG006","Shape_Leng":5.09653271984,"Shape_Area":0.763937581899,"id":"NG-BY","name":"Bayelsa","regionId":"NG-SS","regionName":"South South","regionColor":"#ecfeff"},"geometry":{"type":"MultiPolygon","coordinates":[[[[5.746891976000086,4.491475105000063],[5.740920067000047,4.490119934000063],[5.726994992000073,4.506759167000041],[5.746891976000086,4.491475105000063]]],[[[6.552827835000073,5.379875183000081],[6.569632053000078,5.372142792000091],[6.567076206000081,5.333620071000041],[6.530881882000074,5.284537792000037],[6.566636086000074,5.236972809000065],[6.549230099000056,5.212652206000087],[6.558826447000058,5.198422909000044],[6.493334770000047,5.163454056000091],[6.41156101200005,5.00458192800005],[6.440640926000071,4.943194866000056],[6.398394108000048,4.864480019000041],[6.422863960000086,4.777152061000038],[6.429982185000085,4.7658739090000495],[6.444660187000068,4.775567055000067],[6.44142198600008,4.745329857000058],[6.461060047000046,4.713280201000089],[6.537438869000084,4.755611897000051],[6.607241154000064,4.746353149000072],[6.511964798000065,4.643144131000042],[6.544047832000047,4.590173721000042],[6.543078423000054,4.568368435000082],[6.560038090000091,4.554316521000089],[6.512575150000089,4.431702137000059],[6.514143944000068,4.3689417840000715],[6.54457283000005,4.354928017000077],[6.541563034000092,4.326619148000077],[6.466251850000049,4.315001965000079],[6.421101093000061,4.341351986000063],[6.403470993000042,4.33753824300004],[6.415142059000061,4.31116914800009],[6.090230942000062,4.277143955000042],[5.9883632660000785,4.310305119000077],[5.8810782440000935,4.378964901000074],[5.6741909980000855,4.554420948000086],[5.566684246000079,4.694171906000065],[5.458873271000073,4.8813261980000675],[5.463314057000048,4.9006428720000486],[5.4229450220000786,5.027462005000075],[5.367559910000068,5.130304813000066],[5.436465263000059,5.141396523000083],[5.469812393000041,5.123188496000068],[5.4705085750000535,5.093212605000076],[5.502870560000076,5.092460632000041],[5.533127308000076,5.062899590000086],[5.58459806400009,5.055248260000042],[5.656670570000074,5.011776447000045],[5.666662216000077,5.028277874000082],[5.71028709400008,5.0238261220000595],[5.736462116000041,5.056589603000077],[5.775635719000093,5.057479858000079],[5.789144993000093,5.084376335000059],[5.82026863100009,5.0751705170000605],[5.840140820000045,5.0830612180000685],[5.848323822000054,5.0665497780000806],[5.863081932000057,5.074440002000074],[5.880772746000048,5.109508991000041],[5.885300636000068,5.0999722480000855],[5.909367561000067,5.104878902000053],[5.933200836000083,5.1646952630000555],[5.960538864000057,5.1572184560000665],[6.000202179000041,5.107390881000072],[6.054965973000037,5.097167969000054],[6.069569588000093,5.141344070000059],[6.0857925420000925,5.150802612000064],[6.129725933000088,5.129266739000059],[6.165906429000074,5.161139965000075],[6.190907001000085,5.158570766000082],[6.202291012000046,5.179281235000076],[6.194151402000045,5.216709137000066],[6.213285446000043,5.238669395000045],[6.284712791000061,5.2316646580000565],[6.293005943000082,5.238823891000038],[6.285005569000077,5.279088974000047],[6.302890301000048,5.301016331000085],[6.338832378000063,5.3199110030000725],[6.408876896000038,5.304768562000049],[6.450234890000047,5.327586651000047],[6.490166664000071,5.324021339000069],[6.5025858880000555,5.338941097000088],[6.485476971000082,5.379205227000057],[6.552827835000073,5.379875183000081]]]]}},{"type":"Feature","properties":{"CNTRY_NAME":"Nigeria","CNTRY_CODE":"NGA","ADM1_NAME":"Benue","ADM1_CODE":"NGA007","HRparent":"NG007","Shape_Leng":8.99507402926,"Shape_Area":2.51924571098,"id":"NG-BE","name":"Benue","regionId":"NG-NC","regionName":"North Central","regionColor":"#e8eaf6"},"geometry":{"type":"Polygon","coordinates":[[[8.841858864000073,8.06708526600005],[8.971267700000055,8.05761623400008],[9.062466621000056,8.074473381000075],[9.132690430000082,7.991333961000066],[9.183191299000043,7.89574289300009],[9.124285698000051,7.82690477400007],[9.11571693400009,7.808447361000049],[9.130218506000062,7.788012981000065],[9.225141525000083,7.81833505600008],[9.386640549000049,7.84470272100009],[9.601534843000081,7.829541206000044],[9.643062592000092,7.7998781200000735],[9.74721336400006,7.654858112000056],[9.87081050900008,7.540160179000054],[9.888607979000085,7.461717606000093],[9.828292847000057,7.257370949000062],[9.834555626000054,7.199362755000038],[9.824008942000091,7.172336102000088],[9.737985611000056,7.078073025000037],[9.645699501000081,6.8948202130000595],[9.646029472000066,6.738594055000078],[9.58532858600006,6.475221652000073],[9.529311798000037,6.445756722000056],[9.466416418000051,6.455956818000061],[9.472207069000092,6.5214309690000505],[9.361248016000047,6.635858059000043],[9.30366993000007,6.7177701000000525],[9.255754471000046,6.718100071000038],[9.139107704000082,6.681015015000071],[9.077238083000054,6.645850182000061],[9.035036087000037,6.64728879900008],[8.99201583900009,6.692360878000045],[8.972613335000062,6.6913471220000815],[8.99475765200009,6.75434017200007],[8.974477768000042,6.788922787000047],[8.843852043000084,6.86674499500009],[8.720853806000093,6.896295071000054],[8.661309242000073,6.866854191000073],[8.60076046000006,6.855791092000061],[8.641556740000055,6.818769932000066],[8.616160393000087,6.778760910000074],[8.464181900000085,6.746512890000076],[8.415184975000045,6.75488710400009],[8.393416405000039,6.742407799000091],[8.366844177000075,6.697814941000047],[8.330209732000071,6.6808462140000415],[8.294514656000047,6.67870903000005],[8.28018379200006,6.715210438000042],[8.251575470000091,6.735644817000093],[8.262474060000045,6.737915039000086],[8.261111259000074,6.755170822000082],[8.234319687000038,6.799217701000089],[8.22024345400007,6.7787833210000485],[8.17301750200005,6.773334503000058],[8.127608299000087,6.7115778920000935],[8.000235558000043,6.712031841000055],[7.985703945000068,6.669347286000061],[7.988428593000037,6.618034840000064],[7.962545395000063,6.544017315000076],[7.932121277000078,6.531756878000067],[7.887166023000077,6.552645206000079],[7.855833530000041,6.580799103000061],[7.831766605000041,6.638468742000043],[7.807140827000069,6.633817196000052],[7.855342388000054,6.742868423000061],[7.903395653000075,6.7814683910000895],[7.886458874000084,6.794072628000038],[7.8880343440000615,6.853941917000043],[7.85494852100004,6.880725384000073],[7.75017738300005,6.878362179000078],[7.73442220700008,6.863394737000078],[7.674552917000085,6.855517387000077],[7.620197773000086,6.919325352000044],[7.571357250000062,6.939806938000061],[7.5305137630000445,7.032278061000056],[7.543581963000065,7.040121078000084],[7.60111379600005,7.01635789900007],[7.610285759000078,7.023445129000038],[7.60194778400006,7.090566158000058],[7.6373839380000845,7.132672787000047],[7.782881737000082,7.20521307000007],[7.865427494000073,7.392817497000067],[7.848751545000084,7.420332909000081],[7.776211262000061,7.4194989200000805],[7.760786057000075,7.451600075000044],[7.752635479000048,7.74419879900006],[7.663638115000083,7.90588903400004],[7.676837921000072,8.014471054000069],[7.877028942000038,7.983425140000065],[8.06885623900007,7.879503727000042],[8.185447693000071,7.852242470000078],[8.403155327000093,7.766182899000057],[8.41199398000009,7.768508911000083],[8.392920494000066,7.820144653000057],[8.405386925000073,7.861023426000088],[8.363452911000081,7.946243763000041],[8.360296249000044,7.987276077000047],[8.371117592000076,8.04634380300007],[8.426578522000057,8.112175941000089],[8.503683090000038,8.158167839000043],[8.524424553000074,8.15726566300009],[8.696668625000086,8.096394539000073],[8.841858864000073,8.06708526600005]]]}},{"type":"Feature","properties":{"CNTRY_NAME":"Nigeria","CNTRY_CODE":"NGA","ADM1_NAME":"Borno","ADM1_CODE":"NGA008","HRparent":"NG008","Shape_Leng":14.3375762846,"Shape_Area":6.0247413116,"id":"NG-BO","name":"Borno","regionId":"NG-NE","regionName":"North East","regionColor":"#f3e8ff"},"geometry":{"type":"Polygon","coordinates":[[[13.331987815000048,13.714595943000063],[13.634544929000072,13.710679975000062],[14.08295000000004,13.07944000000009],[14.203332731000046,12.538057065000089],[14.200046709000048,12.501503339000067],[14.177613791000056,12.480789167000069],[14.194895359000043,12.434978237000053],[14.173329231000082,12.411395621000054],[14.224104662000059,12.361614863000057],[14.268501024000045,12.372744436000062],[14.308695672000056,12.358315057000084],[14.325481065000076,12.375116752000054],[14.378748403000088,12.35805324100005],[14.439655711000057,12.367121626000085],[14.446629088000066,12.349442840000052],[14.46383717000009,12.360136174000047],[14.515176834000044,12.329200807000063],[14.522448642000086,12.318046158000072],[14.510990053000057,12.297030806000066],[14.54744200500005,12.280728042000078],[14.548903953000092,12.258012528000052],[14.557986325000059,12.26046778600005],[14.549008406000041,12.23691105000006],[14.588828998000054,12.229723818000082],[14.617315559000076,12.186338349000039],[14.628740229000073,12.182226627000091],[14.642035306000082,12.197712729000045],[14.66714601700005,12.188329589000091],[14.678083435000076,12.164188572000057],[14.653408073000037,12.138810159000059],[14.655772545000048,12.115412768000056],[14.636441234000074,12.089008894000074],[14.65335863100006,12.063979135000068],[14.62235733700004,12.041794598000081],[14.653894088000072,11.955403721000039],[14.603899064000075,11.869021148000058],[14.615285310000047,11.856798165000043],[14.611121833000084,11.778833723000048],[14.547657823000065,11.724900926000089],[14.554416426000046,11.711883199000056],[14.593832639000084,11.704153481000048],[14.64207411600006,11.656805552000037],[14.645183324000072,11.578416734000086],[14.599757350000061,11.493885760000069],[14.458855606000043,11.464450437000039],[14.383983503000081,11.426258295000082],[14.373072264000086,11.369587955000043],[14.32055220300009,11.327360204000058],[14.252133241000081,11.299200900000073],[14.238689592000071,11.272069827000053],[14.192614839000044,11.242964056000062],[13.98148957300009,11.305390367000086],[13.990117620000092,11.292069741000091],[13.98094896400005,11.26622326800009],[13.947215458000073,11.241826075000063],[13.903396997000073,11.164155148000077],[13.881143166000072,11.153215277000072],[13.856597394000062,11.095230123000078],[13.814917611000055,11.065543805000061],[13.79318873200009,11.00504268700007],[13.735141696000085,11.006062501000088],[13.71302936300009,10.94394624000006],[13.577307701000052,10.948335648000068],[13.475245476000055,10.902802467000072],[13.340912819000039,10.926430702000062],[13.335881233000066,10.800146103000088],[13.319385529000044,10.73725509600007],[13.242266655000037,10.579537392000077],[13.206871986000067,10.434309006000092],[13.159387589000062,10.42755317700005],[13.051918983000064,10.464411736000045],[13.002415657000086,10.52173328400005],[12.918111801000066,10.561971664000055],[12.744581223000068,10.579531670000051],[12.702697754000042,10.532716751000066],[12.652495384000076,10.43900966600006],[12.628249168000082,10.45165157300005],[12.581878662000065,10.435740471000088],[12.56677436800004,10.423188210000092],[12.559620857000084,10.376506805000076],[12.537542343000041,10.359181404000083],[12.435490608000066,10.315937042000087],[12.302369118000058,10.31166458100006],[12.270965576000037,10.278555870000048],[12.248704910000072,10.220253944000092],[12.196505547000072,10.195201874000077],[12.149992943000086,10.148398399000087],[12.084664345000078,10.037563324000075],[11.995476723000081,10.022892952000063],[11.838540077000062,10.045049667000058],[11.73993396800006,10.164150238000047],[11.597208977000037,10.20183658600007],[11.573154449000072,10.261171341000079],[11.533864975000085,10.311686516000066],[11.602020264000089,10.35658836400006],[11.635479927000063,10.39455032300009],[11.65020084400004,10.529296875000057],[11.640150070000061,10.609040260000086],[11.697649956000078,10.625760078000042],[11.767049789000055,10.675009727000088],[11.756320000000073,10.714189529000066],[11.721130371000072,10.74473953200004],[11.738360405000037,10.798660278000057],[11.68498992900004,10.834309578000045],[11.651229858000079,10.82769012500006],[11.626689911000085,10.866769791000081],[11.93052005800007,10.964220047000083],[12.028980255000079,11.062069893000057],[12.088859558000081,11.051059723000037],[12.139129639000089,11.061719894000078],[12.149680138000065,11.08106994600007],[12.117110252000089,11.148830414000088],[12.102410316000089,11.24561977400009],[12.18920040100005,11.304730415000051],[12.211500168000043,11.386230469000054],[12.324412346000088,11.498019218000081],[12.300889969000082,11.582570076000081],[12.269989967000072,11.621419907000075],[12.239649773000053,11.634400368000058],[12.168979645000093,11.629599571000085],[12.198980331000087,11.721870422000052],[12.248439789000088,11.798830032000069],[12.249919891000047,12.004920006000077],[12.303090096000062,12.218729973000052],[12.301569939000046,12.32073020900009],[12.260620117000087,12.420269966000092],[12.395082474000048,12.51570892300009],[12.444549561000088,12.612159729000041],[12.486140251000052,12.66080665600009],[12.472960472000068,12.717209816000093],[12.382490158000053,12.815859795000051],[12.361439705000066,12.861060143000088],[12.360719681000091,12.896769524000092],[12.399291992000087,12.980071068000086],[12.39365005500008,13.072369576000085],[12.406231284000057,13.083393189000049],[12.47194803900004,13.06338149800007],[12.482996924000076,13.072669271000052],[12.482871130000092,13.08958853100006],[12.49506264200005,13.08560506200007],[12.489160818000073,13.124611610000045],[12.499758944000064,13.139790724000079],[12.514686469000083,13.15383769400006],[12.543346481000071,13.144906337000066],[12.55816917900006,13.162177755000073],[12.55074931200005,13.182668379000063],[12.561002815000052,13.196427071000073],[12.542854443000067,13.19683655600005],[12.532535425000049,13.213461643000073],[12.549881204000087,13.204141767000067],[12.551781214000073,13.227466026000059],[12.571567524000045,13.236715471000082],[12.549291547000053,13.259417314000075],[12.58107412600009,13.25679497200008],[12.577601694000066,13.275637829000061],[12.587992783000061,13.271877120000056],[12.588090738000062,13.280934714000068],[12.57919944300005,13.282397839000055],[12.625209201000075,13.279087053000069],[12.64458000500008,13.30646581700006],[12.675627261000045,13.275848861000043],[12.692483885000058,13.302608909000071],[12.685337074000074,13.313832759000093],[12.71867287100008,13.308300776000067],[12.714451936000046,13.325088587000039],[12.741136560000086,13.327294985000037],[12.737778997000078,13.349422918000073],[12.761106060000088,13.369184570000073],[12.766666824000083,13.391569916000037],[12.792555227000037,13.377717574000087],[12.784932985000069,13.392059800000084],[12.799605754000083,13.40782413900007],[12.822704840000085,13.413367082000036],[12.82788628600008,13.403863398000055],[12.829158334000056,13.420769896000081],[12.812353473000087,13.431538817000046],[12.83536349600007,13.445322826000051],[12.85802773800009,13.441372563000073],[12.856990211000038,13.473965295000085],[12.84519959000005,13.475665545000084],[12.855650169000057,13.484452427000065],[12.870319533000043,13.474388095000052],[12.872809810000092,13.502073016000054],[12.918981961000043,13.48780723200008],[12.94505907000007,13.508065481000074],[12.951698270000065,13.49863851300006],[12.957454561000077,13.521677579000084],[12.998634980000077,13.510185854000042],[13.023386078000044,13.536729426000079],[13.035653832000037,13.531280294000055],[13.06916252800005,13.547518162000074],[13.062097530000074,13.53377787100004],[13.092118963000075,13.518089728000064],[13.111072857000067,13.536167922000061],[13.128159553000046,13.524315307000052],[13.127093455000079,13.543704447000039],[13.143790366000076,13.549576450000075],[13.139867869000057,13.521992333000071],[13.156132742000068,13.516319106000083],[13.16033462900009,13.53009491000006],[13.18198285200009,13.537431191000053],[13.195661113000085,13.512950215000046],[13.20747674100005,13.543335124000066],[13.197880015000067,13.547387316000084],[13.240058698000041,13.564763679000066],[13.22708242200008,13.58894612000006],[13.251523572000053,13.579864088000079],[13.261762984000086,13.596258040000066],[13.24314277600007,13.612737774000038],[13.29988527800009,13.665748798000038],[13.308773476000056,13.69693847700006],[13.334307119000073,13.698231965000048],[13.331987815000048,13.714595943000063]]]}},{"type":"Feature","properties":{"CNTRY_NAME":"Nigeria","CNTRY_CODE":"NGA","ADM1_NAME":"Cross River","ADM1_CODE":"NGA009","HRparent":"NG009","Shape_Leng":8.00646213705,"Shape_Area":1.7130221525,"id":"NG-CR","name":"Cross River","regionId":"NG-SS","regionName":"South South","regionColor":"#ecfeff"},"geometry":{"type":"MultiPolygon","coordinates":[[[[8.305131913000082,4.796167851000064],[8.283942223000054,4.810780049000073],[8.283135414000071,4.832397938000042],[8.306665421000048,4.809517861000074],[8.305131913000082,4.796167851000064]]],[[[8.848406792000048,6.865565777000086],[8.984660149000092,6.7773718830000576],[8.993591309000067,6.75090408300008],[8.968091965000042,6.697119236000049],[9.035036087000037,6.64728879900008],[9.070367813000075,6.642453194000041],[9.135676384000078,6.679891109000039],[9.255754471000046,6.718100071000038],[9.300264359000039,6.720088959000066],[9.368041992000087,6.62892198600008],[9.471092224000074,6.524884224000061],[9.473152161000087,6.495018005000077],[9.432943713000043,6.315780481000047],[9.347522662000074,6.353660828000045],[9.334133972000075,6.291918851000048],[9.26475251700009,6.184536589000061],[9.169592280000074,6.129846917000066],[9.15441377600007,6.093796470000086],[8.940801800000088,5.911662754000076],[8.913310290000084,5.903568213000085],[8.905236673000047,5.864740268000048],[8.844797306000089,5.828465601000062],[8.850616728000091,5.804145020000078],[8.883713129000057,5.795580681000047],[8.883884211000066,5.775960577000092],[8.85541515300008,5.707471788000078],[8.833157847000052,5.697843939000052],[8.90020869500006,5.625849282000047],[8.914844475000052,5.568283604000044],[8.833706651000057,5.430063152000059],[8.83992584400005,5.394353064000086],[8.812954456000057,5.237139324000054],[8.821154955000054,5.184737346000077],[8.78237163700004,5.11281701300004],[8.744779981000079,5.097221081000043],[8.731898047000072,5.07689453100005],[8.723819525000067,5.045080732000088],[8.683812903000046,4.99996795900006],[8.697960471000044,4.98651086600006],[8.648731095000073,4.940170745000046],[8.652104729000087,4.916275954000071],[8.60608772900008,4.887233212000069],[8.604269185000078,4.868755044000068],[8.629393021000055,4.824859404000051],[8.581342738000046,4.801942697000072],[8.553808722000042,4.8141800380000745],[8.52673360500006,4.752381468000067],[8.530676842000048,4.710124970000038],[8.484429360000092,4.69126272200009],[8.459830284000077,4.700801849000072],[8.478456498000071,4.736550808000061],[8.465051651000067,4.75511694000005],[8.435127259000069,4.729892730000074],[8.397237777000043,4.735682010000062],[8.387969971000075,4.75265789000008],[8.402788163000082,4.770676136000077],[8.393744469000069,4.788571834000038],[8.37084960900006,4.779025078000075],[8.333291053000039,4.808044910000092],[8.338225364000039,4.829235077000078],[8.300243378000062,4.85111999500009],[8.262868576000074,4.83815698300009],[8.230303764000041,4.860188484000048],[8.207357407000075,4.908302307000042],[8.136296272000038,4.957896709000067],[8.10002613100005,5.033398628000043],[8.09928607900008,5.107050419000075],[8.064866066000093,5.145171165000079],[8.065328598000065,5.198836803000063],[8.034794807000083,5.243249893000041],[8.016752243000042,5.246951103000072],[7.992694855000082,5.206701756000086],[7.976094246000059,5.208294392000084],[7.912880898000083,5.303979874000049],[7.865183830000092,5.3145608900000525],[7.84435415300004,5.333437920000051],[7.856290817000058,5.343924046000041],[7.901671886000088,5.335632801000088],[7.880370140000082,5.366795540000055],[7.9726982120000685,5.354471207000074],[7.987501144000078,5.362585068000044],[7.9079427720000695,5.535781860000043],[7.917696953000075,5.64962005600006],[7.887803078000047,5.696609020000039],[7.921760082000048,5.7599840160000895],[7.951372147000086,5.775062084000069],[7.970076084000084,5.768326759000047],[7.9336357120000685,5.81987237900006],[8.004966736000085,5.900077820000092],[7.982370853000077,5.930085182000084],[7.986176968000052,5.9817228320000595],[8.06849670400004,6.005267143000083],[8.088920593000068,5.9902009960000555],[8.111371040000051,5.940678120000086],[8.167712212000083,5.9695024490000606],[8.214842796000084,6.012228012000037],[8.24919891400009,6.01575136200006],[8.258448601000055,5.998132706000092],[8.274305344000084,5.999013901000069],[8.302002907000087,6.108136177000063],[8.371229172000085,6.196636677000072],[8.40074539200009,6.216616631000079],[8.418000221000057,6.261117458000058],[8.391663551000079,6.306527138000092],[8.399155617000076,6.35375261300004],[8.407329559000061,6.374640942000042],[8.445018768000068,6.385539055000038],[8.456825256000059,6.428223610000089],[8.43230438200004,6.433218956000076],[8.422768593000058,6.477719784000044],[8.40869140600006,6.477719784000044],[8.419136047000052,6.514501572000086],[8.395977020000089,6.519496441000058],[8.393252373000053,6.544471741000052],[8.375088692000077,6.545834064000076],[8.37281799300007,6.5590023990000645],[8.324751854000056,6.5894994740000925],[8.31424045600005,6.607136250000053],[8.322414398000092,6.634381771000051],[8.309245110000063,6.639377117000038],[8.294514656000047,6.67870903000005],[8.366844177000075,6.697814941000047],[8.398004532000073,6.7458209990000455],[8.419765472000051,6.757152081000072],[8.46874523200006,6.746480942000062],[8.620740891000082,6.781025887000055],[8.641556740000055,6.818769932000066],[8.600742340000068,6.853494167000065],[8.664740562000077,6.867979050000088],[8.701442719000056,6.8941330910000715],[8.765304565000065,6.890247822000049],[8.848406792000048,6.865565777000086]]]]}},{"type":"Feature","properties":{"CNTRY_NAME":"Nigeria","CNTRY_CODE":"NGA","ADM1_NAME":"Delta","ADM1_CODE":"NGA010","HRparent":"NG010","Shape_Leng":7.47653114858,"Shape_Area":1.3981269923,"id":"NG-DE","name":"Delta","regionId":"NG-SS","regionName":"South South","regionColor":"#ecfeff"},"geometry":{"type":"Polygon","coordinates":[[[6.668920994000075,6.5012340550000545],[6.712820053000087,6.35336589800005],[6.731006145000038,6.239092827000093],[6.769402027000069,6.167984009000065],[6.749240875000055,6.113724232000038],[6.709276199000044,6.078023911000059],[6.726493835000042,6.028930187000071],[6.713212967000061,5.956697941000073],[6.660915852000073,5.856529236000085],[6.65483284000004,5.779374123000082],[6.606566906000069,5.6800088880000885],[6.617601395000065,5.631519318000073],[6.587871552000081,5.567911148000064],[6.542584896000051,5.549243450000063],[6.530831337000052,5.531958580000094],[6.537696838000045,5.478425026000082],[6.5245304110000575,5.438663960000042],[6.476556778000088,5.404050827000049],[6.500541210000051,5.35198783900006],[6.493019104000041,5.328299522000066],[6.434547424000073,5.323307991000092],[6.408876896000038,5.304768562000049],[6.338832378000063,5.3199110030000725],[6.306432247000089,5.302983761000064],[6.285005569000077,5.279088974000047],[6.293005943000082,5.238823891000038],[6.284712791000061,5.2316646580000565],[6.213285446000043,5.238669395000045],[6.1957840920000535,5.223075867000091],[6.202291012000046,5.179281235000076],[6.190907001000085,5.158570766000082],[6.165906429000074,5.161139965000075],[6.129725933000088,5.129266739000059],[6.0857925420000925,5.150802612000064],[6.069569588000093,5.141344070000059],[6.054965973000037,5.097167969000054],[6.004523277000089,5.103686810000056],[5.960538864000057,5.1572184560000665],[5.933200836000083,5.1646952630000555],[5.914507866000065,5.108150005000084],[5.885300636000068,5.0999722480000855],[5.881353321000063,5.109508991000041],[5.869472027000086,5.0710816380000665],[5.840871334000042,5.067572594000069],[5.84057903300004,5.080577374000086],[5.789144993000093,5.084376335000059],[5.775635719000093,5.057479858000079],[5.730586052000092,5.054452896000043],[5.71028709400008,5.0238261220000595],[5.666662216000077,5.028277874000082],[5.656670570000074,5.011776447000045],[5.58459806400009,5.055248260000042],[5.533127308000076,5.062899590000086],[5.502870560000076,5.092460632000041],[5.475568295000073,5.092287064000061],[5.469812393000041,5.123188496000068],[5.436465263000059,5.141396523000083],[5.37332391700005,5.136266232000082],[5.354374886000073,5.164654732000088],[5.355471135000073,5.209993840000038],[5.322958947000075,5.354897022000046],[5.324370861000091,5.363636971000062],[5.376717091000046,5.356749058000048],[5.389844894000078,5.3654408460000695],[5.38742017800007,5.391228199000068],[5.2607798570000455,5.434778213000072],[5.183156013000087,5.50320386900006],[5.173309326000037,5.574353218000056],[5.077948094000078,5.701053143000081],[5.074906349000059,5.750308037000082],[5.036396026000091,5.778294087000063],[4.972363982000047,5.894415779000042],[5.012680054000043,5.942235470000071],[5.126955986000041,6.1639466290000655],[5.135050774000092,6.169816971000046],[5.145542145000093,6.141641617000062],[5.164626122000072,6.146552086000042],[5.168694496000057,6.163574696000069],[5.1801500320000855,6.14965152700006],[5.217764854000052,6.14990186700004],[5.232940197000062,6.065638542000045],[5.270169735000081,6.05429601700007],[5.2477955820000375,5.986599922000039],[5.275195122000071,5.909184456000048],[5.304334641000082,5.919622421000042],[5.358699322000064,5.969638348000046],[5.326950550000049,5.982685566000043],[5.327385426000092,6.018349171000068],[5.39971113200005,6.021856785000068],[5.425902843000074,6.005814552000061],[5.442483902000049,6.040644169000075],[5.453403950000052,6.025130749000084],[5.484179497000071,6.027750015000038],[5.494328499000062,6.041828156000065],[5.51298999800008,6.03528022800009],[5.546327591000079,5.985361576000059],[5.571273804000043,5.9908838270000615],[5.593595028000038,6.018115997000052],[5.657452106000051,6.033209801000055],[5.6676073070000825,6.049861431000068],[5.79505682000007,5.979569912000045],[5.8120388980000826,5.98387193700006],[5.833310127000061,5.941052914000068],[5.9213171010000565,5.877292156000067],[5.897670746000074,5.803782463000061],[5.906148911000059,5.770370007000054],[5.924606800000049,5.748332024000092],[5.981730938000055,5.748114109000085],[6.093735218000063,5.794122219000087],[6.1208791730000485,5.839725018000081],[6.19893550900008,5.895133495000039],[6.229115009000054,5.9360260960000915],[6.256639957000061,6.0166978840000525],[6.1932220460000735,6.056393147000051],[6.134387016000062,6.135653019000074],[6.112161160000085,6.2408781050000925],[6.076632023000059,6.278722763000076],[6.08801698700006,6.31834697700009],[6.113042831000087,6.349068165000062],[6.1266131400000745,6.356115818000092],[6.167523861000063,6.331490993000045],[6.197598934000041,6.282746315000054],[6.2126379010000505,6.279160976000071],[6.28165578800008,6.357406139000091],[6.419109821000063,6.400015831000076],[6.52963113800007,6.48860693000006],[6.608807087000059,6.499517918000038],[6.646256924000056,6.488733768000088],[6.668920994000075,6.5012340550000545]]]}},{"type":"Feature","properties":{"CNTRY_NAME":"Nigeria","CNTRY_CODE":"NGA","ADM1_NAME":"Ebonyi","ADM1_CODE":"NGA011","HRparent":"NG011","Shape_Leng":4.25135276753,"Shape_Area":0.518505047548,"id":"NG-EB","name":"Ebonyi","regionId":"NG-SE","regionName":"South East","regionColor":"#ecfdf5"},"geometry":{"type":"Polygon","coordinates":[[[8.24431037900007,6.785594940000067],[8.26610660600005,6.74154806100006],[8.25611686700006,6.7374610900000675],[8.285632133000092,6.71021556900007],[8.278820992000078,6.697955132000061],[8.325138092000088,6.625754356000073],[8.31424045600005,6.61213159600004],[8.324751854000056,6.5894994740000925],[8.391436577000093,6.550374985000076],[8.390981674000045,6.523128986000074],[8.419136047000052,6.514501572000086],[8.40869140600006,6.477719784000044],[8.422768593000058,6.477719784000044],[8.438661575000083,6.446841717000041],[8.43185043300008,6.439576149000061],[8.456825256000059,6.417779446000054],[8.447743416000037,6.39189624800008],[8.403697014000045,6.366013050000049],[8.391663551000079,6.306527138000092],[8.418000221000057,6.261117458000058],[8.40074539200009,6.216616631000079],[8.371229172000085,6.196636677000072],[8.302002907000087,6.108136177000063],[8.28223323800006,6.004739761000053],[8.263733864000073,5.996811390000062],[8.24919891400009,6.01575136200006],[8.214842796000084,6.012228012000037],[8.113847733000057,5.938149929000076],[8.091168404000086,5.985592842000074],[8.060527802000081,6.0076179500000535],[7.980422020000049,5.9748740200000725],[7.982346058000076,5.926640987000042],[8.004966736000085,5.900077820000092],[7.9348220830000855,5.825934887000074],[7.970076084000084,5.768326759000047],[7.951372147000086,5.775062084000069],[7.921760082000048,5.7599840160000895],[7.8901071550000665,5.692021847000092],[7.861988544000042,5.69736385300007],[7.803929806000042,5.744953156000065],[7.78632164000004,5.804915428000072],[7.617618084000071,5.827282429000093],[7.539571762000037,5.851077080000039],[7.547191620000092,5.994943142000068],[7.573160648000055,5.969135761000075],[7.664433479000081,5.930084229000045],[7.691889286000048,5.9246401790000505],[7.714838028000088,5.94597721100007],[7.663979530000063,6.049056530000087],[7.713799477000066,6.083923340000069],[7.7389049530000875,6.172115326000039],[7.70802640900007,6.298353195000061],[7.751392365000072,6.385539055000038],[7.749121666000065,6.447295666000059],[7.730731010000056,6.559910774000059],[7.698944569000048,6.630749226000091],[7.831766605000041,6.638468742000043],[7.869002342000044,6.56899261500007],[7.94937658300006,6.532210827000085],[7.987066269000081,6.611223221000046],[7.985703945000068,6.669347286000061],[8.000235558000043,6.712031841000055],[8.127608299000087,6.7115778920000935],[8.17301750200005,6.773334503000058],[8.212977409000075,6.776058674000069],[8.229325294000091,6.800125599000069],[8.24431037900007,6.785594940000067]]]}},{"type":"Feature","properties":{"CNTRY_NAME":"Nigeria","CNTRY_CODE":"NGA","ADM1_NAME":"Edo","ADM1_CODE":"NGA012","HRparent":"NG012","Shape_Leng":7.86341441398,"Shape_Area":1.59916878986,"id":"NG-ED","name":"Edo","regionId":"NG-SS","regionName":"South South","regionColor":"#ecfeff"},"geometry":{"type":"Polygon","coordinates":[[[6.133570671000086,7.5520768170000565],[6.1658000950000655,7.54206800500009],[6.110102177000044,7.494141102000071],[6.1124119760000895,7.448655128000041],[6.159472942000093,7.447688103000075],[6.182785034000062,7.4294271470000695],[6.2332739830000605,7.473898888000065],[6.295000076000065,7.498460770000065],[6.37530279200007,7.399876118000066],[6.422245026000041,7.416828156000065],[6.438507080000079,7.3579730990000485],[6.466869831000054,7.365318775000048],[6.497326851000082,7.333010197000078],[6.511441231000049,7.267024994000053],[6.632309914000075,7.2928528790000655],[6.690157413000065,7.2195730210000875],[6.715768814000057,7.120723248000047],[6.6772589680000465,7.03407573700008],[6.672980309000081,6.935661316000051],[6.6107902530000615,6.822104931000069],[6.631689072000086,6.769058228000063],[6.617936134000047,6.7048792840000715],[6.660110950000046,6.608610630000044],[6.668920994000075,6.5012340550000545],[6.632654190000039,6.489315033000082],[6.608807087000059,6.499517918000038],[6.52963113800007,6.48860693000006],[6.423731804000056,6.402275085000042],[6.28165578800008,6.357406139000091],[6.2126379010000505,6.279160976000071],[6.197598934000041,6.282746315000054],[6.180490017000068,6.3211970330000895],[6.1266131400000745,6.356115818000092],[6.100863934000074,6.335096836000048],[6.076632023000059,6.278722763000076],[6.112161160000085,6.2408781050000925],[6.134387016000062,6.135653019000074],[6.1932220460000735,6.056393147000051],[6.256639957000061,6.0166978840000525],[6.245960236000087,5.971532822000086],[6.201406002000056,5.896959782000067],[6.1208791730000485,5.839725018000081],[6.093735218000063,5.794122219000087],[6.039780140000062,5.764610767000079],[5.981730938000055,5.748114109000085],[5.924606800000049,5.748332024000092],[5.894185164000078,5.7985917590000895],[5.9213171010000565,5.877292156000067],[5.833310127000061,5.941052914000068],[5.8120388980000826,5.98387193700006],[5.79505682000007,5.979569912000045],[5.673977852000064,6.048922062000088],[5.657452106000051,6.033209801000055],[5.593595028000038,6.018115997000052],[5.571273804000043,5.9908838270000615],[5.546327591000079,5.985361576000059],[5.51298999800008,6.03528022800009],[5.494328499000062,6.041828156000065],[5.4584631920000675,6.02304601700007],[5.444632053000078,6.039225578000071],[5.433464527000069,6.034986973000059],[5.425902843000074,6.005814552000061],[5.411170006000077,6.020219803000089],[5.3343439100000865,6.021393299000067],[5.3230361940000535,6.0053014760000565],[5.326950550000049,5.982685566000043],[5.358699322000064,5.969638348000046],[5.304334641000082,5.919622421000042],[5.275195122000071,5.909184456000048],[5.2477955820000375,5.986599922000039],[5.2682690620000585,6.052536011000086],[5.232940197000062,6.065638542000045],[5.222956657000054,6.144710064000037],[5.184027195000056,6.147360325000079],[5.172924042000091,6.160578728000075],[5.145542145000093,6.141641617000062],[5.122467995000079,6.205872059000058],[5.095841408000069,6.197087765000049],[5.087235928000041,6.214525700000081],[5.075622559000067,6.213434219000078],[5.073347569000077,6.239534855000045],[5.049714088000087,6.251429558000041],[5.012897015000078,6.302100182000061],[5.0349450110000475,6.332928658000071],[5.028709888000037,6.360269547000087],[5.049193382000055,6.382441998000047],[5.075731277000045,6.377276897000058],[5.098885059000054,6.397403240000074],[5.102981091000061,6.442285538000078],[5.151069641000049,6.49393653900006],[5.16193437600009,6.5593013760000645],[5.133171082000047,6.583378315000061],[5.111583710000048,6.630350113000077],[5.122329712000067,6.69873857500005],[5.150810719000049,6.745987892000073],[5.201615810000078,6.780433655000081],[5.254822254000089,6.883221626000079],[5.27240800900006,6.88885879500009],[5.561751366000067,6.879381657000067],[5.571213245000081,6.845269680000058],[5.5435566900000595,6.81649255800005],[5.576634884000043,6.704025745000081],[5.6292533870000625,6.745868206000068],[5.667370796000057,6.727612019000048],[5.702557564000074,6.736117363000062],[5.726479530000063,6.769490719000089],[5.767152309000039,6.791876793000085],[5.778134823000073,6.817791939000074],[5.771480083000085,6.847302437000053],[5.797993660000088,6.914855003000071],[5.792581081000037,7.0216550830000415],[5.821990013000061,7.079123020000054],[5.854922771000076,7.096343040000079],[5.841958046000059,7.115684986000076],[5.860455036000076,7.126026154000044],[5.88983488100007,7.181162834000077],[5.883665085000075,7.192872047000037],[5.903481007000039,7.217193127000087],[5.895890236000071,7.253396034000048],[5.924044132000063,7.302131176000046],[5.917542934000039,7.333662033000053],[5.986694813000042,7.355247974000065],[5.969007969000074,7.4107689860000505],[5.986714840000047,7.450263977000077],[5.957714081000063,7.472651005000046],[5.95421886400004,7.515233040000055],[6.012996197000064,7.533405781000056],[6.043387890000076,7.577459812000086],[6.118761063000079,7.5914168360000644],[6.133570671000086,7.5520768170000565]]]}},{"type":"Feature","properties":{"CNTRY_NAME":"Nigeria","CNTRY_CODE":"NGA","ADM1_NAME":"Ekiti","ADM1_CODE":"NGA013","HRparent":"NG013","Shape_Leng":3.33678990835,"Shape_Area":0.473943148858,"id":"NG-EK","name":"Ekiti","regionId":"NG-SW","regionName":"South West","regionColor":"#fffbeb"},"geometry":{"type":"Polygon","coordinates":[[[5.50593471500008,8.018686295000066],[5.572744370000066,8.068446159000075],[5.659736156000065,8.069837570000061],[5.639902115000041,8.053831100000082],[5.667391300000077,8.008595467000077],[5.647209167000085,7.9661436080000385],[5.601625443000046,7.963707447000047],[5.598841667000045,7.95187664000008],[5.623199463000049,7.842963219000069],[5.6426858900000525,7.8286962510000535],[5.728981495000085,7.82834863700009],[5.755774975000065,7.795639515000062],[5.791615486000069,7.782068729000059],[5.767605782000089,7.73718118700009],[5.699404240000092,7.682898045000059],[5.6886172290000445,7.632442951000087],[5.659388065000087,7.6289634700000875],[5.634706020000067,7.599083900000039],[5.601191044000075,7.456700802000057],[5.521214485000087,7.332527637000055],[5.481499672000041,7.304606438000064],[5.388226032000091,7.2831869130000655],[5.358230114000094,7.295613289000073],[5.346626282000045,7.3814215660000855],[5.314757824000083,7.443110466000064],[5.235998631000086,7.433440208000093],[5.0652422900000715,7.46019506500005],[5.006159306000086,7.413699627000085],[4.952418804000047,7.447825909000073],[4.9022479060000705,7.576392651000049],[4.883054733000051,7.611391544000071],[4.868001461000063,7.616283894000048],[4.868377686000088,7.635477066000078],[4.914290428000072,7.783000469000058],[4.911100864000048,7.850109577000069],[4.941370010000071,7.897609234000072],[5.016461849000052,7.955217361000052],[5.057632923000085,8.03946495100007],[5.084393978000094,8.024231911000072],[5.11412477500005,8.05810165400004],[5.142349720000084,8.061864853000088],[5.195789337000065,8.018210411000041],[5.33239936800004,8.009554863000062],[5.357989788000054,8.034016609000048],[5.371161938000057,8.09648799900009],[5.506978512000046,8.111246109000092],[5.50593471500008,8.018686295000066]]]}},{"type":"Feature","properties":{"CNTRY_NAME":"Nigeria","CNTRY_CODE":"NGA","ADM1_NAME":"Enugu","ADM1_CODE":"NGA014","HRparent":"NG014","Shape_Leng":4.14402959907,"Shape_Area":0.618217126987,"id":"NG-EN","name":"Enugu","regionId":"NG-SE","regionName":"South East","regionColor":"#ecfdf5"},"geometry":{"type":"Polygon","coordinates":[[[7.674552917000085,6.855517387000077],[7.73442220700008,6.863394737000078],[7.75017738300005,6.878362179000078],[7.863614082000083,6.879937649000055],[7.890397549000056,6.843700886000079],[7.886458874000084,6.794072628000038],[7.900244713000063,6.786194801000079],[7.855342388000054,6.742868423000061],[7.802250862000051,6.632111549000058],[7.698944569000048,6.630749226000091],[7.730731010000056,6.559910774000059],[7.751392365000072,6.385539055000038],[7.70802640900007,6.298353195000061],[7.737088203000042,6.202993870000057],[7.7261900900000455,6.114899635000086],[7.713799477000066,6.083923340000069],[7.669428349000043,6.0635871890000885],[7.663979530000063,6.049056530000087],[7.6757860180000534,6.010004520000052],[7.711205006000057,5.970952511000064],[7.714838028000088,5.94597721100007],[7.691889286000048,5.9246401790000505],[7.573160648000055,5.969135761000075],[7.520060062000084,6.020018578000077],[7.415839672000061,6.006217957000047],[7.386810303000061,6.036674976000086],[7.2731065750000425,6.057219028000077],[7.254803181000057,6.104719639000052],[7.229471684000089,6.127632141000049],[7.223957539000082,6.191440105000083],[7.199536800000089,6.234766960000059],[7.1569981580000785,6.230040073000055],[7.147720337000067,6.2424564360000545],[7.142588615000079,6.289057255000046],[7.159148216000062,6.314768791000063],[7.127989769000067,6.386673450000046],[7.088768959000049,6.430252075000055],[7.029937744000051,6.442890167000087],[7.033205986000041,6.466858387000059],[7.045408249000047,6.4712162020000505],[7.05543136600005,6.545300007000037],[7.109468460000073,6.5932364460000485],[7.129078865000054,6.659475803000078],[6.990934849000041,6.71307754500009],[6.931667805000075,6.698696613000038],[6.932072639000069,6.76769352000008],[6.949030876000052,6.788558006000073],[6.960817337000037,6.840898991000074],[6.986843109000063,6.844488621000039],[6.9860553740000455,6.788558006000073],[7.055377960000044,6.786194801000079],[7.156210423000061,6.883088589000067],[7.234985828000049,6.9106602670000825],[7.241288185000087,6.971317291000048],[7.384659290000059,7.051668167000059],[7.397263527000064,7.090268135000088],[7.4555573460000915,7.103660107000053],[7.502034664000064,7.068998814000054],[7.538271427000041,7.020157814000072],[7.571357250000062,6.939806938000061],[7.620197773000086,6.919325352000044],[7.674552917000085,6.855517387000077]]]}},{"type":"Feature","properties":{"CNTRY_NAME":"Nigeria","CNTRY_CODE":"NGA","ADM1_NAME":"Federal Capital Territory","ADM1_CODE":"NGA015","HRparent":"NG015","Shape_Leng":3.54427583787,"Shape_Area":0.622227470645,"id":"NG-FC","name":"Federal Capital Territory","regionId":"NG-NC","regionName":"North Central","regionColor":"#e8eaf6"},"geometry":{"type":"Polygon","coordinates":[[[7.67238903000009,9.411277771000073],[7.7300548550000485,9.331963539000071],[7.667605877000085,9.303650856000047],[7.588679314000046,9.129055977000064],[7.591669083000056,8.834875107000073],[7.496000767000055,8.654301643000053],[7.443030834000069,8.59328174600006],[7.342399597000053,8.51043891900008],[7.312413216000039,8.500782013000048],[7.116741180000076,8.466221809000047],[6.778522491000047,8.457550049000076],[6.788054466000062,9.270166397000082],[7.015266895000082,9.268970490000072],[7.219758034000051,9.113510132000044],[7.398538589000054,9.357463837000068],[7.476269245000083,9.370618820000061],[7.509752750000075,9.361051559000089],[7.589875221000057,9.431607246000056],[7.67238903000009,9.411277771000073]]]}},{"type":"Feature","properties":{"CNTRY_NAME":"Nigeria","CNTRY_CODE":"NGA","ADM1_NAME":"Gombe","ADM1_CODE":"NGA016","HRparent":"NG016","Shape_Leng":5.9581671837,"Shape_Area":1.43658647535,"id":"NG-GO","name":"Gombe","regionId":"NG-NE","regionName":"North East","regionColor":"#f3e8ff"},"geometry":{"type":"Polygon","coordinates":[[[11.071490288000064,11.312490463000074],[11.13031959500006,11.278650284000037],[11.237930298000038,11.242699623000078],[11.303850174000047,11.24938011200004],[11.383990288000064,11.10445022600004],[11.513415337000083,10.968695641000068],[11.530362129000082,10.934866905000092],[11.53907489800008,10.850962639000045],[11.516614914000058,10.73211288500005],[11.516513824000072,10.570278168000073],[11.632863998000062,10.609519958000078],[11.65020084400004,10.529296875000057],[11.634939194000083,10.399012566000067],[11.602020264000089,10.35658836400006],[11.543486595000047,10.32611846900005],[11.533062935000089,10.300460815000065],[11.573154449000072,10.261171341000079],[11.597208977000037,10.20183658600007],[11.73993396800006,10.164150238000047],[11.838540077000062,10.045049667000058],[11.855346680000082,10.004907608000053],[11.85498619100008,9.927104950000057],[11.836197853000044,9.868795395000063],[11.857860565000067,9.797807693000038],[11.847374916000092,9.782958031000078],[11.654569626000068,9.636945724000043],[11.59888744400007,9.609613419000084],[11.473844528000086,9.600746155000081],[11.420153618000086,9.546006203000047],[11.278014183000039,9.54734897600008],[11.227089882000087,9.569368362000091],[11.16134738900007,9.551022530000068],[11.035526276000041,9.548683167000092],[10.98471164700004,9.56548500100007],[10.951502800000071,9.683623314000045],[10.950119972000039,9.80540084800009],[10.928464890000043,9.909826279000072],[10.824990273000083,9.969960213000093],[10.684513092000088,10.080558777000078],[10.70067215000006,10.112256050000042],[10.790633202000038,10.109703064000087],[10.81181812300008,10.122956276000082],[10.819883347000086,10.181147575000068],[10.857159615000057,10.235681534000037],[10.826063156000089,10.293679237000049],[10.833250046000046,10.418011665000051],[10.805457115000081,10.455230713000049],[10.765764236000052,10.477622986000085],[10.616939545000037,10.508310318000042],[10.588965416000065,10.528250694000064],[10.558775902000093,10.560891151000078],[10.525551796000059,10.639653206000048],[10.473125458000084,10.679488182000057],[10.550655365000068,10.792561531000047],[10.576300621000087,10.885554314000046],[10.593951225000069,10.88878631600005],[10.61776447300008,10.858255386000053],[10.642976761000057,10.860515594000049],[10.638669014000072,10.89743614200006],[10.602950096000086,10.962405205000039],[10.618556023000053,10.994465828000045],[10.670490265000069,11.019152641000062],[10.720526695000046,11.08649158500009],[10.76195335400007,11.11707210500009],[10.793634415000042,11.114366531000087],[10.840165138000089,11.072301865000043],[10.863735199000075,11.080067635000091],[10.904365540000072,11.146373749000077],[11.000440598000068,11.23616981500004],[11.023275375000082,11.285419464000086],[11.011630058000037,11.294783592000044],[11.071490288000064,11.312490463000074]]]}},{"type":"Feature","properties":{"CNTRY_NAME":"Nigeria","CNTRY_CODE":"NGA","ADM1_NAME":"Imo","ADM1_CODE":"NGA017","HRparent":"NG017","Shape_Leng":2.78702712967,"Shape_Area":0.419038737524,"id":"NG-IM","name":"Imo","regionId":"NG-SE","regionName":"South East","regionColor":"#ecfdf5"},"geometry":{"type":"Polygon","coordinates":[[[7.264627457000074,5.932304382000041],[7.2879538540000794,5.917792320000046],[7.395909786000061,5.907576561000042],[7.3864617350000685,5.863152981000042],[7.400300980000054,5.7127118110000765],[7.384001255000044,5.698827744000084],[7.41519641900004,5.66375875500006],[7.430239201000063,5.606249809000076],[7.404317856000091,5.528644562000068],[7.322801113000082,5.407506943000044],[7.260108948000038,5.213327408000055],[7.24213504800008,5.1958670620000476],[7.212825298000041,5.19622421300005],[7.035687923000069,5.248759747000065],[6.903954983000062,5.219525814000065],[6.818212986000049,5.257966995000061],[6.75579500200007,5.323452950000046],[6.762536049000062,5.410212994000062],[6.744081974000039,5.449101925000093],[6.751194000000055,5.464835167000047],[6.7413597110000865,5.494053841000039],[6.639080048000039,5.4934458730000415],[6.675503731000049,5.730851650000091],[6.726145744000064,5.76810312300006],[6.783464909000088,5.789235592000068],[6.8126802440000915,5.787024975000065],[6.876645565000047,5.744104385000071],[6.891510963000087,5.808869839000067],[6.948365688000081,5.838615894000043],[7.0031118390000415,5.905193329000042],[7.056444645000056,5.9306135180000865],[7.142893791000063,5.918504238000082],[7.186522961000037,5.899834156000054],[7.217018127000074,5.93091011000007],[7.264627457000074,5.932304382000041]]]}},{"type":"Feature","properties":{"CNTRY_NAME":"Nigeria","CNTRY_CODE":"NGA","ADM1_NAME":"Jigawa","ADM1_CODE":"NGA018","HRparent":"NG018","Shape_Leng":11.7642377703,"Shape_Area":1.94585711528,"id":"NG-JI","name":"Jigawa","regionId":"NG-NW","regionName":"North West","regionColor":"#f5f0ff"},"geometry":{"type":"Polygon","coordinates":[[[10.257570267000062,13.00426006300006],[10.28172969800005,12.933170319000055],[10.252229691000082,12.844149590000086],[10.359769821000043,12.861570358000051],[10.46440029100006,12.82254028300008],[10.534569740000052,12.830300331000046],[10.574580193000088,12.812359810000089],[10.574460030000068,12.754139900000041],[10.599430084000062,12.704950333000056],[10.590600014000074,12.514340401000084],[10.458029747000069,12.42638015700004],[10.435729980000076,12.431870461000074],[10.428339958000038,12.466320038000049],[10.413060188000088,12.471890450000046],[10.344019890000084,12.467599869000082],[10.281009674000074,12.446109772000057],[10.250969887000053,12.407750130000068],[10.241379738000091,12.317830086000072],[10.195400238000047,12.236669540000037],[10.164730072000054,12.146490097000083],[10.172739983000042,12.053330421000055],[10.102729797000052,12.029450417000078],[10.087739944000077,12.007390022000038],[10.058589935000043,11.995530128000041],[9.856590271000073,11.941269875000046],[9.80779266400009,11.904990196000085],[9.715578079000068,11.877389908000055],[9.681514740000068,11.887339592000046],[9.663655281000047,11.804220200000088],[9.627784729000041,11.763489723000077],[9.63978385900009,11.736000061000084],[9.66093158700005,11.729350090000082],[9.783647537000093,11.751560211000083],[9.809527397000068,11.740360260000045],[9.827071190000083,11.631179810000049],[9.819506645000047,11.571220398000037],[9.777830124000047,11.525810242000091],[9.786523819000081,11.47871017500006],[9.800756454000066,11.461609840000051],[9.819328308000081,11.461479187000066],[9.848381996000057,11.497879982000086],[9.864882469000065,11.487719536000043],[9.883931160000088,11.458009720000064],[9.881438255000091,11.361260414000071],[9.952111244000037,11.321820259000049],[9.997390747000054,11.247520447000056],[10.046409607000044,11.263079643000083],[10.183830261000082,11.223290443000053],[10.366720200000088,11.202480316000049],[10.364620209000066,11.179420471000071],[10.327670097000066,11.129469872000072],[10.310040474000061,11.136159897000084],[10.262459755000066,11.095290184000078],[10.198887825000043,11.100675583000054],[10.169090271000073,11.066519737000078],[10.142669678000061,11.017849922000039],[10.154669762000083,10.990360260000045],[10.19474983200007,10.96436023700005],[10.178580284000077,10.94344043700005],[10.134039879000056,10.94750022900007],[10.10087966900005,10.98279953000008],[10.078559875000053,10.989439964000042],[9.958250046000046,10.961500168000043],[9.86581897700006,10.999396324000088],[9.854800224000087,11.111080170000037],[9.891805649000048,11.15528011300006],[9.819014549000087,11.284509659000037],[9.759497643000088,11.265370369000038],[9.62497806500005,11.252455711000039],[9.580339432000073,11.26550960500009],[9.571549416000039,11.321820259000049],[9.54913425400008,11.33767032600008],[9.497667313000079,11.33244037600008],[9.460391045000051,11.308388710000088],[9.415868759000091,11.316479683000068],[9.313064575000055,11.369304657000043],[9.239074707000043,11.369090080000092],[9.193549156000074,11.350888252000061],[9.223376274000088,11.470749855000065],[9.317799568000055,11.511039734000065],[9.365196228000059,11.569179535000046],[9.274703979000037,11.60033035300006],[9.262815475000082,11.617449760000056],[9.276390076000041,11.66252040900008],[9.231911659000048,11.66082954400008],[9.21865654000004,11.696370125000044],[9.23728084600009,11.706959724000058],[9.249784470000066,11.742799759000093],[9.180657387000053,11.746569633000092],[9.163191795000046,11.737150192000058],[9.146655083000041,11.750760078000042],[9.144889832000047,11.807160378000049],[9.238718987000084,11.903860092000059],[9.219390869000051,11.960049629000082],[9.251157761000059,12.00131034900005],[9.221211433000065,12.009579659000053],[9.213033676000066,12.118869781000058],[9.165187836000086,12.10332012200007],[9.135657310000056,12.016610146000062],[9.096947670000077,12.023050308000052],[9.065876007000043,12.082550049000076],[9.010920525000074,12.074970245000088],[8.976821899000072,12.088379860000089],[8.950062752000065,12.071929932000046],[8.941417694000052,12.114430428000048],[8.96667861900005,12.161950111000067],[8.951057434000063,12.199749947000043],[8.90020370500008,12.247500420000051],[8.890472412000065,12.281920433000039],[8.907707214000084,12.313220024000088],[8.897146225000085,12.315389633000052],[8.871460915000057,12.308170319000055],[8.85188484200006,12.276849747000085],[8.841008186000067,12.308959961000085],[8.807005882000055,12.31315040600009],[8.740081787000065,12.219079971000042],[8.721372604000067,12.216549873000076],[8.737964630000079,12.30885982500007],[8.81648731200005,12.413439751000055],[8.709519386000068,12.452449799000078],[8.68109226200005,12.483189583000069],[8.68420410200008,12.521220207000056],[8.708560944000055,12.543399811000086],[8.71646499600007,12.571120262000079],[8.597985268000059,12.597599983000066],[8.470646858000066,12.58719921100004],[8.442568779000055,12.560899734000088],[8.374728203000075,12.442640305000054],[8.313106537000067,12.51212978400008],[8.31126785300006,12.575440407000087],[8.290033340000093,12.599989891000064],[8.286055565000083,12.64023017900007],[8.252026558000068,12.63652992200008],[8.236741066000093,12.647950172000037],[8.206247330000053,12.638520241000037],[8.143692970000075,12.667886734000092],[8.173488617000089,12.760299683000085],[8.164756775000058,12.81334972400009],[8.179954529000042,12.838800430000049],[8.33017635300007,12.844449997000083],[8.383039474000043,12.825229645000093],[8.488647461000085,12.836330414000088],[8.556736946000058,12.829890251000052],[8.590817451000078,12.81169033100008],[8.612127304000069,12.733489990000066],[8.647345543000085,12.73027992200008],[8.688190460000044,12.698590279000086],[8.709191322000038,12.705750465000051],[8.74793720200006,12.695859909000092],[8.75896358500006,12.681509972000072],[8.931398392000062,12.724180222000086],[8.97733783700005,12.81723022500006],[9.045033455000066,12.81597995800007],[9.046162605000063,12.834420204000082],[9.220360000000085,12.828470000000038],[9.287999999000078,12.81203000000005],[9.390260000000069,12.823130000000049],[9.650240000000053,12.803610000000049],[9.820417404000068,12.81820964800005],[9.892655373000082,12.852470398000037],[9.943140030000052,12.950949669000067],[9.98270511600009,12.97445964800005],[10.142769814000076,13.008629799000062],[10.217329979000056,13.04407978100005],[10.244359970000062,13.035189629000058],[10.257570267000062,13.00426006300006]]]}},{"type":"Feature","properties":{"CNTRY_NAME":"Nigeria","CNTRY_CODE":"NGA","ADM1_NAME":"Kaduna","ADM1_CODE":"NGA019","HRparent":"NG019","Shape_Leng":12.5709739109,"Shape_Area":3.65172316898,"id":"NG-KD","name":"Kaduna","regionId":"NG-NW","regionName":"North West","regionColor":"#f5f0ff"},"geometry":{"type":"Polygon","coordinates":[[[8.16475868200007,11.487890244000084],[8.164856911000072,11.451769829000057],[8.130802155000083,11.392379761000086],[8.142053604000068,11.370599747000085],[8.215225220000093,11.31122016900008],[8.26761341100007,11.312930107000057],[8.273490906000063,11.27816009500009],[8.329403877000061,11.212380409000048],[8.41502285000007,11.230330467000044],[8.434016228000075,11.22045993800009],[8.482618332000072,11.16376972200004],[8.52052307100007,11.14636039700008],[8.543351173000076,11.09348964700007],[8.596919060000062,11.061440468000058],[8.598156929000083,10.99271011400009],[8.567220688000077,10.87749004400007],[8.58793163300004,10.71848964700007],[8.519010544000082,10.705311775000041],[8.514254570000048,10.65896987900004],[8.536105156000076,10.634050369000079],[8.56196117400009,10.627900124000064],[8.608976364000057,10.647934914000075],[8.646971703000077,10.64067459100005],[8.689275742000063,10.566023827000038],[8.718164444000081,10.552614212000037],[8.756309509000062,10.550256729000068],[8.773358345000076,10.566229820000046],[8.764927864000072,10.49880790700007],[8.72921943700004,10.455828667000048],[8.732628822000038,10.442356110000048],[8.739860535000048,10.42889404300007],[8.796814919000042,10.416778564000083],[8.823521614000072,10.383281708000084],[8.773364067000045,10.395070076000081],[8.768287659000066,10.30245018000005],[8.654915810000091,10.21247959100009],[8.629547119000051,10.13605976100007],[8.631061554000041,10.103309631000059],[8.679919243000086,10.00508976000009],[8.66734981500008,9.985228539000047],[8.617712975000074,9.975303650000058],[8.610823631000073,9.957622528000059],[8.63550090800004,9.923970222000037],[8.618143082000074,9.882658958000093],[8.631447792000074,9.761628151000082],[8.59432697300008,9.73102188100006],[8.587653160000059,9.667018890000065],[8.555053711000085,9.663640976000067],[8.566984177000052,9.61397743200007],[8.553649902000075,9.56898403200006],[8.568216324000048,9.503993988000047],[8.602242470000078,9.476547241000048],[8.642338753000047,9.401107788000047],[8.695412636000071,9.37836742400009],[8.693972588000065,9.326180458000067],[8.678983688000073,9.275321960000042],[8.63591671000006,9.24831295000007],[8.65973568000004,9.22355175000007],[8.620715141000062,9.114884377000067],[8.57073020900009,9.063291550000088],[8.554131508000069,9.020359039000084],[8.521719933000043,9.001897812000038],[8.498586655000054,9.011305809000078],[8.466701508000085,9.083438873000091],[8.38731193500007,9.175717354000085],[8.332963943000038,9.17780876200004],[8.288684845000091,9.198684692000086],[8.251033783000082,9.191023827000038],[8.239850998000065,9.144701958000041],[8.160416603000044,9.066604614000084],[8.128138542000045,9.049187660000086],[8.107876778000048,9.052711487000067],[8.096864700000083,9.211285591000092],[8.062506676000055,9.272072792000074],[7.997314930000073,9.314358711000068],[7.9990768430000685,9.354002953000077],[7.94407510800005,9.39887714400004],[7.920670509000047,9.405098915000053],[7.903932095000073,9.391884804000085],[7.826798439000072,9.276432991000092],[7.807906151000054,9.266786575000083],[7.7300548550000485,9.331963539000071],[7.67238903000009,9.411277771000073],[7.589875221000057,9.431607246000056],[7.509752750000075,9.361051559000089],[7.417672157000084,9.367031097000051],[7.388168335000046,9.349822998000093],[7.360388756000077,9.367021561000058],[7.273269176000042,9.349850655000068],[7.257774353000059,9.359358788000065],[7.256255627000087,9.375785828000062],[7.289834023000083,9.409363747000043],[7.289505959000053,9.425436974000093],[7.227951050000058,9.443578720000062],[7.211304188000042,9.500891685000056],[7.220597744000088,9.495765686000084],[7.2609725000000935,9.526887894000083],[7.29461813000006,9.584926605000078],[7.344309330000044,9.606965065000054],[7.347609997000063,9.621936798000092],[7.311440945000072,9.66904068000008],[7.28284215900004,9.684181213000045],[7.288730145000045,9.706050873000038],[7.2710661890000665,9.732126236000056],[7.224803448000046,9.738855362000038],[7.204740047000087,9.758296013000063],[7.220837116000041,9.785883904000059],[7.251719952000087,9.794370651000065],[7.2677016260000755,9.783435822000058],[7.291253567000069,9.80025863600008],[7.297982693000051,9.898673058000043],[7.278636456000072,10.010544777000064],[7.264654636000046,10.032187462000081],[7.232373714000062,10.043349266000064],[7.1886343960000545,10.027367592000076],[7.138165951000076,10.035778999000058],[7.112090588000058,10.026526451000052],[7.06498670600007,10.04250812500004],[6.952273369000068,10.047554970000078],[6.892529488000093,10.093015671000046],[6.885301113000082,10.150844574000075],[6.915019035000057,10.18859481800007],[6.942327023000075,10.180562973000065],[6.954472542000076,10.191998482000088],[6.978470802000061,10.239998817000071],[7.008188725000082,10.242407799000091],[7.049954414000069,10.310679436000044],[7.024765015000071,10.350588799000093],[6.930211067000073,10.365772247000052],[6.928428173000043,10.403036118000045],[6.953519821000043,10.48217868800009],[6.914323330000059,10.536052704000042],[6.882088184000054,10.550831795000079],[6.863134861000049,10.551938057000086],[6.839519024000083,10.53155517600004],[6.838716030000057,10.585369110000045],[6.816628456000046,10.63837909700004],[6.7226552960000845,10.645607948000077],[6.725868225000056,10.589385033000042],[6.636498928000037,10.590010643000085],[6.540331841000068,10.545209885000077],[6.521593094000082,10.572834969000041],[6.5242681500000685,10.595006943000044],[6.482116222000059,10.610178947000065],[6.40172481500008,10.573474884000063],[6.30034971200007,10.474600792000047],[6.2632322310000745,10.45685958900009],[6.250625610000043,10.425708771000075],[6.20138692900008,10.386981964000086],[6.171065331000079,10.384023666000076],[6.147385120000081,10.452065468000058],[6.1323127750000594,10.46408748600004],[6.105004311000073,10.45685958900009],[6.0905470850000825,10.480955124000047],[6.092956543000071,10.546012878000056],[6.121068001000083,10.553241730000082],[6.1274938580000935,10.569305420000092],[6.113036156000078,10.612677574000088],[6.137132168000051,10.669703484000081],[6.091350079000051,10.708256721000055],[6.113036156000078,10.739581108000039],[6.099381924000056,10.770905495000079],[6.108217239000055,10.81347465500005],[6.129099846000088,10.821506500000055],[6.1226744650000455,10.84479904200009],[6.181543827000041,10.872239113000091],[6.207996845000082,10.86884784700004],[6.226310253000065,10.895300865000081],[6.233093262000068,10.940745354000057],[6.271755219000056,10.963129044000084],[6.323304176000079,11.020782471000075],[6.392488956000079,11.033669472000042],[6.411480904000086,11.030278206000048],[6.439290047000043,10.998398781000049],[6.45828199400006,10.99907779700004],[6.471847534000062,11.021460533000038],[6.5077962880000655,11.013320923000038],[6.527466297000046,11.027565002000074],[6.575624466000079,11.02349567400006],[6.606825352000044,11.047235489000059],[6.682114124000066,11.062835693000068],[6.688897133000069,11.094715118000067],[6.706532001000085,11.095393181000077],[6.71399307300004,11.13134193400009],[6.733663559000092,11.147620201000052],[6.732985020000058,11.201883316000078],[6.75435113900005,11.262928009000063],[6.816164970000045,11.309980392000057],[6.828365803000054,11.307539940000083],[6.888557911000078,11.380746841000075],[6.919289112000058,11.383079529000042],[6.968646049000085,11.35692977900004],[7.013246059000039,11.357230186000038],[7.02156209900005,11.314669609000077],[6.967733860000067,11.245169640000086],[7.004116058000079,11.246569633000092],[7.05698585500005,11.223899841000048],[7.1428518300000405,11.145000458000084],[7.163991928000087,11.139380455000037],[7.235478878000038,11.185959816000093],[7.198932171000081,11.254830360000085],[7.206896782000058,11.284540176000064],[7.275116920000073,11.30029010800007],[7.353818893000039,11.273180008000054],[7.392313004000073,11.374830246000045],[7.432147980000082,11.405059814000083],[7.47791290300006,11.408829689000072],[7.507055759000082,11.356015205000062],[7.550295830000039,11.35367107400009],[7.600243568000053,11.320705414000088],[7.623437405000061,11.287673950000055],[7.647493362000091,11.282830238000088],[7.704410076000045,11.311156273000051],[7.746638775000065,11.317387581000048],[7.756755352000084,11.356627464000042],[7.7841458320000925,11.377528191000067],[7.86311721800007,11.378831863000073],[7.98363590200006,11.468000412000038],[8.033166885000071,11.484769821000043],[8.053160667000043,11.479590416000065],[8.121953011000073,11.512140274000046],[8.16475868200007,11.487890244000084]]]}},{"type":"Feature","properties":{"CNTRY_NAME":"Nigeria","CNTRY_CODE":"NGA","ADM1_NAME":"Kano","ADM1_CODE":"NGA020","HRparent":"NG020","Shape_Leng":8.22506831425,"Shape_Area":1.69183002541,"id":"NG-KN","name":"Kano","regionId":"NG-NW","regionName":"North West","regionColor":"#f5f0ff"},"geometry":{"type":"Polygon","coordinates":[[[8.30528068500007,12.588029861000052],[8.31670379600007,12.504119873000093],[8.38177776300006,12.440420151000069],[8.388425827000049,12.476200104000043],[8.465718269000092,12.586520195000048],[8.648221016000093,12.595221519000063],[8.714098930000091,12.57339954400004],[8.712024689000089,12.54804039000004],[8.679654121000056,12.50850009900006],[8.683482170000048,12.478610039000046],[8.707165718000056,12.453570366000065],[8.811756134000063,12.417989731000091],[8.816572189000055,12.405380249000075],[8.742550850000043,12.31812953900004],[8.721372604000067,12.216549873000076],[8.740081787000065,12.219079971000042],[8.807005882000055,12.31315040600009],[8.836263657000075,12.314660072000038],[8.847141266000051,12.282549858000039],[8.863544464000086,12.281599998000047],[8.868009567000058,12.30237960800008],[8.901817322000056,12.316599846000088],[8.890521049000085,12.277319908000038],[8.89663028700005,12.253210068000044],[8.954606056000046,12.196339607000084],[8.96667861900005,12.161950111000067],[8.941417694000052,12.114430428000048],[8.94657421100004,12.06958961500004],[8.974479675000055,12.088350296000044],[9.010920525000074,12.074970245000088],[9.065876007000043,12.082550049000076],[9.093399048000038,12.026459694000039],[9.135657310000056,12.016610146000062],[9.16751766200008,12.10449981700009],[9.213033676000066,12.118869781000058],[9.222861290000083,12.075229645000093],[9.21637058300007,12.024490356000058],[9.223588943000038,12.006159782000054],[9.254176140000084,11.99271011400009],[9.219390869000051,11.960049629000082],[9.23760795600009,11.898090363000051],[9.144889832000047,11.807160378000049],[9.146655083000041,11.750760078000042],[9.160850525000058,11.737119675000088],[9.180657387000053,11.746569633000092],[9.249784470000066,11.742799759000093],[9.233828545000051,11.701160431000062],[9.217450142000075,11.699810028000059],[9.231887817000086,11.66314029700004],[9.276390076000041,11.66252040900008],[9.262815475000082,11.617449760000056],[9.291216850000069,11.58901023900006],[9.36283016200008,11.571459770000047],[9.321299553000074,11.512229919000049],[9.224522591000039,11.473070145000065],[9.194149017000086,11.355250359000081],[9.038694382000074,11.26000022900007],[8.947367668000084,11.171939850000058],[8.900711060000049,11.106320381000046],[8.874505043000056,11.089139938000073],[8.82749080700006,11.100429535000046],[8.801487923000082,11.077440262000039],[8.778155327000093,11.01140976000005],[8.789707184000065,10.947680473000048],[8.764616966000062,10.865280151000093],[8.767881393000039,10.838580132000061],[8.78564453100006,10.797200203000045],[8.82898044600006,10.757820129000038],[8.854420662000052,10.696880341000053],[8.816890717000092,10.603580475000058],[8.756309509000062,10.550256729000068],[8.689275742000063,10.566023827000038],[8.646971703000077,10.64067459100005],[8.608976364000057,10.647934914000075],[8.553771019000067,10.628789902000051],[8.515582085000062,10.654350281000063],[8.508172035000086,10.695245743000044],[8.526842117000058,10.71145916000006],[8.586776733000079,10.714577675000044],[8.567423820000045,10.871660233000057],[8.598995209000066,11.00205993700007],[8.592018127000074,11.068269730000054],[8.543351173000076,11.09348964700007],[8.52052307100007,11.14636039700008],[8.482618332000072,11.16376972200004],[8.434016228000075,11.22045993800009],[8.41502285000007,11.230330467000044],[8.329403877000061,11.212380409000048],[8.276062965000051,11.271249771000043],[8.26761341100007,11.312930107000057],[8.219963074000077,11.309040070000037],[8.13598823500007,11.377400398000077],[8.132845879000058,11.400609970000062],[8.166899681000075,11.459989548000067],[8.156202316000076,11.499270439000043],[8.121953011000073,11.512140274000046],[8.053160667000043,11.479590416000065],[8.00896358500006,11.47698020900009],[7.937151909000079,11.441698074000044],[7.865190029000075,11.379095078000091],[7.777465820000089,11.371832848000054],[7.7370681760000934,11.386520386000086],[7.699106216000075,11.438899994000053],[7.685876846000042,11.483920097000066],[7.6893939970000815,11.516670227000077],[7.734560013000078,11.59156990100007],[7.79749107400005,11.62508964500006],[7.906189919000042,11.64962005600006],[7.9116039280000905,11.66145038600007],[7.8814249040000846,11.724570274000087],[7.872982979000085,11.832679749000079],[7.834989071000052,11.952659607000044],[7.838901043000078,12.127920151000069],[7.82231283200008,12.194620132000068],[7.842838287000063,12.297245026000041],[7.878327847000037,12.332110405000037],[8.13142108900007,12.410795212000039],[8.184671402000049,12.485050201000092],[8.218124390000071,12.578700066000067],[8.273418427000081,12.583386421000057],[8.290033340000093,12.599989891000064],[8.30528068500007,12.588029861000052]]]}},{"type":"Feature","properties":{"CNTRY_NAME":"Nigeria","CNTRY_CODE":"NGA","ADM1_NAME":"Katsina","ADM1_CODE":"NGA021","HRparent":"NG021","Shape_Leng":9.10290353832,"Shape_Area":1.98597752419,"id":"NG-KT","name":"Katsina","regionId":"NG-NW","regionName":"North West","regionColor":"#f5f0ff"},"geometry":{"type":"Polygon","coordinates":[[[7.8768922520000615,13.33164521100008],[8.10668000000004,13.289320000000089],[8.211730000000045,13.218990000000076],[8.25592000000006,13.207560000000058],[8.415629999000089,13.054850000000044],[8.486420000000066,13.06973000000005],[8.531079999000042,13.056650000000047],[8.621290000000045,12.990220000000079],[8.648480000000063,12.938560000000052],[8.969790000000046,12.833050000000071],[9.045212837000065,12.838052173000051],[9.047374725000054,12.818300247000082],[8.980825424000045,12.819569588000093],[8.94311618800009,12.732330322000053],[8.926709175000042,12.721839905000081],[8.75896358500006,12.681509972000072],[8.720284462000052,12.704192162000083],[8.68263244600007,12.698269844000038],[8.650867462000065,12.73031044000004],[8.612127304000069,12.733489990000066],[8.593174934000047,12.807100296000044],[8.546168327000089,12.832119942000077],[8.37717056300005,12.825189590000036],[8.33017635300007,12.844449997000083],[8.171748161000039,12.835289955000064],[8.162396431000047,12.819089890000043],[8.173488617000089,12.760299683000085],[8.143692970000075,12.667886734000092],[8.206247330000053,12.638520241000037],[8.236741066000093,12.647950172000037],[8.26024818400009,12.634289742000078],[8.281357765000052,12.641349792000085],[8.290033340000093,12.599989891000064],[8.277727127000048,12.585391045000051],[8.233366966000062,12.585709572000042],[8.212272644000052,12.57174015000004],[8.188990593000085,12.489789963000078],[8.133535385000073,12.412210464000054],[7.895919800000058,12.337989807000042],[7.862488747000043,12.319871902000045],[7.83920097400005,12.288644791000081],[7.82231283200008,12.194620132000068],[7.838901043000078,12.127920151000069],[7.834989071000052,11.952659607000044],[7.872982979000085,11.832679749000079],[7.8814249040000846,11.724570274000087],[7.9116039280000905,11.66145038600007],[7.906189919000042,11.64962005600006],[7.79749107400005,11.62508964500006],[7.745916843000089,11.600099564000061],[7.69372510900007,11.526140213000076],[7.685876846000042,11.483920097000066],[7.699106216000075,11.438899994000053],[7.7370681760000934,11.386520386000086],[7.771317005000071,11.373660088000065],[7.7528209690000836,11.352942467000048],[7.753345490000072,11.328433037000082],[7.634716034000064,11.281574249000073],[7.540254116000085,11.35854816400007],[7.507055759000082,11.356015205000062],[7.483789921000039,11.405420303000085],[7.439185143000088,11.40740966800007],[7.395816803000059,11.381770134000078],[7.370110035000039,11.333200455000053],[7.358510971000044,11.274370193000038],[7.275116920000073,11.30029010800007],[7.209434032000047,11.28474426300005],[7.198918819000085,11.26058960000006],[7.236639023000066,11.19172954600009],[7.176891804000093,11.14408016200008],[7.146380901000043,11.141570091000062],[7.065213203000042,11.219349861000069],[7.008815765000065,11.244299889000047],[6.970087051000064,11.242879868000045],[7.02156209900005,11.314669609000077],[7.023858070000074,11.336569786000041],[7.006193161000056,11.361789703000056],[6.968646049000085,11.35692977900004],[6.919289112000058,11.383079529000042],[6.888557911000078,11.380746841000075],[6.886931419000064,11.431178093000085],[6.907266617000062,11.475102425000046],[6.895878792000076,11.505198479000057],[6.904489040000044,11.549617767000086],[6.856834888000037,11.588979721000044],[6.852428436000082,11.616435051000053],[6.888473511000086,11.724150658000042],[6.89523506200004,11.791310310000085],[6.996950626000057,11.819943428000045],[7.0545344350000505,11.800853729000039],[7.1301403050000545,11.864724159000048],[7.14356136300006,11.911088943000038],[7.19968652700004,11.906208038000045],[7.241857052000057,11.93330955500005],[7.209447384000043,11.985108376000085],[7.14356136300006,12.01520443000004],[7.093943596000088,12.06075573000004],[7.141934395000078,12.13721561400007],[7.151546955000072,12.188241959000038],[7.1057376860000545,12.289322853000044],[7.066891670000075,12.423247337000078],[7.0231771470000695,12.831866264000041],[7.039038658000038,12.92866134600007],[7.032051989000081,12.995428771000093],[7.136390000000063,13.023160000000075],[7.22788999900007,13.110930000000053],[7.370749999000054,13.098500000000058],[7.426320000000089,13.110490000000084],[7.804100000000062,13.33424000000008],[7.8768922520000615,13.33164521100008]]]}},{"type":"Feature","properties":{"CNTRY_NAME":"Nigeria","CNTRY_CODE":"NGA","ADM1_NAME":"Kebbi","ADM1_CODE":"NGA022","HRparent":"NG022","Shape_Leng":14.4264210061,"Shape_Area":2.98613418111,"id":"NG-KE","name":"Kebbi","regionId":"NG-NW","regionName":"North West","regionColor":"#f5f0ff"},"geometry":{"type":"Polygon","coordinates":[[[4.253547192000042,13.260446548000061],[4.287891865000063,13.230004311000073],[4.345653534000064,13.213612556000044],[4.365168095000058,13.173803329000066],[4.526744843000074,13.140238762000081],[4.602459431000057,13.094965935000062],[4.629779339000038,13.098869324000077],[4.6703686710000625,13.165997505000064],[4.696907997000039,13.16990089400008],[4.708420277000073,13.15612506900004],[4.682274342000085,13.05116748800009],[4.638437271000043,12.984866142000044],[4.723494530000039,12.879307747000041],[4.789359570000045,12.843104362000076],[4.816334248000089,12.774154663000047],[4.77765846300008,12.70332813300007],[4.7794661520000545,12.640058517000057],[4.802363873000047,12.598482132000072],[4.870453835000092,12.533404350000069],[4.851774216000081,12.480379105000054],[4.78308153200004,12.415301323000051],[4.776453495000055,12.329134941000063],[4.752953529000081,12.312262535000059],[4.7240300180000645,12.324916840000071],[4.710773945000085,12.40807056400007],[4.666125393000073,12.443290983000054],[4.623935943000049,12.446304516000055],[4.599901676000059,12.341788292000047],[4.525625706000085,12.287143707000041],[4.51935625100009,12.242212296000048],[4.5517487530000835,12.110551834000091],[4.556973457000083,11.898431778000088],[4.535121441000058,11.863444328000071],[4.531428337000079,11.792203903000086],[4.406538010000077,11.696974754000053],[4.399512768000079,11.676679611000054],[4.4096598630000585,11.656385422000085],[4.4705443380000816,11.593939781000074],[4.497236729000065,11.581740379000053],[4.577776432000064,11.660746574000086],[4.620730877000085,11.656910896000056],[4.639907360000052,11.670718193000084],[4.699737072000062,11.659212112000091],[4.759566307000057,11.680689812000082],[4.795617580000055,11.725177765000069],[4.840106487000071,11.710604668000087],[4.8746232990000635,11.729013443000042],[4.893799305000073,11.71137142200007],[4.99236488300005,11.741286278000075],[5.055262566000067,11.706002235000085],[5.0867114070000525,11.725945473000081],[5.138870716000042,11.722109795000051],[5.175689220000038,11.749723434000089],[5.163416386000051,11.772734642000046],[5.172620773000062,11.783473969000056],[5.221711636000066,11.754325867000091],[5.23475170100005,11.769666672000085],[5.280007362000049,11.770433426000068],[5.298416615000065,11.786541939000074],[5.352876663000075,11.70446777300009],[5.443387985000072,11.702934265000067],[5.469659328000091,11.668608665000079],[5.5415701870000476,11.66573238400008],[5.55978727300004,11.685867310000049],[5.590469360000043,11.670526505000055],[5.671967983000059,11.659978867000063],[5.724702358000059,11.691619873000093],[5.744837284000084,11.681073189000074],[5.76593112900008,11.69353771200008],[5.819306850000089,11.649385452000047],[5.856059074000086,11.64080333700008],[5.921257973000081,11.553551674000062],[6.019056320000061,11.473011971000062],[6.049737930000049,11.393430710000075],[6.04686164900005,11.333984375000057],[6.012344360000043,11.32056140900005],[5.962486744000046,11.330149651000056],[5.931804657000043,11.32056140900005],[5.969198227000049,11.259197235000045],[5.944269180000049,11.212216377000061],[5.960175037000056,11.117856979000067],[5.921074390000058,11.070494652000093],[5.79577732100006,11.043989182000075],[5.74196386300008,11.003829956000061],[5.636746407000089,10.96206378900007],[5.458438873000091,10.953228951000085],[5.42999029200007,11.016810417000045],[5.4423747060000665,11.138765335000073],[5.42149210000008,11.16607379900006],[5.374104023000086,11.191775322000069],[5.333141327000078,11.35642910000007],[5.317881107000062,11.367673874000047],[5.2664771080000605,11.359642029000042],[5.228727341000081,11.333136559000081],[5.238365173000091,11.271290779000083],[5.227120876000072,11.26004600500005],[5.203025341000057,11.330726624000079],[5.105036259000087,11.352413177000074],[5.10102033600009,11.285748482000088],[5.05282926600006,11.205430031000049],[5.058451653000077,11.270487785000057],[5.016685486000085,11.251211166000076],[5.0054411890000665,11.257637024000076],[5.010260105000043,11.274503708000054],[4.9909834860000615,11.286551476000056],[4.958856106000042,11.369279861000052],[4.933957577000058,11.354019165000068],[4.917893887000048,11.370885849000047],[4.890585423000061,11.370885849000047],[4.76594209700005,11.305951118000053],[4.7529788020000865,11.259264946000087],[4.7034063340000785,11.22854328200009],[4.702010155000039,11.192236900000069],[4.746122360000072,11.147592545000066],[4.802551746000063,11.114037514000074],[4.839656353000066,11.113859177000052],[4.908679008000092,11.081920624000077],[4.972215652000045,11.080523491000065],[4.995954514000061,11.053992271000084],[5.046239376000074,11.041686058000039],[5.082210064000037,10.927081108000039],[5.02532625200007,10.890274048000038],[5.028672218000054,10.85932254800008],[5.047075748000054,10.825024605000067],[5.083883286000059,10.817496300000073],[5.108979225000041,10.79574585000006],[5.100878716000068,10.759829521000086],[5.057114124000066,10.739698410000074],[5.020307064000065,10.74639129600007],[5.008595467000077,10.721295357000088],[4.948365211000066,10.701218605000065],[4.941673279000042,10.688670158000093],[4.86220312100005,10.707074165000051],[4.809501648000094,10.697872162000067],[4.814520836000042,10.674449921000075],[4.796117306000042,10.629277229000081],[4.8237223630000585,10.594979286000068],[4.818703175000053,10.507143974000087],[4.853419304000056,10.460297585000092],[4.834179401000085,10.333145142000092],[4.804064274000041,10.296338081000044],[4.731286049000062,10.31474208800006],[4.705353737000053,10.302193642000077],[4.705353737000053,10.252839088000087],[4.669383049000089,10.226069450000068],[4.678584576000048,10.197628021000071],[4.712882519000061,10.16165733300005],[4.710791111000049,10.131542206000063],[4.689877987000045,10.113974571000085],[4.610407829000053,10.135725021000042],[4.526921272000038,10.114263535000077],[4.527485371000068,10.143033981000087],[4.568690777000086,10.246047974000078],[4.541819572000065,10.287129402000062],[4.482961178000039,10.328677177000088],[4.47949886300006,10.421292305000065],[4.510058403000073,10.535167694000052],[4.606965065000054,10.575974464000069],[4.6891913410000825,10.642358780000052],[4.720120430000065,10.815863609000075],[4.741997242000082,10.873195648000092],[4.683156490000044,10.953159332000041],[4.656753540000068,10.955422401000078],[4.62657880800009,10.915440559000047],[4.587351799000089,10.90638828300007],[4.539826393000055,10.919966698000053],[4.419881821000047,10.89431858100005],[4.370847702000049,10.900353432000088],[4.288208485000041,10.928515434000076],[4.288208485000041,10.980448723000052],[4.263107300000058,10.982180595000045],[4.213769913000078,11.030652046000057],[3.993915796000067,11.017668724000089],[3.8909132480000608,11.054022789000044],[3.7939696310000386,11.112880707000045],[3.7515568730000837,11.127595901000063],[3.6919300000000703,11.128140000000087],[3.4711300000000733,11.448570000000075],[3.5579600000000937,11.63188000000008],[3.600060000000042,11.69184000000007],[3.679200000000094,11.758450000000039],[3.665860000000066,11.810470000000066],[3.6267299990000765,11.839370000000088],[3.617670000000089,11.91689000000008],[3.6667000000000485,11.97327000000007],[3.675428754000052,11.999834320000048],[3.636916564000046,12.129789058000085],[3.6410634190000906,12.204252137000083],[3.6580114320000803,12.251670513000079],[3.6497177230000375,12.329198658000053],[3.657470538000041,12.519953953000083],[3.9347688780000567,12.746588552000048],[4.0454718550000734,12.896235901000068],[4.102085431000091,12.998104277000039],[4.134358774000077,13.165420830000073],[4.134191007000084,13.260656968000092],[4.184076786000048,13.25185966500004],[4.232471943000064,13.269812584000078],[4.253547192000042,13.260446548000061]]]}},{"type":"Feature","properties":{"CNTRY_NAME":"Nigeria","CNTRY_CODE":"NGA","ADM1_NAME":"Kogi","ADM1_CODE":"NGA023","HRparent":"NG023","Shape_Leng":10.3512584785,"Shape_Area":2.38103727072,"id":"NG-KO","name":"Kogi","regionId":"NG-NC","regionName":"North Central","regionColor":"#e8eaf6"},"geometry":{"type":"Polygon","coordinates":[[[6.512696743000049,8.398669243000086],[6.608298302000037,8.31409835800008],[6.641391277000082,8.255267143000083],[6.683676720000051,8.212981224000089],[6.690111637000086,8.185403824000048],[6.712633133000054,8.201951027000064],[6.719986916000039,8.27457141900004],[6.730098724000072,8.283763885000042],[6.743887424000093,8.265378952000049],[6.755837917000065,8.268136024000057],[6.761353016000044,8.29295635200009],[6.749403000000086,8.299390793000043],[6.770545483000092,8.33064556100004],[6.790769100000091,8.33064556100004],[6.822942734000037,8.367415428000072],[6.837650776000089,8.396831512000063],[6.824781418000043,8.404185295000048],[6.827260971000044,8.452518463000047],[6.9841747280000845,8.459377289000088],[6.934631348000039,8.31042194400004],[6.964966297000046,8.265378952000049],[7.002655506000053,8.167018890000065],[6.970941544000084,8.030051231000073],[6.9782953260000795,7.985927582000045],[6.952556610000045,7.917903423000041],[6.963587761000042,7.8792948720000595],[7.072845459000064,7.942744732000051],[7.30555391300004,8.025581360000047],[7.505344868000066,8.04719829600009],[7.677225590000091,8.016626358000053],[7.663638115000083,7.90588903400004],[7.752635479000048,7.74419879900006],[7.764121056000079,7.433673382000052],[7.79288721100005,7.414913177000074],[7.848751545000084,7.420332909000081],[7.866261005000069,7.404073715000038],[7.782881737000082,7.20521307000007],[7.6373839380000845,7.132672787000047],[7.60194778400006,7.090566158000058],[7.610285759000078,7.023445129000038],[7.60111379600005,7.01635789900007],[7.543581963000065,7.040121078000084],[7.5305137630000445,7.032278061000056],[7.469736576000059,7.099720955000066],[7.397263527000064,7.090268135000088],[7.384659290000059,7.051668167000059],[7.241288185000087,6.971317291000048],[7.234985828000049,6.9106602670000825],[7.156210423000061,6.883088589000067],[7.0813736920000565,6.800374508000061],[7.041985989000068,6.783043861000067],[6.990782261000049,6.785407066000062],[6.986843109000063,6.844488621000039],[6.963210583000091,6.844488621000039],[6.939578056000073,6.773591042000078],[6.932072639000069,6.76769352000008],[6.92338800400006,6.8019781110000395],[6.896804810000049,6.792390823000062],[6.87828397800007,6.760578156000065],[6.80027818700006,6.6934671400000525],[6.808122635000075,6.580162525000048],[6.664700985000081,6.532356262000064],[6.660110950000046,6.608610630000044],[6.617936134000047,6.7048792840000715],[6.631689072000086,6.769058228000063],[6.6107902530000615,6.822104931000069],[6.672980309000081,6.935661316000051],[6.6772589680000465,7.03407573700008],[6.715768814000057,7.135699272000068],[6.6933050160000676,7.216998100000069],[6.637670040000046,7.294764996000083],[6.514884949000077,7.266996861000052],[6.499695778000046,7.29218721400008],[6.497326851000082,7.333010197000078],[6.4703722000000425,7.363700867000091],[6.442511082000067,7.35677385300005],[6.422241211000085,7.388999939000087],[6.43210601800007,7.397664070000076],[6.422245026000041,7.416828156000065],[6.378143787000056,7.397521019000067],[6.298429012000042,7.497266769000078],[6.2332739830000605,7.473898888000065],[6.17992210400007,7.430033207000065],[6.154314041000077,7.448313236000047],[6.11869812000009,7.446270943000059],[6.112432957000067,7.497035980000078],[6.1658000950000655,7.54206800500009],[6.132105827000089,7.556334019000076],[6.118761063000079,7.5914168360000644],[6.048503876000041,7.580123901000093],[6.004125595000062,7.529235840000069],[5.940000534000092,7.645110130000091],[5.921491146000051,7.7160930630000735],[5.928739071000052,7.746604443000081],[5.842608452000093,7.728582859000085],[5.8010244370000805,7.733303547000048],[5.780241966000062,7.74577283900004],[5.791615486000069,7.782068729000059],[5.755774975000065,7.795639515000062],[5.728981495000085,7.82834863700009],[5.6426858900000525,7.8286962510000535],[5.623199463000049,7.842963219000069],[5.598841667000045,7.95187664000008],[5.609628677000046,7.9661436080000385],[5.645469666000054,7.963011742000049],[5.6475572590000525,7.9861583710000446],[5.667391300000077,8.008595467000077],[5.643033504000073,8.048263550000058],[5.659736156000065,8.069837570000061],[5.576571941000054,8.071229935000076],[5.5087184910000815,8.017642975000058],[5.514633656000058,8.104982376000066],[5.497963905000063,8.110664368000073],[5.53274250000004,8.146844864000059],[5.537089825000066,8.205533981000087],[5.5123100280000585,8.21640205400007],[5.466228008000087,8.20249080700006],[5.42231988900005,8.228139877000046],[5.418407440000067,8.283785820000048],[5.404496193000057,8.292045593000068],[5.362761497000065,8.27335262300005],[5.353197575000081,8.309869766000077],[5.322829723000041,8.344395638000037],[5.396627426000066,8.438260078000042],[5.503032207000047,8.534453392000046],[5.524109840000051,8.536930084000062],[5.6428518300000405,8.462919235000072],[5.704662323000093,8.445839882000087],[5.805511951000085,8.425507545000073],[5.912054062000038,8.42388057700009],[6.0405559540000695,8.392975807000084],[6.0779676440000685,8.397855759000038],[6.111312866000048,8.431200981000075],[6.125139236000052,8.555635452000047],[6.169870377000052,8.662991524000063],[6.208536148000064,8.732375145000049],[6.246574879000093,8.738791466000066],[6.302649021000093,8.727760315000069],[6.358722687000068,8.684555054000043],[6.405604362000076,8.611934662000067],[6.452945709000062,8.448308945000065],[6.512696743000049,8.398669243000086]]]}},{"type":"Feature","properties":{"CNTRY_NAME":"Nigeria","CNTRY_CODE":"NGA","ADM1_NAME":"Kwara","ADM1_CODE":"NGA024","HRparent":"NG024","Shape_Leng":12.0544560302,"Shape_Area":2.76547673047,"id":"NG-KW","name":"Kwara","regionId":"NG-NC","regionName":"North Central","regionColor":"#e8eaf6"},"geometry":{"type":"Polygon","coordinates":[[[3.715393782000092,10.089399338000078],[3.730682373000093,10.068286896000075],[3.735050440000066,10.08794307700009],[3.743058920000067,10.084303856000076],[3.7750921250000715,10.03334140800007],[3.7881965640000885,10.038437843000054],[3.784556389000045,10.062462807000088],[3.818045616000063,10.066830635000088],[3.83303499200008,10.047019005000038],[3.864133835000075,10.050292969000054],[3.903416395000079,10.019194603000074],[3.8903222080000432,10.015920639000058],[3.887048721000042,9.988095284000053],[3.9214208130000543,9.999552727000037],[3.949246168000059,9.99136924700008],[3.9541563990000554,9.983184814000083],[3.934515238000074,9.970090866000078],[3.9705240730000924,9.948813438000059],[3.934515238000074,9.927535057000057],[3.93615198100008,9.916077614000073],[3.9826362130000916,9.898727417000089],[4.002277851000088,9.906583786000056],[4.020609379000064,9.860754013000076],[4.078224182000042,9.854207039000073],[4.095246315000054,9.87777710000006],[4.114887714000076,9.881705284000077],[4.127982140000086,9.851588249000088],[4.152861118000089,9.86206340800004],[4.1711926460000655,9.82016277300005],[4.282493591000048,9.694458008000083],[4.350583553000092,9.58839511900004],[4.443552017000059,9.509829521000086],[4.5011668210000835,9.440430641000091],[4.6097269060000485,9.361758232000057],[4.6170501710000735,9.330439568000088],[4.639310360000081,9.308178902000066],[4.737516880000044,9.268896103000088],[4.75453949000007,9.24794578600006],[4.751920700000085,9.17985630000004],[4.785332680000067,9.135293961000059],[4.828239918000065,9.134222031000093],[4.971552849000091,9.20058345800004],[5.016323090000071,9.205331802000046],[5.159452915000088,9.106972694000092],[5.20897197700009,9.035068512000066],[5.323272228000064,8.992332458000078],[5.370077610000067,8.996402740000065],[5.457583427000088,8.968590736000067],[5.473863602000051,8.947562218000087],[5.525417805000075,8.94010067000005],[5.64203834500006,8.835411072000056],[5.728248119000057,8.819958687000053],[5.774606228000039,8.753267288000075],[5.795752048000054,8.74188137100009],[6.084474087000046,8.760587692000058],[6.131645203000062,8.751641273000075],[6.149538040000039,8.720735550000086],[6.2032160760000465,8.73456192000009],[6.125139236000052,8.555635452000047],[6.111312866000048,8.431200981000075],[6.082657814000072,8.40176391600005],[6.0405559540000695,8.392975807000084],[5.912054062000038,8.42388057700009],[5.782739639000056,8.427947044000064],[5.6428518300000405,8.462919235000072],[5.513207436000073,8.53852272000006],[5.396627426000066,8.438260078000042],[5.322829723000041,8.344395638000037],[5.353197575000081,8.309869766000077],[5.356675148000079,8.274656296000046],[5.397105694000061,8.292045593000068],[5.418407440000067,8.283785820000048],[5.42231988900005,8.228139877000046],[5.466228008000087,8.20249080700006],[5.5123100280000585,8.21640205400007],[5.537089825000066,8.205533981000087],[5.53274250000004,8.146844864000059],[5.497963905000063,8.114674568000055],[5.371161938000057,8.09648799900009],[5.357989788000054,8.034016609000048],[5.33239936800004,8.009554863000062],[5.202939987000093,8.017081261000044],[5.127672672000074,8.062994003000085],[5.075738430000058,8.024984360000076],[5.044290543000045,8.069961548000038],[4.9733853340000564,8.018116951000081],[4.9669046400000525,8.046708107000086],[4.926877499000057,8.079873085000088],[4.861309052000081,8.094740868000088],[4.851778984000077,8.091691017000073],[4.852541447000078,8.068056107000075],[4.818613529000061,8.053569794000055],[4.766197205000083,8.068056107000075],[4.687286377000078,8.057001114000059],[4.665557384000067,8.043276787000082],[4.633916855000052,8.057001114000059],[4.628961086000061,8.074536324000064],[4.557268143000044,8.058665276000056],[4.505629063000072,8.091959000000088],[4.477091312000084,8.218339920000062],[4.391735077000078,8.304002762000039],[4.209143639000047,8.680658340000093],[4.190364361000093,8.753309250000086],[4.194975853000074,8.81633091000009],[4.221106529000053,8.860906601000067],[4.321018219000052,8.942373276000069],[4.3348522190000836,8.980800629000044],[4.316407204000086,8.997709274000044],[4.253385544000082,8.96696662900007],[4.210460186000091,8.970032692000075],[4.0120601650000935,9.03459930400004],[3.99054050400008,9.04843330400007],[3.9444272520000823,9.148345947000053],[3.921370745000047,9.172939301000042],[3.8629605770000808,9.188310623000064],[3.826070070000071,9.18216228500006],[3.77073431000008,9.146808624000073],[3.7538261410000473,9.120677948000093],[3.7430663110000637,9.046896935000063],[3.7200098040000853,9.013080597000055],[3.5247972010000694,8.928539276000038],[3.3879947660000767,8.84246158600007],[3.237358332000042,8.782514572000082],[3.1835596560000567,8.811718941000038],[3.1635773180000797,8.808645248000062],[3.1036300660000506,8.75023460400007],[3.014477968000051,8.71026992800006],[2.9207143780000706,8.61189556100004],[2.802357197000049,8.61035823800006],[2.7587640290000763,8.561583519000067],[2.738930000000039,8.650730000000067],[2.746090000000038,8.735200000000077],[2.7284100000000535,8.772680000000037],[2.7633800000000406,8.809780000000046],[2.7568200000000616,8.859630000000038],[2.773550000000057,8.894720000000063],[2.759740000000079,8.912220000000048],[2.781780000000083,8.945230000000038],[2.771180000000072,8.952830000000063],[2.7857700000000705,8.964050000000043],[2.7886100000000624,8.987690000000043],[2.772260000000074,9.007490000000075],[2.7826800000000844,9.016190000000051],[2.7809200000000374,9.065200000000061],[2.867590000000064,9.062150000000088],[2.891460000000052,9.08021000000008],[2.9533800000000383,9.092600000000061],[2.984110000000044,9.072350000000085],[3.0081500000000574,9.073920000000044],[3.0835400000000845,9.09791000000007],[3.120920000000069,9.188110000000052],[3.126350000000059,9.252190000000041],[3.1571700000000646,9.282460000000071],[3.136220000000094,9.462840000000085],[3.1545600000000604,9.492900000000077],[3.1948900000000435,9.51511000000005],[3.2534400000000687,9.609870000000058],[3.2635000000000787,9.652360000000044],[3.3096100000000774,9.657530000000065],[3.34860000000009,9.685230000000047],[3.324230000000057,9.76135000000005],[3.3296600000000467,9.798800000000085],[3.3568400000000906,9.825840000000085],[3.42390000000006,9.850690000000043],[3.5389500000000567,9.869180000000085],[3.6023100000000454,9.957440000000076],[3.615720000000067,10.075980000000072],[3.6582800000000475,10.103170000000091],[3.678950000000043,10.169750000000079],[3.7073855400000753,10.143273354000087],[3.715393782000092,10.089399338000078]]]}},{"type":"Feature","properties":{"CNTRY_NAME":"Nigeria","CNTRY_CODE":"NGA","ADM1_NAME":"Lagos","ADM1_CODE":"NGA025","HRparent":"NG025","Shape_Leng":4.23014402627,"Shape_Area":0.301632762973,"id":"NG-LA","name":"Lagos","regionId":"NG-SW","regionName":"South West","regionColor":"#fffbeb"},"geometry":{"type":"Polygon","coordinates":[[[3.3171129230000815,6.667160511000077],[3.344873428000085,6.665226936000067],[3.3766951560000393,6.638493538000091],[3.457663536000041,6.639433384000085],[3.444489241000042,6.664900303000081],[3.465073347000043,6.664749622000045],[3.4633374210000625,6.683959961000085],[4.091480732000093,6.6789927480000415],[4.0952310560000456,6.6515192990000855],[4.050481319000085,6.619155884000065],[4.06493806800006,6.562396049000085],[4.103037834000077,6.545907974000045],[4.1622371670000575,6.59218215900006],[4.2117605210000875,6.581735134000041],[4.22873306300005,6.557616234000079],[4.2247128490000705,6.543100357000071],[4.156153679000056,6.498784542000067],[4.16001272200009,6.481776714000091],[4.213389397000071,6.464474678000045],[4.243409634000045,6.436183453000069],[4.34339857100008,6.435808182000073],[4.3508377080000855,6.371523829000068],[4.044345855000074,6.4199881550000555],[3.8129940030000853,6.435247898000057],[3.409288168000046,6.4088940620000585],[3.3950052270000697,6.394197940000083],[2.904880047000063,6.391888142000084],[2.7096040250000897,6.368820190000065],[2.7062800000000493,6.425610000000063],[2.7196114060000696,6.459384918000069],[2.7444109920000415,6.44907522200009],[2.8062970640000913,6.458824635000042],[2.8421854970000595,6.4439888000000565],[2.859586239000066,6.4677472110000735],[2.8893990520000443,6.476109028000053],[2.892274857000075,6.501963139000054],[3.0958666800000856,6.497777462000045],[3.1795160770000734,6.5098490720000655],[3.2051351070000464,6.536102772000049],[3.1968979840000884,6.576189518000092],[3.240591049000045,6.618102074000092],[3.24184107800005,6.659866333000082],[3.2598617080000736,6.6909341810000456],[3.3171129230000815,6.667160511000077]]]}},{"type":"Feature","properties":{"CNTRY_NAME":"Nigeria","CNTRY_CODE":"NGA","ADM1_NAME":"Nasarawa","ADM1_CODE":"NGA026","HRparent":"NG026","Shape_Leng":9.3492368081,"Shape_Area":2.19082208198,"id":"NG-NA","name":"Nassarawa","regionId":"NG-NC","regionName":"North Central","regionColor":"#e8eaf6"},"geometry":{"type":"Polygon","coordinates":[[[8.062506676000055,9.272072792000074],[8.102149963000045,9.19719028500009],[8.107876778000048,9.052711487000067],[8.128138542000045,9.049187660000086],[8.160416603000044,9.066604614000084],[8.23825931500005,9.139926910000042],[8.251033783000082,9.191023827000038],[8.288684845000091,9.198684692000086],[8.327677727000037,9.181332588000089],[8.381496429000038,9.177421570000092],[8.446608543000082,9.112617493000073],[8.50434589400004,9.001431465000053],[8.53326129900006,9.004377365000039],[8.623450279000053,9.12101841000009],[8.657807350000041,9.207689285000072],[8.667521477000037,9.18986988100005],[8.761064529000066,9.166996956000048],[8.760068893000039,9.10517692600007],[8.79190254200006,9.083423615000072],[8.794041634000052,9.037186623000082],[8.929887772000086,9.016190529000085],[9.060153961000083,9.020597458000054],[9.068227768000042,8.941252708000093],[9.045955658000082,8.92288970900006],[9.018040657000086,8.859873772000071],[8.958789825000053,8.849521637000066],[8.945146561000058,8.799559593000083],[8.903882980000049,8.779159546000074],[8.891933441000049,8.740353584000047],[8.91394710500009,8.686176300000056],[8.940243721000058,8.66723060600009],[8.951176643000053,8.62131214100009],[8.980529785000044,8.60117340100004],[8.97900390600006,8.530584335000071],[9.013636589000043,8.512063026000078],[9.05413055400004,8.516071320000037],[9.06379318200004,8.49348068200004],[9.102123260000042,8.469862938000063],[9.101093292000087,8.43885135700009],[9.128458977000037,8.430414200000087],[9.174925804000054,8.467226028000084],[9.288908005000053,8.460703850000073],[9.336265564000087,8.478251457000056],[9.380579948000047,8.478287697000042],[9.463170052000066,8.434550285000057],[9.61850643200006,8.387319565000041],[9.615386963000049,8.294836044000078],[9.49250984200006,8.30393981900005],[9.389717102000077,8.34910965000006],[9.367830276000063,8.344078064000087],[9.323423386000059,8.253451347000066],[9.329566956000065,8.236310005000064],[9.411823273000039,8.176929474000076],[9.386946678000072,8.148825645000045],[9.39503669700008,8.093748093000045],[9.415376663000075,8.061924934000047],[9.319115639000074,7.976533413000084],[9.179125786000043,7.908083439000052],[9.132690430000082,7.991333961000066],[9.062466621000056,8.074473381000075],[8.910846710000044,8.056263924000064],[8.78053665200008,8.07520198800006],[8.503683090000038,8.158167839000043],[8.39050674400005,8.077907562000064],[8.363452911000081,8.016584396000042],[8.363452911000081,7.946243763000041],[8.405386925000073,7.861023426000088],[8.392920494000066,7.820144653000057],[8.41199398000009,7.776416779000044],[8.403155327000093,7.766182899000057],[8.183121681000046,7.85317277900009],[8.072406769000054,7.877362251000079],[7.877028942000038,7.983425140000065],[7.505344868000066,8.04719829600009],[7.393178463000083,8.041861534000077],[7.253840923000041,8.015047073000062],[7.072845459000064,7.942744732000051],[6.966546535000077,7.879061222000075],[6.952556610000045,7.917903423000041],[6.9782953260000795,7.985927582000045],[6.970941544000084,8.030051231000073],[7.002655506000053,8.167018890000065],[6.964966297000046,8.265378952000049],[6.934631348000039,8.31042194400004],[6.9841747280000845,8.459377289000088],[7.116741180000076,8.466221809000047],[7.342399597000053,8.51043891900008],[7.477623463000043,8.63133335100008],[7.591669083000056,8.834875107000073],[7.588679314000046,9.129055977000064],[7.667605877000085,9.303650856000047],[7.7300548550000485,9.331963539000071],[7.7999777790000735,9.268548965000093],[7.819245338000087,9.269936562000055],[7.901639462000048,9.389019012000063],[7.938289642000086,9.403336525000043],[7.993228912000063,9.359293938000064],[8.000838280000039,9.306430817000091],[8.062506676000055,9.272072792000074]]]}},{"type":"Feature","properties":{"CNTRY_NAME":"Nigeria","CNTRY_CODE":"NGA","ADM1_NAME":"Niger","ADM1_CODE":"NGA027","HRparent":"NG027","Shape_Leng":18.7061334227,"Shape_Area":5.92888353535,"id":"NG-NI","name":"Niger","regionId":"NG-NC","regionName":"North Central","regionColor":"#e8eaf6"},"geometry":{"type":"Polygon","coordinates":[[[4.929941654000061,11.35723209400004],[4.958856106000042,11.369279861000052],[4.966084957000078,11.362051010000073],[5.011866570000052,11.252014160000044],[5.052025795000077,11.27289772000006],[5.062467575000085,11.262455940000052],[5.048813343000063,11.227918625000086],[5.057648182000094,11.20462608300005],[5.1002173420000645,11.279322624000088],[5.105036259000087,11.352413177000074],[5.203025341000057,11.330726624000079],[5.227120876000072,11.26004600500005],[5.238365173000091,11.271290779000083],[5.228727341000081,11.333136559000081],[5.279327869000042,11.36365795100005],[5.329850674000056,11.362885475000041],[5.374104023000086,11.191775322000069],[5.42149210000008,11.16607379900006],[5.4423747060000665,11.138765335000073],[5.428720951000059,11.039973259000078],[5.452816486000074,10.956441879000067],[5.65682601900005,10.966882706000092],[5.74196386300008,11.003829956000061],[5.79577732100006,11.043989182000075],[5.91143608100009,11.064871788000062],[5.985329628000045,11.144387245000075],[6.015850544000045,11.137962341000048],[6.052797318000046,11.04318618800005],[6.1146426200000406,11.001420021000058],[6.159621239000046,10.925920486000052],[6.164440155000079,10.872910500000046],[6.154562473000055,10.855394363000073],[6.1226744650000455,10.84479904200009],[6.131098270000052,10.824039459000062],[6.107414246000076,10.809458733000042],[6.110244274000081,10.735857964000047],[6.091350079000051,10.70022487600005],[6.137132168000051,10.669703484000081],[6.113036156000078,10.612677574000088],[6.1274938580000935,10.569305420000092],[6.121068001000083,10.553241730000082],[6.0905470850000825,10.537981033000051],[6.086531162000085,10.515491486000087],[6.105004311000073,10.45685958900009],[6.129734516000042,10.463544846000048],[6.147385120000081,10.452065468000058],[6.168456078000077,10.383769035000057],[6.2150087360000725,10.393771172000072],[6.249577999000053,10.421519279000051],[6.261818886000071,10.45467472100006],[6.298572540000066,10.47051334400004],[6.311894417000076,10.493394852000051],[6.374429703000089,10.537257195000052],[6.396561623000082,10.572518349000063],[6.4800930020000465,10.60946464500006],[6.51968908300006,10.599586487000067],[6.525071621000052,10.564486504000058],[6.549167156000067,10.545209885000077],[6.64706993100009,10.593429565000065],[6.725868225000056,10.589385033000042],[6.713820457000054,10.634363174000043],[6.7226552960000845,10.645607948000077],[6.8029742240000814,10.643198967000046],[6.829479218000074,10.62472534200009],[6.844338417000074,10.528343201000041],[6.869102478000059,10.555356979000067],[6.912609100000054,10.537981033000051],[6.953519821000043,10.48217868800009],[6.926263332000076,10.37011528000005],[7.020236492000038,10.35405159000004],[7.050757408000038,10.317104340000071],[7.045938492000062,10.291402817000062],[7.019433022000044,10.273732185000085],[7.008188725000082,10.242407799000091],[6.982486725000058,10.244014740000068],[6.954472542000076,10.191998482000088],[6.928672791000054,10.180562973000065],[6.915019035000057,10.18859481800007],[6.888347626000041,10.153129578000062],[6.882088184000054,10.117111206000061],[6.901178837000089,10.07638168300008],[6.952273369000068,10.047554970000078],[7.06498670600007,10.04250812500004],[7.112090588000058,10.026526451000052],[7.250727177000044,10.03941726700009],[7.2777953150000485,10.016432762000079],[7.300506115000076,9.862504005000062],[7.288730145000045,9.840633392000086],[7.291253567000069,9.80025863600008],[7.273589611000091,9.783435822000058],[7.251719952000087,9.794370651000065],[7.223962307000079,9.787641525000083],[7.204740047000087,9.758296013000063],[7.224803448000046,9.738855362000038],[7.280318737000073,9.72455596900005],[7.282001019000063,9.69175148000005],[7.342563152000082,9.632871628000089],[7.346904755000082,9.61065483100009],[7.29461813000006,9.584926605000078],[7.2609725000000935,9.526887894000083],[7.212387085000046,9.492226601000084],[7.221594334000088,9.447816849000048],[7.28503227200008,9.429871559000048],[7.289763451000056,9.412825584000075],[7.259282589000065,9.379418373000078],[7.260588169000073,9.356288910000046],[7.360388756000077,9.367021561000058],[7.388168335000046,9.349822998000093],[7.219758034000051,9.113510132000044],[7.015266895000082,9.268970490000072],[6.788054466000062,9.270166397000082],[6.778522491000047,8.457550049000076],[6.827889919000086,8.457550049000076],[6.824781418000043,8.404185295000048],[6.836731434000058,8.391315460000044],[6.807315350000067,8.34259510000004],[6.790769100000091,8.33064556100004],[6.772384167000041,8.335241318000044],[6.766868591000048,8.308583260000091],[6.751241207000078,8.30490589100009],[6.761353016000044,8.27273273500009],[6.749403000000086,8.263540268000042],[6.730098724000072,8.283763885000042],[6.719986916000039,8.27457141900004],[6.712633133000054,8.201951027000064],[6.691258430000062,8.183006287000069],[6.683676720000051,8.212981224000089],[6.641391277000082,8.255267143000083],[6.608298302000037,8.31409835800008],[6.452945709000062,8.448308945000065],[6.398250580000081,8.629400253000085],[6.358722687000068,8.684555054000043],[6.302649021000093,8.727760315000069],[6.246574879000093,8.738791466000066],[6.149538040000039,8.720735550000086],[6.131645203000062,8.751641273000075],[6.084474087000046,8.760587692000058],[5.795752048000054,8.74188137100009],[5.774606228000039,8.753267288000075],[5.728248119000057,8.819958687000053],[5.64203834500006,8.835411072000056],[5.525417805000075,8.94010067000005],[5.473863602000051,8.947562218000087],[5.445373535000044,8.972661018000053],[5.370077610000067,8.996402740000065],[5.323272228000064,8.992332458000078],[5.20897197700009,9.035068512000066],[5.159452915000088,9.106972694000092],[5.016323090000071,9.205331802000046],[4.971552849000091,9.20058345800004],[4.828239918000065,9.134222031000093],[4.785332680000067,9.135293961000059],[4.751920700000085,9.17985630000004],[4.75453949000007,9.24794578600006],[4.737516880000044,9.268896103000088],[4.639310360000081,9.308178902000066],[4.6170501710000735,9.330439568000088],[4.6097269060000485,9.361758232000057],[4.5011668210000835,9.440430641000091],[4.443552017000059,9.509829521000086],[4.350583553000092,9.58839511900004],[4.282493591000048,9.694458008000083],[4.1711926460000655,9.82016277300005],[4.152861118000089,9.86206340800004],[4.118815899000083,9.855516434000037],[4.124053478000064,9.875158310000074],[4.114887714000076,9.881705284000077],[4.095246315000054,9.87777710000006],[4.0834617610000805,9.851588249000088],[4.038941383000065,9.864683151000065],[4.027156830000081,9.856825829000059],[4.002277851000088,9.906583786000056],[3.9852552410000612,9.89348983800005],[3.9800174240000388,9.906583786000056],[3.9459724430000733,9.907893181000077],[3.934515238000074,9.927535057000057],[3.96888732900004,9.942265511000073],[3.965613842000039,9.956996918000073],[3.934515238000074,9.966817856000091],[3.95251965500006,9.978275299000074],[3.949246168000059,9.99136924700008],[3.9214208130000543,9.999552727000037],[3.887048721000042,9.988095284000053],[3.8903222080000432,10.015920639000058],[3.903416395000079,10.019194603000074],[3.864133835000075,10.050292969000054],[3.83303499200008,10.047019005000038],[3.818045616000063,10.066830635000088],[3.784556389000045,10.062462807000088],[3.7881965640000885,10.038437843000054],[3.7750921250000715,10.03334140800007],[3.735050440000066,10.08794307700009],[3.736506701000053,10.068286896000075],[3.715393782000092,10.089399338000078],[3.703017235000061,10.15273761700007],[3.6725100000000452,10.183800000000076],[3.6463000000000534,10.189410000000066],[3.5977400000000443,10.241770000000088],[3.5846200000000863,10.275140000000079],[3.6338000000000648,10.390360000000044],[3.6376500000000647,10.427590000000066],[3.6877100000000382,10.456360000000075],[3.786000000000058,10.405380000000036],[3.8061700000000656,10.503000000000043],[3.850970000000075,10.599810000000048],[3.8409800000000587,10.704920000000072],[3.7971600000000763,10.735460000000046],[3.7493800000000874,10.825560000000053],[3.7690000000000623,10.898820000000057],[3.766240000000039,10.96321000000006],[3.7517700000000787,11.010630000000049],[3.718990000000076,11.023180000000082],[3.7171800000000417,11.034690000000069],[3.7275200000000837,11.117650000000083],[3.719530642000052,11.126928662000068],[3.7515568730000837,11.127595901000063],[3.8909132480000608,11.054022789000044],[3.993915796000067,11.017668724000089],[4.213769913000078,11.030652046000057],[4.25618267100009,10.985642433000066],[4.288208485000041,10.980448723000052],[4.288208485000041,10.928515434000076],[4.370847702000049,10.900353432000088],[4.419881821000047,10.89431858100005],[4.539826393000055,10.919966698000053],[4.587351799000089,10.90638828300007],[4.62657880800009,10.915440559000047],[4.656753540000068,10.955422401000078],[4.683156490000044,10.953159332000041],[4.741997242000082,10.873195648000092],[4.720120430000065,10.815863609000075],[4.6891913410000825,10.642358780000052],[4.606965065000054,10.575974464000069],[4.510058403000073,10.535167694000052],[4.47949886300006,10.421292305000065],[4.482961178000039,10.328677177000088],[4.566055775000052,10.25683498400008],[4.567442417000052,10.222948074000044],[4.527485371000068,10.143033981000087],[4.526921272000038,10.114263535000077],[4.610407829000053,10.135725021000042],[4.668128014000047,10.113138199000048],[4.699916363000057,10.119830132000061],[4.712882519000061,10.156638145000045],[4.669383049000089,10.226069450000068],[4.705353737000053,10.252839088000087],[4.705353737000053,10.302193642000077],[4.731286049000062,10.31474208800006],[4.804064274000041,10.296338081000044],[4.834179401000085,10.333145142000092],[4.853419304000056,10.460297585000092],[4.818703175000053,10.507143974000087],[4.8237223630000585,10.594979286000068],[4.796117306000042,10.629277229000081],[4.814520836000042,10.674449921000075],[4.806992054000091,10.692852974000061],[4.814520836000042,10.70456409500008],[4.86220312100005,10.707074165000051],[4.909048557000062,10.687833786000056],[4.941673279000042,10.688670158000093],[4.979317188000039,10.717112541000063],[5.008595467000077,10.721295357000088],[5.020307064000065,10.74639129600007],[5.049585342000057,10.738025665000066],[5.096431255000084,10.75977516200004],[5.1073060040000655,10.785707474000048],[5.099777222000057,10.808294296000042],[5.047075748000054,10.825024605000067],[5.028672218000054,10.85932254800008],[5.02532625200007,10.890274048000038],[5.082210064000037,10.927081108000039],[5.062970161000067,11.012407303000089],[5.0406398770000465,11.051897049000047],[4.995954514000061,11.053992271000084],[4.979896069000063,11.080523491000065],[4.908679008000092,11.081920624000077],[4.839656353000066,11.113859177000052],[4.788587570000061,11.118925095000066],[4.702010155000039,11.192236900000069],[4.69921731900007,11.222259521000069],[4.7529788020000865,11.259264946000087],[4.767641544000071,11.30255317700005],[4.890585423000061,11.370885849000047],[4.917893887000048,11.370885849000047],[4.929941654000061,11.35723209400004]]]}},{"type":"Feature","properties":{"CNTRY_NAME":"Nigeria","CNTRY_CODE":"NGA","ADM1_NAME":"Ogun","ADM1_CODE":"NGA028","HRparent":"NG028","Shape_Leng":9.62590963846,"Shape_Area":1.36249143423,"id":"NG-OG","name":"Ogun","regionId":"NG-SW","regionName":"South West","regionColor":"#fffbeb"},"geometry":{"type":"Polygon","coordinates":[[[2.84612846400006,7.929880142000059],[2.9175071720000574,7.926123619000066],[2.8913052080000625,7.89995050400006],[2.8794507980000503,7.822867393000081],[2.915317059000074,7.785369396000078],[2.9117310050000924,7.752919674000054],[2.95244550700005,7.779732704000082],[2.9828767780000476,7.8580513000000565],[3.011776209000061,7.819944859000088],[3.0260906220000834,7.758609295000042],[2.992769957000064,7.684332848000054],[3.000262022000072,7.6675672530000725],[2.974993467000047,7.620222569000077],[2.978760004000094,7.5912499430000935],[3.0644719600000485,7.51976585400007],[3.0822112560000505,7.438624382000057],[3.155272961000094,7.378180027000042],[3.24914431600007,7.367492199000083],[3.2869958880000922,7.324523449000083],[3.3193759920000616,7.314007282000091],[3.385852337000074,7.404760361000058],[3.3930828570000813,7.4558320050000475],[3.4459295270000894,7.493793488000051],[3.4665839670000764,7.4711456300000805],[3.4600143430000685,7.452629089000084],[3.482859612000084,7.417232037000076],[3.4727330210000673,7.391195297000081],[3.499470711000072,7.396333694000077],[3.5405197140000837,7.439661026000067],[3.707649469000046,7.444986820000054],[3.7053737640000577,7.392282963000071],[3.7197937970000794,7.384133816000087],[3.714381933000084,7.308269501000041],[3.7601397040000393,7.3011913300000515],[3.763602257000059,7.230483055000093],[3.793044567000038,7.1448416710000515],[3.781495810000081,7.1212182040000584],[3.7274343970000814,7.096852303000048],[3.731213093000065,7.080647469000041],[3.9389209750000873,7.083908081000061],[3.9975509640000837,7.126167297000052],[4.045901775000061,7.138350010000067],[4.085114956000041,7.131877899000074],[4.17115640600008,7.170710564000046],[4.197892666000087,7.04916238800007],[4.2187738420000755,7.047115803000054],[4.268486023000094,7.088352680000071],[4.297514915000079,7.0905885700000795],[4.3650755880000816,7.059700966000094],[4.37865686400005,7.026067734000037],[4.374319553000078,6.998856068000066],[4.390379906000078,6.98085498800009],[4.424521446000085,7.002435207000076],[4.488862038000093,6.99177551300005],[4.516273499000079,7.0226130490000855],[4.604598999000075,7.031369686000062],[4.5607070920000865,6.983715534000055],[4.547595501000046,6.840522289000091],[4.418231487000071,6.760396481000043],[4.392501354000046,6.718702316000076],[4.389039040000057,6.674362183000085],[4.3761510850000604,6.657670021000058],[4.387431622000065,6.630032063000044],[4.454317093000043,6.607318401000043],[4.499382019000052,6.506921768000041],[4.547004700000059,6.613371849000089],[4.578370094000093,6.642169952000074],[4.59512090700008,6.63118267100009],[4.588255882000055,6.536082745000044],[4.605220795000093,6.492155075000085],[4.564331055000082,6.498971462000043],[4.559962273000053,6.450932503000047],[4.537003517000073,6.411100388000079],[4.507308006000073,6.41555261600007],[4.474944115000085,6.399676323000051],[4.474683285000083,6.388328075000061],[4.514828205000072,6.397127151000063],[4.594156742000052,6.369241238000086],[4.595837593000056,6.335711002000039],[4.578468323000038,6.308424473000059],[4.5561227800000665,6.3077902790000735],[4.497422218000054,6.359172821000072],[4.448021889000074,6.34436607400005],[4.3508377080000855,6.371523829000068],[4.3508377080000855,6.427625179000074],[4.337199211000041,6.439527988000066],[4.263808727000082,6.443560600000069],[4.249984264000091,6.433753490000072],[4.2187547680000534,6.4597659110000905],[4.168302059000041,6.474201679000089],[4.156153679000056,6.498784542000067],[4.222256660000085,6.537740707000069],[4.2253832820000525,6.561189175000038],[4.199584961000085,6.588473797000063],[4.169150352000088,6.592352867000045],[4.116402626000081,6.563422680000087],[4.109479427000053,6.546896935000063],[4.071724892000077,6.56243562700007],[4.0538058280000655,6.6143541340000525],[4.0578689580000855,6.633930206000059],[4.089633942000091,6.648335457000087],[4.092404366000039,6.6751146320000885],[4.078526974000056,6.679176331000065],[3.4633374210000625,6.683959961000085],[3.465073347000043,6.664749622000045],[3.4448213580000697,6.668221474000063],[3.4542920590000676,6.6444768910000676],[3.3766951560000393,6.638493538000091],[3.344873428000085,6.665226936000067],[3.3171129230000815,6.667160511000077],[3.262877703000072,6.696602821000056],[3.2413773540000648,6.654182911000078],[3.240007639000055,6.616025448000073],[3.199406862000046,6.580310822000058],[3.2051351070000464,6.536102772000049],[3.1795160770000734,6.5098490720000655],[3.0958666800000856,6.497777462000045],[2.892274857000075,6.501963139000054],[2.8893990520000443,6.476109028000053],[2.859586239000066,6.4677472110000735],[2.8421854970000595,6.4439888000000565],[2.7992324830000825,6.460095882000076],[2.747943401000043,6.449357986000052],[2.7137942310000653,6.459021091000068],[2.724710000000073,6.526390000000049],[2.753120000000081,6.570470000000057],[2.731420000000071,6.630790000000047],[2.78490000000005,6.693270000000041],[2.789700000000039,6.738930000000039],[2.7787100000000464,6.759200000000078],[2.744670000000042,6.763670000000047],[2.7293200000000866,6.79015000000004],[2.7492500000000746,6.839300000000037],[2.751510000000053,6.912420000000054],[2.747880000000066,6.928290000000061],[2.72004000000004,6.934810000000084],[2.72064000000006,6.986530000000073],[2.79260000000005,7.041280000000086],[2.7450900000000615,7.092680000000087],[2.784870000000069,7.159230000000093],[2.774250000000052,7.234420000000057],[2.7506000000000768,7.257480000000044],[2.7475800000000845,7.417440000000056],[2.785810000000083,7.41871000000009],[2.7996800000000803,7.437970000000064],[2.7929300000000694,7.49452000000008],[2.749490000000094,7.527500000000089],[2.730290000000082,7.5801700000000665],[2.729460000000074,7.792220000000043],[2.6855910650000396,7.867809065000074],[2.7601428030000648,7.903457165000077],[2.781178713000088,7.947564125000042],[2.8102087970000866,7.950581551000084],[2.84612846400006,7.929880142000059]]]}},{"type":"Feature","properties":{"CNTRY_NAME":"Nigeria","CNTRY_CODE":"NGA","ADM1_NAME":"Ondo","ADM1_CODE":"NGA029","HRparent":"NG029","Shape_Leng":7.66649508716,"Shape_Area":1.22713537117,"id":"NG-ON","name":"Ondo","regionId":"NG-SW","regionName":"South West","regionColor":"#fffbeb"},"geometry":{"type":"Polygon","coordinates":[[[5.926039696000089,7.731815338000047],[5.937628269000072,7.648777008000081],[6.004090309000048,7.535572052000077],[5.95421886400004,7.515233040000055],[5.948815823000075,7.496039867000093],[5.963303089000078,7.46036386500009],[5.9872598650000555,7.447926998000071],[5.968483925000044,7.414854050000088],[5.986694813000042,7.355247974000065],[5.91930818600008,7.337144852000051],[5.923961163000058,7.2962799070000415],[5.895890236000071,7.253396034000048],[5.899414062000062,7.213146210000048],[5.883665085000075,7.192872047000037],[5.893909931000053,7.185792923000065],[5.860455036000076,7.126026154000044],[5.842559814000083,7.118010998000045],[5.852578163000089,7.0939989090000495],[5.821990013000061,7.079123020000054],[5.804257870000072,7.048537254000053],[5.78564214700009,6.968341351000049],[5.799811840000075,6.921328545000051],[5.771480083000085,6.847302437000053],[5.770835400000067,6.79651403400004],[5.726479530000063,6.769490719000089],[5.702557564000074,6.736117363000062],[5.667370796000057,6.727612019000048],[5.6292533870000625,6.745868206000068],[5.582198143000085,6.704056263000041],[5.564489365000043,6.720578671000055],[5.561419964000038,6.772269726000047],[5.543577671000094,6.812798977000057],[5.549027443000057,6.83314323400009],[5.571213245000081,6.845269680000058],[5.570152283000084,6.869271278000042],[5.555240154000046,6.883038998000075],[5.254822254000089,6.883221626000079],[5.201615810000078,6.780433655000081],[5.145293713000058,6.737647057000061],[5.1159577370000875,6.677465916000074],[5.114416599000037,6.621132374000069],[5.136910439000076,6.577858925000044],[5.162112236000041,6.561973095000042],[5.151069641000049,6.49393653900006],[5.102981091000061,6.442285538000078],[5.098885059000054,6.397403240000074],[5.075731277000045,6.377276897000058],[5.049193382000055,6.382441998000047],[5.029245377000052,6.363563061000093],[5.0349450110000475,6.332928658000071],[5.013073444000042,6.2985754010000505],[5.049714088000087,6.251429558000041],[5.073347569000077,6.239534855000045],[5.075622559000067,6.213434219000078],[5.085182667000083,6.216088295000077],[5.092422962000057,6.19828033400006],[5.109939575000055,6.19542789500008],[5.115489960000048,6.206108570000083],[5.137146950000044,6.176264286000048],[5.087879181000062,6.1013021470000695],[5.012680054000043,5.942235470000071],[4.972363982000047,5.894415779000042],[4.9090461730000925,5.975481033000051],[4.75022602100006,6.1290187840000385],[4.5293221480000625,6.30478572800007],[4.456810160000089,6.340274765000061],[4.490937233000068,6.358213902000045],[4.571910381000066,6.303260803000057],[4.594925880000062,6.332935810000038],[4.598449707000043,6.366196156000058],[4.5821022990000415,6.378123283000093],[4.514828205000072,6.397127151000063],[4.477510929000061,6.387575150000089],[4.474944115000085,6.399676323000051],[4.5008230210000875,6.4145936970000434],[4.531466007000063,6.4064531330000705],[4.559962273000053,6.450932503000047],[4.564331055000082,6.498971462000043],[4.603319168000041,6.490877151000063],[4.588248730000089,6.532358646000091],[4.600756168000089,6.618286610000041],[4.582542419000049,6.642193317000078],[4.564508438000075,6.633782864000068],[4.512100697000051,6.5540833470000734],[4.499382019000052,6.506921768000041],[4.491026878000071,6.508722305000049],[4.458051682000075,6.602722168000071],[4.3770551680000835,6.645117283000047],[4.388823509000076,6.713141918000076],[4.422841549000054,6.765038967000066],[4.548316002000092,6.844217300000082],[4.564349174000085,6.995739937000053],[4.6095857620000515,7.031077862000075],[4.613949776000084,7.0800404550000735],[4.630479813000079,7.10875606500008],[4.67295551300009,7.140385628000047],[4.669123650000074,7.162525177000077],[4.708982468000045,7.164592743000071],[4.742083549000085,7.21463728000009],[4.778379917000052,7.357036114000039],[4.853374004000045,7.376842499000077],[4.989670277000073,7.37759733200005],[5.006279945000074,7.392001629000049],[5.0162758830000485,7.428529739000055],[5.053199291000055,7.45828199400006],[5.217449665000061,7.43426084500004],[5.314757824000083,7.443110466000064],[5.346626282000045,7.3814215660000855],[5.362881660000085,7.292869091000057],[5.381466389000082,7.285584927000059],[5.481499672000041,7.304606438000064],[5.521214485000087,7.332527637000055],[5.599372864000088,7.450227261000066],[5.621859074000042,7.575005531000045],[5.653100967000057,7.62596368800007],[5.6886172290000445,7.632442951000087],[5.699404240000092,7.682898045000059],[5.716454983000062,7.700992584000062],[5.773028374000091,7.747318745000086],[5.816439152000044,7.7278490070000885],[5.919446945000061,7.750246048000065],[5.926039696000089,7.731815338000047]]]}},{"type":"Feature","properties":{"CNTRY_NAME":"Nigeria","CNTRY_CODE":"NGA","ADM1_NAME":"Osun","ADM1_CODE":"NGA030","HRparent":"NG030","Shape_Leng":4.5500661282,"Shape_Area":0.700545839562,"id":"NG-OS","name":"Osun","regionId":"NG-SW","regionName":"South West","regionColor":"#fffbeb"},"geometry":{"type":"Polygon","coordinates":[[[4.9497499470000434,8.055476189000046],[4.9669046400000525,8.046708107000086],[4.969192028000066,8.024216652000064],[4.9810094830000935,8.025741577000076],[5.03704738600004,8.070724487000064],[5.049627304000069,8.064624786000081],[5.0564889910000375,8.03107833900009],[5.020274162000078,7.960935593000045],[4.942035198000042,7.899925709000058],[4.911100864000048,7.850109577000069],[4.914290428000072,7.783000469000058],[4.863861561000078,7.622681618000058],[4.9022479060000705,7.576392651000049],[4.952418804000047,7.447825909000073],[5.006159306000086,7.413699627000085],[4.999823093000089,7.385963917000083],[4.943352222000044,7.369954109000048],[4.821870327000056,7.372974396000075],[4.778379917000052,7.357036114000039],[4.7564306260000535,7.302436352000086],[4.746673107000049,7.22297334700005],[4.711748600000078,7.16737794900007],[4.675593376000052,7.166254520000052],[4.669262409000055,7.137595177000037],[4.626796722000051,7.104118824000068],[4.61074829100005,7.035215378000089],[4.522364616000061,7.024516582000047],[4.488862038000093,6.99177551300005],[4.438227177000044,7.004719734000048],[4.390379906000078,6.98085498800009],[4.376018524000074,6.99479675300006],[4.3650755880000816,7.059700966000094],[4.297514915000079,7.0905885700000795],[4.264981747000093,7.086045742000067],[4.203627586000039,7.046032429000093],[4.17115640600008,7.170710564000046],[4.073244095000064,7.135548592000077],[4.081381798000052,7.200964451000061],[4.125375748000067,7.2577915190000795],[4.135321140000087,7.405701160000092],[4.165897369000049,7.50626182600007],[4.138718605000065,7.59866857500009],[4.0933732990000635,7.621484280000061],[4.05292892500006,7.674966812000093],[4.074169636000079,7.681563377000089],[4.074849129000086,7.729125977000081],[4.061939240000072,7.748830318000046],[4.089797497000063,7.863659382000037],[4.1307187080000745,7.848859787000038],[4.197049618000051,7.865252018000092],[4.191331387000048,7.910234451000065],[4.234026909000079,7.931201458000089],[4.235551834000091,7.956361294000089],[4.276341438000088,7.9712286000000745],[4.328186035000044,7.9350132940000435],[4.367285252000045,7.849197865000065],[4.400997162000067,7.898416996000037],[4.433019161000061,7.8915553090000685],[4.44979238500008,7.938063145000058],[4.49591875100009,7.9433999060000815],[4.54966926600008,7.970847130000038],[4.563011646000064,8.008968353000057],[4.559199810000052,8.048995018000085],[4.62171840700006,8.07567977900004],[4.659458160000042,8.045564651000063],[4.766197205000083,8.068056107000075],[4.818613529000061,8.053569794000055],[4.85749721500008,8.072630882000055],[4.854066372000091,8.095502853000085],[4.926877499000057,8.079873085000088],[4.9497499470000434,8.055476189000046]]]}},{"type":"Feature","properties":{"CNTRY_NAME":"Nigeria","CNTRY_CODE":"NGA","ADM1_NAME":"Oyo","ADM1_CODE":"NGA031","HRparent":"NG031","Shape_Leng":8.51730622282,"Shape_Area":2.27119025668,"id":"NG-OY","name":"Oyo","regionId":"NG-SW","regionName":"South West","regionColor":"#fffbeb"},"geometry":{"type":"Polygon","coordinates":[[[4.210460186000091,8.970032692000075],[4.253385544000082,8.96696662900007],[4.316407204000086,8.997709274000044],[4.3348522190000836,8.980800629000044],[4.321018219000052,8.942373276000069],[4.221106529000053,8.860906601000067],[4.194975853000074,8.81633091000009],[4.190364361000093,8.753309250000086],[4.259768486000041,8.575006485000074],[4.391735077000078,8.304002762000039],[4.477091312000084,8.218339920000062],[4.505629063000072,8.091959000000088],[4.568998337000039,8.054756165000072],[4.560724735000065,8.053951263000044],[4.557293892000075,7.980758667000089],[4.501255512000057,7.9472122190000505],[4.44979238500008,7.938063145000058],[4.4288258550000705,7.889267921000055],[4.397185326000056,7.89651107800006],[4.367285252000045,7.849197865000065],[4.328186035000044,7.9350132940000435],[4.276341438000088,7.9712286000000745],[4.235551834000091,7.956361294000089],[4.234026909000079,7.931201458000089],[4.191331387000048,7.910234451000065],[4.202767849000054,7.868682861000082],[4.1307187080000745,7.848859787000038],[4.089797497000063,7.867748737000056],[4.061259747000065,7.7542657850000865],[4.075528622000093,7.688357830000086],[4.057183266000038,7.679524899000057],[4.0933732990000635,7.621484280000061],[4.138718605000065,7.59866857500009],[4.165897369000049,7.50626182600007],[4.135321140000087,7.405701160000092],[4.129712105000067,7.276762486000052],[4.091084480000063,7.222248077000074],[4.071991920000073,7.162779331000081],[4.085450649000052,7.151198387000079],[4.071053028000051,7.142121792000069],[4.085114956000041,7.131877899000074],[4.045901775000061,7.138350010000067],[3.9975509640000837,7.126167297000052],[3.9389209750000873,7.083908081000061],[3.731213093000065,7.080647469000041],[3.7274343970000814,7.096852303000048],[3.781495810000081,7.1212182040000584],[3.793044567000038,7.1448416710000515],[3.763602257000059,7.230483055000093],[3.762294531000066,7.30091619500007],[3.7143466470000703,7.30479431200007],[3.7197937970000794,7.384133816000087],[3.7053737640000577,7.392282963000071],[3.707093000000043,7.447305202000052],[3.5457525250000685,7.44080448200009],[3.502980947000083,7.399219513000048],[3.474449635000042,7.3888735770000835],[3.482859612000084,7.417232037000076],[3.459404945000074,7.449734688000092],[3.4665839670000764,7.4711456300000805],[3.4534826280000743,7.494930744000044],[3.4424312110000415,7.492065430000082],[3.3930828570000813,7.4558320050000475],[3.385852337000074,7.404760361000058],[3.3240284920000818,7.315152168000054],[3.2869958880000922,7.324523449000083],[3.24914431600007,7.367492199000083],[3.1616246700000374,7.375266552000085],[3.0822112560000505,7.438624382000057],[3.0644719600000485,7.51976585400007],[2.978760004000094,7.5912499430000935],[2.974993467000047,7.620222569000077],[3.000262022000072,7.6675672530000725],[2.9898512360000495,7.6791081430000645],[3.002648354000087,7.687849522000079],[2.9968791010000473,7.698830605000069],[3.0084893700000634,7.699457645000052],[3.0255231860000436,7.7626614570000925],[3.0259585380000544,7.791800976000047],[2.9898326400000883,7.855184078000093],[2.950112820000072,7.776247501000057],[2.9186923500000717,7.751790047000043],[2.912436962000072,7.792307854000057],[2.880011082000067,7.816498756000044],[2.8907136920000767,7.8964724540000475],[2.918653250000091,7.92149448400005],[2.8420674800000825,7.930441856000073],[2.800349236000045,7.952856541000074],[2.781178713000088,7.947564125000042],[2.762470245000088,7.905204773000037],[2.7258260250000603,7.880725384000073],[2.685593286000085,7.867810249000058],[2.668432039000038,7.8897809440000515],[2.70455000000004,7.9681000000000495],[2.754100000000051,8.211310000000083],[2.7185000000000628,8.253640000000075],[2.698120000000074,8.307180000000074],[2.6969800000000532,8.354720000000043],[2.714010000000087,8.387240000000077],[2.706950000000063,8.42032000000006],[2.7406800000000544,8.445020000000056],[2.7618400000000634,8.505330000000072],[2.749460000000056,8.53314000000006],[2.761227131000055,8.570055962000083],[2.802357197000049,8.61035823800006],[2.9207143780000706,8.61189556100004],[3.014477968000051,8.71026992800006],[3.1036300660000506,8.75023460400007],[3.1635773180000797,8.808645248000062],[3.1835596560000567,8.811718941000038],[3.237358332000042,8.782514572000082],[3.3879947660000767,8.84246158600007],[3.5247972010000694,8.928539276000038],[3.7200098040000853,9.013080597000055],[3.7430663110000637,9.046896935000063],[3.7538261410000473,9.120677948000093],[3.77073431000008,9.146808624000073],[3.826070070000071,9.18216228500006],[3.8629605770000808,9.188310623000064],[3.921370745000047,9.172939301000042],[3.9444272520000823,9.148345947000053],[3.99054050400008,9.04843330400007],[4.0120601650000935,9.03459930400004],[4.210460186000091,8.970032692000075]]]}},{"type":"Feature","properties":{"CNTRY_NAME":"Nigeria","CNTRY_CODE":"NGA","ADM1_NAME":"Plateau","ADM1_CODE":"NGA032","HRparent":"NG032","Shape_Leng":8.50914891427,"Shape_Area":2.18205311979,"id":"NG-PL","name":"Plateau","regionId":"NG-NC","regionName":"North Central","regionColor":"#e8eaf6"},"geometry":{"type":"Polygon","coordinates":[[[8.793389320000074,10.38465023000009],[8.826342583000041,10.382704735000061],[8.870192528000075,10.357634544000064],[8.92977047000005,10.352089882000087],[8.954892159000053,10.308810234000077],[8.929701805000093,10.228540421000048],[8.976065636000044,10.184269905000065],[8.95654010800007,10.023170471000071],[8.997632980000049,10.009550095000066],[9.202039719000084,10.04757976500008],[9.251268387000039,10.024669647000053],[9.291314125000042,9.908687592000092],[9.286881447000042,9.879532814000072],[9.255299568000055,9.812493324000059],[9.150382996000076,9.747989655000083],[9.231891632000043,9.693694115000085],[9.26753425600009,9.714580536000085],[9.279338837000068,9.709314346000042],[9.294490814000085,9.673307419000082],[9.287670135000042,9.633451462000039],[9.314202309000052,9.622058868000067],[9.335479736000082,9.578601837000065],[9.394767761000082,9.54648590100004],[9.408265114000073,9.504613876000064],[9.462371826000037,9.501225471000055],[9.508749962000081,9.539963722000039],[9.55082225800004,9.50515174900005],[9.645879745000059,9.524072647000082],[9.669681549000074,9.518152237000038],[9.777699471000062,9.551204681000058],[9.816847801000051,9.593439102000048],[9.853553772000055,9.606744766000077],[9.962291718000074,9.61270999900006],[9.991197586000055,9.63840293900006],[9.962291718000074,9.726954460000059],[9.965962410000088,9.770541191000063],[10.055268288000093,9.760041237000053],[10.128379822000056,9.723846436000088],[10.162529945000074,9.652004242000089],[10.275620461000074,9.664747238000075],[10.382749557000068,9.598074913000062],[10.488900185000091,9.552595139000061],[10.57894039200005,9.43883323700004],[10.559869766000077,9.351113319000092],[10.580260277000093,9.326922417000048],[10.579890251000052,9.251615524000044],[10.61048698400009,9.18953704800009],[10.617739677000088,9.141327858000068],[10.633660316000089,9.130452156000047],[10.622525215000053,9.094029427000066],[10.64003658300004,9.073219299000073],[10.627225876000068,9.019009590000053],[10.596746445000065,8.976116180000076],[10.46893596600006,8.963446617000045],[10.406956673000082,8.934706688000063],[10.325076103000072,8.856629372000043],[10.224076271000058,8.784611702000063],[9.997756958000082,8.540867805000062],[9.86944675400008,8.431289673000038],[9.756654739000055,8.36734199500006],[9.559233665000079,8.401512146000073],[9.355316162000065,8.48295784000004],[9.288908005000053,8.460703850000073],[9.174925804000054,8.467226028000084],[9.132393837000052,8.428657532000045],[9.101093292000087,8.43885135700009],[9.102123260000042,8.469862938000063],[9.06379318200004,8.49348068200004],[9.05413055400004,8.516071320000037],[9.013636589000043,8.512063026000078],[8.988257408000038,8.522885323000082],[8.974966049000045,8.541358948000038],[8.983431816000063,8.596580505000077],[8.951176643000053,8.62131214100009],[8.940243721000058,8.66723060600009],[8.91394710500009,8.686176300000056],[8.891933441000049,8.740353584000047],[8.904410362000078,8.755034447000071],[8.900554657000043,8.775506973000063],[8.945146561000058,8.799559593000083],[8.958789825000053,8.849521637000066],[9.010616302000074,8.853753090000055],[9.023541451000085,8.865909576000092],[9.045955658000082,8.92288970900006],[9.07189464600009,8.945277214000043],[9.062741280000068,9.01822853100009],[9.044990540000072,9.027093887000092],[8.929887772000086,9.016190529000085],[8.79815483100009,9.031578064000087],[8.789483070000074,9.05242824600009],[8.79943847700008,9.071156502000065],[8.764093399000046,9.101494789000071],[8.764998436000042,9.165241241000047],[8.748991966000062,9.178043365000065],[8.667521477000037,9.18986988100005],[8.655309677000048,9.228500366000048],[8.638195992000078,9.240692139000089],[8.648664474000043,9.264323235000063],[8.684395790000053,9.283283234000066],[8.698085785000046,9.320570946000089],[8.695412636000071,9.37836742400009],[8.642338753000047,9.401107788000047],[8.602242470000078,9.476547241000048],[8.568216324000048,9.503993988000047],[8.555624008000052,9.547332764000089],[8.567339897000068,9.606271744000082],[8.555053711000085,9.663640976000067],[8.587653160000059,9.667018890000065],[8.59432697300008,9.73102188100006],[8.629613876000064,9.75961589800005],[8.619621277000078,9.892376900000045],[8.635857582000085,9.916263580000077],[8.610823631000073,9.957622528000059],[8.617712975000074,9.975303650000058],[8.66176033000005,9.981120110000063],[8.679919243000086,10.00508976000009],[8.62869358100005,10.112859726000067],[8.646013260000075,10.196640015000071],[8.768287659000066,10.30245018000005],[8.771792412000082,10.393340111000043],[8.793389320000074,10.38465023000009]]]}},{"type":"Feature","properties":{"CNTRY_NAME":"Nigeria","CNTRY_CODE":"NGA","ADM1_NAME":"Rivers","ADM1_CODE":"NGA033","HRparent":"NG033","Shape_Leng":5.95228523201,"Shape_Area":0.839322647419,"id":"NG-RI","name":"Rivers","regionId":"NG-SS","regionName":"South South","regionColor":"#ecfeff"},"geometry":{"type":"Polygon","coordinates":[[[6.712041855000052,5.489194870000063],[6.7413597110000865,5.494053841000039],[6.749948978000077,5.476490021000075],[6.744081974000039,5.449101925000093],[6.762536049000062,5.410212994000062],[6.75579500200007,5.323452950000046],[6.827092648000075,5.252425671000083],[6.903954983000062,5.219525814000065],[7.039992332000054,5.249618053000063],[7.215114594000056,5.195929527000089],[7.24213504800008,5.1958670620000476],[7.26391744600005,5.21561050400004],[7.274950027000045,5.209591866000039],[7.291069031000063,5.160048008000047],[7.2569308280000655,5.079692364000039],[7.241197109000041,4.9940090180000425],[7.217877865000048,4.961559772000044],[7.168517113000064,4.94475221600004],[7.140429020000056,4.900634766000053],[7.205420017000051,4.858627796000064],[7.240856171000075,4.856948853000063],[7.319794178000052,4.879632950000087],[7.373507023000059,4.862891197000067],[7.416359901000078,4.866746902000045],[7.4867548940000574,4.827636719000054],[7.525195599000085,4.779658318000088],[7.523907185000041,4.756148815000074],[7.5470981600000755,4.726191044000075],[7.517953396000053,4.676873684000043],[7.5196962360000725,4.63103437400008],[7.545081139000047,4.5795769690000725],[7.523955822000062,4.55061960200004],[7.552378178000083,4.514445305000038],[7.587333679000039,4.494837761000042],[7.5810341830000425,4.4571342460000665],[7.414186955000048,4.437006951000058],[7.309514046000061,4.449685097000042],[7.308085919000064,4.422988891000045],[7.205116272000055,4.38735199000007],[7.141837120000048,4.384405136000055],[7.130410194000092,4.411935806000088],[7.1407651900000815,4.40694284500006],[7.1642732620000515,4.457480908000093],[7.140978336000046,4.476191044000075],[7.026340008000091,4.436543942000071],[7.017930984000088,4.458343029000048],[6.991503239000053,4.465525151000065],[7.013041973000043,4.403095722000046],[7.0051341050000815,4.387417793000054],[7.014224053000078,4.398043155000039],[6.99628305400006,4.372845173000087],[6.870450020000078,4.394063950000088],[6.859226227000079,4.360167980000085],[6.713893890000065,4.350628853000046],[6.621676921000073,4.323048115000063],[6.603456021000056,4.336948871000061],[6.548765091000064,4.327053470000067],[6.54457283000005,4.354928017000077],[6.514143944000068,4.3689417840000715],[6.512575150000089,4.431702137000059],[6.54986238500004,4.510221481000087],[6.54501676600006,4.53348016700005],[6.566337109000074,4.5538315770000395],[6.543078423000054,4.568368435000082],[6.548893452000073,4.5862970350000865],[6.511964798000065,4.643144131000042],[6.607241154000064,4.746353149000072],[6.537438869000084,4.755611897000051],[6.461060047000046,4.713280201000089],[6.44142198600008,4.745329857000058],[6.444660187000068,4.775567055000067],[6.429982185000085,4.7658739090000495],[6.422863960000086,4.777152061000038],[6.398394108000048,4.864480019000041],[6.440640926000071,4.943194866000056],[6.41156101200005,5.00458192800005],[6.493334770000047,5.163454056000091],[6.558826447000058,5.198422909000044],[6.549230099000056,5.212652206000087],[6.566636086000074,5.236972809000065],[6.530881882000074,5.284537792000037],[6.563159943000073,5.320212841000057],[6.569632053000078,5.372142792000091],[6.485476971000082,5.379205227000057],[6.476556778000088,5.404050827000049],[6.534836769000037,5.45897436100006],[6.530831337000052,5.531958580000094],[6.542584896000051,5.549243450000063],[6.587871552000081,5.567911148000064],[6.6213459970000486,5.64256477400005],[6.606566906000069,5.6800088880000885],[6.633620262000079,5.730035782000073],[6.673841476000064,5.720951080000077],[6.639080048000039,5.4934458730000415],[6.712041855000052,5.489194870000063]]]}},{"type":"Feature","properties":{"CNTRY_NAME":"Nigeria","CNTRY_CODE":"NGA","ADM1_NAME":"Sokoto","ADM1_CODE":"NGA034","HRparent":"NG034","Shape_Leng":10.4126716568,"Shape_Area":2.68442991536,"id":"NG-SO","name":"Sokoto","regionId":"NG-NW","regionName":"North West","regionColor":"#f5f0ff"},"geometry":{"type":"Polygon","coordinates":[[[5.99800151900007,13.740623781000068],[6.1406004890000645,13.685001326000076],[6.216594225000051,13.714141115000075],[6.265570319000062,13.717392703000087],[6.414376166000068,13.63935768400006],[6.498594658000059,13.554998612000077],[6.5260361070000386,13.502475909000054],[6.675531720000038,13.357635345000062],[6.789279999000087,13.165540000000078],[6.783568382000055,13.153952599000093],[6.682679176000079,13.083901405000063],[6.60729789700008,13.066769600000043],[6.478997231000051,13.089612007000085],[6.361927986000069,13.152430534000075],[6.270175934000065,13.15623760200009],[6.2542548180000495,13.031505585000048],[6.1515874860000395,13.07491493200007],[6.027902603000086,13.021341324000048],[6.006457329000057,12.893908501000055],[6.045502186000078,12.75411605800008],[6.035686970000086,12.742388725000069],[6.020989895000071,12.736789703000056],[5.923010349000037,12.771082878000072],[5.837627888000043,12.834070206000092],[5.8131327630000555,12.839669228000048],[5.752245426000059,12.817273140000054],[5.690658092000092,12.742388725000069],[5.686459064000076,12.70879554700008],[5.766942501000074,12.483442307000075],[5.759012222000081,12.343367577000038],[5.741840839000076,12.332352638000089],[5.725650787000063,12.274886131000073],[5.71031856500008,12.267368317000091],[5.653055668000093,12.292035103000046],[5.61253118500008,12.274415970000064],[5.4375896170000715,12.253438459000051],[5.218606283000042,12.285582802000079],[5.068934187000082,12.277546716000074],[4.98154175600007,12.300650463000068],[4.951128591000042,12.249313554000082],[4.956428988000084,12.029432571000086],[4.92930719900005,11.779309405000049],[4.92930719900005,11.741137998000056],[4.942946379000091,11.732523779000076],[4.893799305000073,11.71137142200007],[4.8746232990000635,11.729013443000042],[4.840106487000071,11.710604668000087],[4.795617580000055,11.725177765000069],[4.778742790000081,11.694496155000081],[4.749594688000059,11.674552917000085],[4.689765453000064,11.656910896000056],[4.645276546000048,11.67225170100005],[4.620730877000085,11.656910896000056],[4.577776432000064,11.660746574000086],[4.505674362000093,11.585576057000083],[4.4705443380000816,11.593939781000074],[4.4096598630000585,11.656385422000085],[4.399512768000079,11.685266495000064],[4.521280766000075,11.776592255000082],[4.538453102000062,11.817961693000086],[4.536891937000064,11.86167335500005],[4.556973457000083,11.898431778000088],[4.5517487530000835,12.110551834000091],[4.51935625100009,12.242212296000048],[4.524580956000079,12.281919479000067],[4.540247440000087,12.305634499000064],[4.599901676000059,12.341788292000047],[4.623935943000049,12.446304516000055],[4.666125393000073,12.443290983000054],[4.710773945000085,12.40807056400007],[4.7240300180000645,12.324916840000071],[4.752953529000081,12.312262535000059],[4.776453495000055,12.329134941000063],[4.78308153200004,12.415301323000051],[4.851774216000081,12.480379105000054],[4.869248867000067,12.54244327500004],[4.802363873000047,12.598482132000072],[4.7794661520000545,12.640058517000057],[4.776453495000055,12.697302818000082],[4.816334248000089,12.774154663000047],[4.792849064000052,12.836561203000088],[4.706047058000081,12.898500443000046],[4.638437271000043,12.984866142000044],[4.682274342000085,13.05116748800009],[4.702822685000058,13.166943550000042],[4.6703686710000625,13.165997505000064],[4.618851662000054,13.091844559000037],[4.570456505000038,13.10511398300008],[4.526744843000074,13.140238762000081],[4.365168095000058,13.173803329000066],[4.345653534000064,13.213612556000044],[4.287891865000063,13.230004311000073],[4.232471943000064,13.269812584000078],[4.184076786000048,13.25185966500004],[4.134191007000084,13.260656968000092],[4.133817881000084,13.47246834200007],[4.231359105000081,13.472828938000077],[4.463794097000061,13.677650980000067],[4.567410000000052,13.724330000000066],[4.870760000000075,13.782480000000078],[4.909520000000043,13.748610000000042],[4.987079999000059,13.742910000000052],[5.000189996000074,13.732395998000072],[5.080601302000048,13.747299818000045],[5.280589762000091,13.740367809000077],[5.354415657000061,13.838109136000071],[5.464288001000057,13.869303176000074],[5.523737705000087,13.900613168000064],[5.770551734000037,13.805191886000046],[5.99800151900007,13.740623781000068]]]}},{"type":"Feature","properties":{"CNTRY_NAME":"Nigeria","CNTRY_CODE":"NGA","ADM1_NAME":"Taraba","ADM1_CODE":"NGA035","HRparent":"NG035","Shape_Leng":13.8723736745,"Shape_Area":4.87090040669,"id":"NG-TA","name":"Taraba","regionId":"NG-NE","regionName":"North East","regionColor":"#f3e8ff"},"geometry":{"type":"Polygon","coordinates":[[[10.838215828000045,9.618465424000078],[10.973056793000069,9.591659546000074],[10.98471164700004,9.56548500100007],[11.020428658000071,9.54949283600007],[11.16134738900007,9.551022530000068],[11.22245216400006,9.569261551000068],[11.278014183000039,9.54734897600008],[11.429598808000037,9.549625397000057],[11.520966530000067,9.413883209000062],[11.557318687000077,9.380875587000048],[11.59625625600006,9.379207611000083],[11.64774704000007,9.30539989500005],[11.700067520000061,9.210051537000083],[11.696887016000062,9.101727486000073],[11.710347176000084,9.071190834000049],[11.785987854000041,9.023372650000056],[11.856493950000072,9.002615929000058],[11.89326572400006,8.945323944000052],[11.89980220800004,8.857208252000078],[11.861358643000074,8.803520203000062],[11.780634880000036,8.61720657300009],[11.795369148000077,8.549666405000039],[11.785982132000072,8.52222824100005],[11.730189323000047,8.470869064000055],[11.655931473000066,8.430993080000064],[11.52298641200008,8.215049744000055],[11.362566948000051,8.064387321000083],[11.34625721000009,8.041541100000074],[11.354290009000067,8.026648521000084],[11.341521263000061,8.018668175000073],[11.411566734000075,7.898370743000044],[11.48981380500004,7.799793720000082],[11.51419353500006,7.815756321000038],[11.541168213000049,7.892353535000041],[11.578268051000066,7.9059987070000375],[11.636000633000037,7.876118183000074],[11.687712669000064,7.795908451000059],[11.747658730000069,7.7442841530000806],[11.77159881600005,7.665281773000061],[11.762950897000053,7.547452450000037],[11.77193546300009,7.487935543000049],[11.888101474000052,7.3325987180000425],[11.844942797000044,7.273928768000076],[11.847773793000044,7.253238966000083],[11.878171638000083,7.249345970000093],[11.855894203000048,7.19321584700009],[11.879223771000056,7.09825187000007],[11.86747359800006,7.077407322000056],[11.837228477000053,7.087402492000081],[11.827243550000048,7.067574921000073],[11.803733708000038,7.082345134000093],[11.77922665200009,7.046604989000059],[11.719061319000048,7.0467840590000606],[11.65931282300005,6.990698317000067],[11.630932559000087,6.989131389000079],[11.623411503000057,6.950771037000038],[11.604785114000038,6.935607017000052],[11.607628262000048,6.913678093000044],[11.574265996000065,6.900731697000083],[11.555924064000067,6.86490051800007],[11.556508198000074,6.851491321000083],[11.579287933000046,6.842182292000075],[11.591159233000042,6.804363393000074],[11.569635566000045,6.774892502000057],[11.585226634000037,6.739458735000085],[11.550820613000042,6.71581098900009],[11.554272578000052,6.670045402000085],[11.495443467000086,6.600157993000039],[11.461665107000044,6.61111937700008],[11.412974387000077,6.5982579180000585],[11.433643291000067,6.554058697000073],[11.41803884300009,6.541849170000091],[11.427258598000037,6.534302774000082],[11.355741296000076,6.525094986000056],[11.349989449000077,6.500023319000093],[11.310965562000092,6.511381607000089],[11.279339372000038,6.537581265000085],[11.24736422400008,6.52665614600005],[11.20175686500005,6.535118528000055],[11.19987735400008,6.5148224290000485],[11.174152303000085,6.503623152000046],[11.14218889600005,6.507560848000082],[11.138113836000059,6.530292864000046],[11.11598445900006,6.514532159000055],[11.098301246000062,6.519983494000087],[11.092953401000045,6.680800150000039],[11.055106979000072,6.715259973000059],[11.029167554000082,6.714315634000059],[10.992916408000042,6.686943869000061],[10.945778785000073,6.686980666000068],[10.916178098000046,6.709104678000074],[10.910086892000038,6.766355709000038],[10.902248230000055,6.772592500000087],[10.89958071400008,6.763235061000046],[10.876497185000062,6.795603487000051],[10.823982345000047,6.828191927000091],[10.817158781000046,6.862961862000077],[10.837805724000077,6.938316415000088],[10.778804324000077,6.967179343000055],[10.764620766000064,6.9557854450000605],[10.738377251000088,6.988772187000052],[10.720053711000048,6.988820648000058],[10.683294292000085,7.0165175640000825],[10.67907110100009,7.039528584000038],[10.624244764000082,7.049905996000064],[10.59544289300004,7.077206938000074],[10.605774980000092,7.106097777000059],[10.595357208000053,7.147041521000062],[10.571193151000045,7.162520404000077],[10.55151276500004,6.976743358000078],[10.54152821100007,6.938915719000079],[10.499744112000087,6.915338742000074],[10.494807990000083,6.871825481000087],[10.21694758500007,6.8853096450000635],[10.172385056000053,6.942094420000046],[10.17892764700008,6.985681282000087],[10.16602406900006,7.0016662590000465],[10.176359317000049,7.0141900750000445],[10.15823778500004,7.0211267830000565],[10.154831449000085,7.038536995000072],[9.870275603000039,6.775676029000067],[9.805987762000086,6.790556934000051],[9.77286033300004,6.7808465280000405],[9.756675183000084,6.69557702700007],[9.765159965000066,6.679481330000044],[9.752167650000047,6.678338504000067],[9.70645031500004,6.512479059000043],[9.613797140000088,6.523801184000092],[9.602374056000087,6.529026601000055],[9.606478691000063,6.571820736000063],[9.646029472000066,6.738594055000078],[9.645699501000081,6.8948202130000595],[9.737985611000056,7.078073025000037],[9.824008942000091,7.172336102000088],[9.834555626000054,7.199362755000038],[9.824958801000037,7.254598141000088],[9.882676125000046,7.414256096000088],[9.884653091000075,7.507860184000037],[9.84576129900006,7.574437618000047],[9.74721336400006,7.654858112000056],[9.643062592000092,7.7998781200000735],[9.601534843000081,7.829541206000044],[9.386640549000049,7.84470272100009],[9.225141525000083,7.81833505600008],[9.130218506000062,7.788012981000065],[9.11571693400009,7.808447361000049],[9.186791420000077,7.9115085600000725],[9.33551788300008,7.9855079650000675],[9.415376663000075,8.061924934000047],[9.39255619000005,8.101754189000076],[9.386946678000072,8.148825645000045],[9.411823273000039,8.176929474000076],[9.329566956000065,8.236310005000064],[9.323423386000059,8.253451347000066],[9.36327648200006,8.340537071000085],[9.389717102000077,8.34910965000006],[9.48320674900009,8.306058884000038],[9.609673500000042,8.291272163000087],[9.620701790000055,8.385409355000093],[9.756654739000055,8.36734199500006],[9.86944675400008,8.431289673000038],[10.05182743100005,8.591742516000068],[10.224076271000058,8.784611702000063],[10.420206070000063,8.943953514000043],[10.463807106000047,8.963215828000045],[10.596746445000065,8.976116180000076],[10.637447357000042,9.055801392000092],[10.637916565000069,9.081773758000054],[10.623550415000068,9.099114418000056],[10.636119843000074,9.118977547000043],[10.613539696000089,9.148863792000043],[10.614236832000074,9.182785034000062],[10.580149651000056,9.245836258000054],[10.580260277000093,9.326922417000048],[10.559869766000077,9.351113319000092],[10.57894039200005,9.43883323700004],[10.516326904000039,9.510560989000055],[10.589106560000062,9.564007759000049],[10.684326172000056,9.542339325000057],[10.731177330000037,9.565208435000045],[10.770366669000055,9.605032921000088],[10.838215828000045,9.618465424000078]]]}},{"type":"Feature","properties":{"CNTRY_NAME":"Nigeria","CNTRY_CODE":"NGA","ADM1_NAME":"Yobe","ADM1_CODE":"NGA036","HRparent":"NG036","Shape_Leng":11.0650327559,"Shape_Area":3.72170068465,"id":"NG-YO","name":"Yobe","regionId":"NG-NE","regionName":"North East","regionColor":"#f3e8ff"},"geometry":{"type":"Polygon","coordinates":[[[11.174620000000061,13.376040000000046],[11.367589999000074,13.372070000000065],[11.52218999900009,13.353060000000085],[11.695589999000049,13.287010000000066],[11.875430000000051,13.249660000000063],[12.114129999000056,13.090330000000051],[12.186827967000056,13.109477067000057],[12.180107146000068,13.125948139000059],[12.18090221400007,13.117926455000088],[12.194844328000045,13.128120383000066],[12.23315015500009,13.106710920000069],[12.257336516000066,13.117746105000037],[12.282175050000092,13.079036269000085],[12.29500339200007,13.100408105000042],[12.339319486000079,13.07231416500008],[12.337422097000058,13.083393189000049],[12.353576112000042,13.078193713000076],[12.367696462000083,13.09262854700006],[12.367287631000067,13.081170832000055],[12.391314239000053,13.075248043000045],[12.402661324000064,13.015519142000073],[12.388464928000076,12.948946953000075],[12.360719681000091,12.896769524000092],[12.364452362000065,12.849178314000085],[12.48606681800004,12.68888187400006],[12.477259636000042,12.63992023500009],[12.444549561000088,12.612159729000041],[12.388899803000072,12.508009911000045],[12.260620117000087,12.420269966000092],[12.301569939000046,12.32073020900009],[12.303090096000062,12.218729973000052],[12.250635147000082,12.009166718000074],[12.248439789000088,11.798830032000069],[12.198980331000087,11.721870422000052],[12.170964241000092,11.636941910000075],[12.24934005700004,11.633480072000054],[12.269989967000072,11.621419907000075],[12.300889969000082,11.582570076000081],[12.324412346000088,11.498019218000081],[12.211500168000043,11.386230469000054],[12.191499710000073,11.307600021000042],[12.104789734000065,11.252129555000067],[12.114649773000053,11.15579032900007],[12.133480072000054,11.128470421000088],[12.146030426000038,11.070329666000077],[12.106809616000078,11.052160263000076],[12.035730362000038,11.063389778000044],[11.936550140000065,10.967020035000075],[11.626689911000085,10.866769791000081],[11.645750046000046,10.833259583000086],[11.690150261000042,10.831290245000048],[11.738360405000037,10.798660278000057],[11.721130371000072,10.74473953200004],[11.750519753000049,10.722310066000091],[11.768280029000039,10.680339813000046],[11.697649956000078,10.625760078000042],[11.561311722000085,10.591618538000091],[11.527589798000065,10.567634583000086],[11.512721062000082,10.585270882000088],[11.524185181000064,10.66000652300005],[11.516614914000058,10.73211288500005],[11.53907489800008,10.850962639000045],[11.52869510700009,10.938942909000048],[11.470545769000069,11.021645546000059],[11.36518955200006,11.127169609000077],[11.309089661000087,11.245059967000088],[11.29257965100004,11.253520012000081],[11.233460426000079,11.24458026900004],[11.150509834000047,11.270750046000046],[11.078680038000073,11.312479973000052],[10.978130341000053,11.292889595000076],[10.86180973100005,11.347620010000071],[10.850379944000053,11.364520073000051],[10.92775344800009,11.439344406000089],[10.924539566000078,11.651120186000071],[10.85783958400009,11.811229706000063],[10.830269814000076,11.824959755000066],[10.807009697000069,11.85649967200004],[10.812789917000089,11.916910172000087],[10.781640053000046,11.97867012000006],[10.785360336000053,12.075289726000051],[10.734119415000066,12.26143455500005],[10.724386215000038,12.451649666000037],[10.628729820000046,12.516180038000073],[10.590250015000038,12.522410393000087],[10.599430084000062,12.704950333000056],[10.574279785000044,12.759949684000048],[10.569840431000046,12.816909790000068],[10.538100243000088,12.829190254000082],[10.46440029100006,12.82254028300008],[10.366800308000052,12.861660004000044],[10.249859810000089,12.846429825000087],[10.269399643000042,12.881210327000076],[10.281550407000054,12.950440407000087],[10.246415138000089,13.030894279000051],[10.227869987000076,13.044210434000092],[10.147439957000074,13.00984001200004],[10.070269585000062,12.998550415000068],[9.955922127000065,12.960320473000081],[9.888009071000056,12.848959923000052],[9.84843158700005,12.826609612000084],[9.758449554000038,12.809399605000067],[9.658108711000068,12.809121132000087],[9.996530000000064,13.163270000000068],[10.20709000000005,13.267820000000086],[10.466420000000085,13.282500000000084],[10.669219999000063,13.356900000000053],[11.174620000000061,13.376040000000046]]]}},{"type":"Feature","properties":{"CNTRY_NAME":"Nigeria","CNTRY_CODE":"NGA","ADM1_NAME":"Zamfara","ADM1_CODE":"NGA037","HRparent":"NG037","Shape_Leng":9.38103690488,"Shape_Area":2.79285547921,"id":"NG-ZA","name":"Zamfara","regionId":"NG-NW","regionName":"North West","regionColor":"#f5f0ff"},"geometry":{"type":"Polygon","coordinates":[[[6.79199021800008,13.158609665000085],[6.928010000000086,12.989850000000047],[7.032051989000081,12.995428771000093],[7.039038658000038,12.92866134600007],[7.0231771470000695,12.831866264000041],[7.068321228000059,12.411334038000064],[7.1520876880000515,12.18004131300006],[7.141934395000078,12.13721561400007],[7.090689659000077,12.06400966600006],[7.14356136300006,12.01520443000004],[7.209447384000043,11.985108376000085],[7.216767788000084,11.958266258000037],[7.241857052000057,11.93330955500005],[7.204289913000082,11.908410072000038],[7.14356136300006,11.911088943000038],[7.133032322000076,11.868394852000051],[7.0545344350000505,11.800853729000039],[7.000390530000061,11.82048130000004],[6.896692276000067,11.794771194000077],[6.889426708000087,11.728490829000066],[6.851954460000059,11.620701790000055],[6.862773418000074,11.58258438100006],[6.90563964800009,11.540987968000081],[6.895878792000076,11.505198479000057],[6.907266617000062,11.475102425000046],[6.886931419000064,11.431178093000085],[6.888219357000082,11.383961678000048],[6.864155769000092,11.340076447000058],[6.828365803000054,11.307539940000083],[6.816164970000045,11.309980392000057],[6.75435113900005,11.262928009000063],[6.732985020000058,11.201883316000078],[6.7350201610000795,11.15372562400006],[6.706532001000085,11.117097855000054],[6.706532001000085,11.095393181000077],[6.688897133000069,11.094715118000067],[6.689575195000089,11.068262100000084],[6.645487309000089,11.048591614000088],[6.606825352000044,11.047235489000059],[6.575624466000079,11.02349567400006],[6.478630543000065,11.022138596000048],[6.463708401000076,11.00111198400009],[6.4338641170000415,11.003147125000055],[6.411480904000086,11.030278206000048],[6.328052521000075,11.02620887800009],[6.2771816250000825,10.965842247000069],[6.23716306700004,10.946171761000073],[6.207996845000082,10.86884784700004],[6.161300659000062,10.866134644000056],[6.148376465000069,10.950016022000057],[6.1194620130000885,10.995798111000056],[6.052797318000046,11.04318618800005],[6.015850544000045,11.137962341000048],[5.985329628000045,11.144387245000075],[5.962037086000066,11.12029171000006],[5.9548163410000825,11.130717278000077],[5.944269180000049,11.212216377000061],[5.969198227000049,11.259197235000045],[5.931804657000043,11.32056140900005],[5.937557697000045,11.330149651000056],[6.031520844000056,11.323437691000038],[6.04686164900005,11.333984375000057],[6.049737930000049,11.393430710000075],[6.019056320000061,11.473011971000062],[5.921257973000081,11.553551674000062],[5.856059074000086,11.64080333700008],[5.819306850000089,11.649385452000047],[5.76593112900008,11.69353771200008],[5.744837284000084,11.681073189000074],[5.730454922000092,11.694496155000081],[5.671967983000059,11.659978867000063],[5.5655403140000885,11.68299102800006],[5.524311543000067,11.662856102000092],[5.461813450000079,11.665992737000067],[5.443387985000072,11.702934265000067],[5.352876663000075,11.70446777300009],[5.298416615000065,11.786541939000074],[5.280007362000049,11.770433426000068],[5.23475170100005,11.769666672000085],[5.221711636000066,11.754325867000091],[5.172620773000062,11.783473969000056],[5.171086788000082,11.741286278000075],[5.138870716000042,11.722109795000051],[5.075205803000074,11.723644257000046],[5.0613989830000605,11.709070206000092],[4.99236488300005,11.741286278000075],[4.92930719900005,11.741137998000056],[4.956428988000084,12.029432571000086],[4.956428988000084,12.27051514100009],[4.98154175600007,12.300650463000068],[5.068934187000082,12.277546716000074],[5.218606283000042,12.285582802000079],[5.4375896170000715,12.253438459000051],[5.61253118500008,12.274415970000064],[5.653055668000093,12.292035103000046],[5.72608232500005,12.271005630000047],[5.761343479000061,12.367266655000037],[5.766942501000074,12.483442307000075],[5.686267376000046,12.729704857000058],[5.752245426000059,12.817273140000054],[5.8131327630000555,12.839669228000048],[5.837627888000043,12.834070206000092],[5.923010349000037,12.771082878000072],[6.020989895000071,12.736789703000056],[6.035686970000086,12.742388725000069],[6.04268550900008,12.750786781000045],[6.006457329000057,12.893908501000055],[6.024677753000049,12.965998650000074],[6.020317554000087,13.008504868000045],[6.101976395000065,13.059756279000055],[6.1515874860000395,13.07491493200007],[6.2542548180000495,13.031505585000048],[6.270175934000065,13.15623760200009],[6.3714456560000485,13.149765015000071],[6.502601624000079,13.081617355000049],[6.622907162000047,13.066769600000043],[6.682679176000079,13.083901405000063],[6.79199021800008,13.158609665000085]]]}}]}